customer_id,signup_date,last_purchase_date,gender,age,region,device_type,preferred_category,payment_method,total_orders,avg_order_value,total_spent,complaints_count,discount_used_percent,tenure_days,days_since_last_purchase,is_churned
3418,2024-03-24,2025-05-04,Female,33.0,South,Mobile,Beauty,Credit Card,7,79.9,533.59,0,40.6,463,57,0
3674,2022-03-01,2025-06-12,Male,41.0,North,Mobile,Beauty,Debit Card,8,64.05,514.18,0,59.6,1217,18,0
1138,2024-02-06,2025-05-18,Female,35.0,North,Mobile,Grocery,Debit Card,5,47.8,247.57,1,64.3,510,43,0
2078,2023-09-04,2025-04-21,Male,61.0,North,Desktop,Clothing,UPI,8,51.6,399.48,0,42.6,665,70,0
1556,2023-01-18,2025-04-19,Male,36.0,East,Mobile,Electronics,Debit Card,5,50.53,228.54,0,3.2,894,72,0
1137,2023-06-07,2025-02-02,Female,21.0,North,Mobile,Electronics,PayPal,9,50.78,509.15,0,75.8,754,148,1
4769,2023-10-19,2025-05-11,Female,54.0,South,Mobile,Clothing,Credit Card,7,71.73,450.84,1,95.5,620,50,0
1063,2023-04-23,2025-06-11,Female,62.0,West,Tablet,Books,PayPal,10,44.53,408.91,1,2.1,799,19,0
4956,2024-04-27,2025-05-23,Female,52.0,South,Mobile,Home & Kitchen,Credit Card,6,82.41,560.95,0,69.6,429,38,0
2423,2024-01-18,2025-05-25,Female,62.0,North,Mobile,Beauty,UPI,6,77.79,508.07,0,22.5,529,36,0
162,2023-04-06,2025-04-13,Female,30.0,South,Mobile,Electronics,Credit Card,10,50.54,575.33,1,40.6,816,78,0
1277,2022-06-06,2025-04-28,Male,45.0,East,Mobile,Beauty,Debit Card,7,70.35,487.33,0,96.0,1120,63,0
4431,2022-01-18,2025-04-10,Female,40.0,South,Desktop,Electronics,Credit Card,5,62.36,286.21,0,11.0,1259,81,0
2609,2023-09-02,2024-09-28,Female,43.0,Central,Desktop,Grocery,Cash on Delivery,4,80.54,306.16,0,31.2,667,275,1
1584,2022-04-28,2025-05-21,Female,53.0,East,Mobile,Electronics,Cash on Delivery,6,81.37,559.39,0,98.5,1159,40,0
3436,2024-11-25,2025-04-05,Male,47.0,Central,Desktop,Home & Kitchen,UPI,5,57.18,244.46,1,71.0,217,86,0
4321,2023-07-20,2025-05-13,Female,37.0,South,Desktop,Electronics,Debit Card,7,66.4,488.21,1,4.6,711,48,0
3154,2023-11-19,2024-04-13,Male,23.0,Central,Desktop,Beauty,UPI,3,57.88,163.62,0,18.0,589,443,1
3068,2024-08-24,2025-06-03,Female,45.0,East,Mobile,Clothing,UPI,8,33.64,241.6,0,63.9,310,27,0
4409,2023-07-17,2025-05-11,Male,49.0,Central,Desktop,Electronics,Credit Card,7,49.68,296.25,1,46.2,714,50,0
3611,2024-10-13,2025-03-05,Female,40.0,North,Desktop,Clothing,PayPal,11,37.26,455.39,1,76.3,260,117,1
3878,2022-11-26,2024-02-07,Female,56.0,West,Desktop,Home & Kitchen,Credit Card,6,47.57,249.92,0,86.5,947,509,1
3972,2022-08-31,2025-06-28,Female,55.0,South,Desktop,Beauty,PayPal,9,110.9,1079.85,1,17.4,1034,2,0
4816,2023-09-15,2025-05-07,Female,24.0,South,Mobile,Clothing,Credit Card,9,21.09,167.89,0,92.5,654,54,0
173,2022-03-06,2024-05-15,Female,33.0,West,Mobile,Home & Kitchen,Cash on Delivery,6,59.46,347.94,0,100.0,1212,411,1
2407,2022-10-06,2024-07-19,Male,58.0,East,Desktop,Grocery,,5,53.1,300.61,1,97.3,998,346,1
962,2023-03-25,2025-05-02,Female,26.0,West,Desktop,Electronics,PayPal,8,51.83,416.11,0,49.2,828,59,0
3088,2023-12-22,2025-05-14,Male,62.0,North,Mobile,Clothing,Debit Card,5,103.97,463.74,0,61.0,556,47,0
4352,2023-05-28,2024-10-02,Female,62.0,North,Desktop,Home & Kitchen,UPI,2,71.26,136.92,1,31.3,764,271,1
4731,2024-09-26,2025-01-15,Male,36.0,North,Desktop,Sports,Credit Card,4,36.92,134.85,2,84.2,277,166,1
2777,2022-05-26,2025-06-16,Male,58.0,Central,Desktop,Electronics,Credit Card,11,49.9,550.94,1,55.5,1131,14,0
2808,2022-06-11,2025-05-31,Male,31.0,South,Mobile,Grocery,Debit Card,9,36.2,295.94,1,24.6,1115,30,0
3784,2024-06-05,2025-04-24,Female,49.0,Central,Mobile,Clothing,Cash on Delivery,7,44.87,360.15,1,35.9,390,67,0
4985,2024-07-10,2025-06-21,Female,57.0,Central,Mobile,Home & Kitchen,Debit Card,8,68.56,508.56,0,51.4,355,9,0
682,2023-08-06,2023-12-13,Male,42.0,South,Tablet,Electronics,Credit Card,7,57.68,344.76,1,17.4,694,565,1
4644,2022-02-15,2025-05-02,Male,52.0,Central,Desktop,Grocery,Credit Card,10,47.71,479.2,0,54.1,1231,59,0
2533,2022-08-22,2025-05-18,Male,56.0,West,Mobile,Home & Kitchen,Debit Card,5,59.97,272.81,1,58.1,1043,43,0
3987,2024-03-20,2025-06-22,Male,62.0,South,Tablet,Clothing,Debit Card,13,50.37,671.55,0,75.9,467,8,0
910,2022-04-25,2025-05-09,Male,38.0,West,Desktop,Books,Credit Card,6,28.46,174.17,0,34.0,1162,52,0
3850,2022-04-07,2025-05-11,Male,31.0,East,Desktop,Electronics,UPI,6,33.16,228.63,0,38.0,1180,50,0
4138,2024-09-24,2024-11-11,Male,40.0,East,Desktop,Books,Debit Card,8,78.38,630.3,0,97.7,279,231,1
146,2022-09-20,2025-06-13,Male,37.0,South,Desktop,Clothing,Credit Card,6,45.78,246.65,0,86.9,1014,17,0
2348,2024-06-29,2024-09-27,Male,64.0,North,Desktop,Grocery,PayPal,10,103.48,1137.05,1,53.1,366,276,1
3755,2024-02-05,2025-06-08,Male,46.0,South,Tablet,Beauty,Credit Card,11,122.78,1360.64,0,20.1,511,22,0
79,2023-10-07,2024-04-28,Male,25.0,East,Desktop,Clothing,Debit Card,4,37.49,137.1,0,67.3,632,428,1
2316,2024-06-14,2025-03-03,Male,34.0,West,Tablet,Electronics,UPI,8,48.1,403.18,0,57.3,381,119,1
673,2022-09-17,2024-08-02,Male,41.0,East,Desktop,Home & Kitchen,Credit Card,4,49.19,201.9,1,57.0,1017,332,1
4424,2024-03-17,2024-08-20,,19.0,South,Mobile,Clothing,Debit Card,8,42.77,386.59,0,79.6,470,314,1
4619,2022-06-12,2023-11-21,Male,29.0,North,Desktop,Grocery,Debit Card,7,27.63,196.27,0,59.4,1114,587,1
1190,2024-02-10,2024-06-25,Female,26.0,South,Mobile,Home & Kitchen,Debit Card,7,27.94,224.33,2,19.6,506,370,1
475,2023-05-05,2025-04-01,Female,20.0,South,Mobile,Clothing,PayPal,11,64.17,680.91,2,87.0,787,90,0
2510,2024-08-04,2025-05-01,Female,47.0,East,Desktop,Grocery,Cash on Delivery,7,13.57,85.63,0,11.7,330,60,0
1263,2022-06-30,2025-04-27,Male,36.0,West,Desktop,Grocery,Debit Card,10,29.59,278.15,0,17.4,1096,64,0
1146,2022-07-17,2023-12-18,Female,55.0,West,Mobile,Books,Debit Card,8,37.57,322.75,0,29.1,1079,560,1
1123,2022-08-23,2025-03-06,Female,50.0,Central,Tablet,Clothing,PayPal,7,32.1,237.38,0,6.2,1042,116,1
3397,2024-04-18,2025-04-19,Female,20.0,North,Tablet,Electronics,Cash on Delivery,5,69.51,333.04,1,29.1,438,72,0
4504,2024-11-11,2024-11-17,Male,18.0,Central,Desktop,Home & Kitchen,UPI,6,33.76,204.25,0,64.8,231,225,1
2866,2022-01-26,2023-12-03,Female,45.0,North,Desktop,Grocery,Debit Card,8,30.72,223.94,0,40.9,1251,575,1
196,2022-05-05,2025-02-09,Male,54.0,East,Mobile,Clothing,Credit Card,7,55.27,433.14,0,86.0,1152,141,1
2124,2024-05-24,2024-10-10,Male,54.0,Central,Tablet,Clothing,Debit Card,8,35.75,277.78,0,49.1,402,263,1
1671,2022-09-20,2025-05-11,Male,28.0,Central,Mobile,Clothing,UPI,7,40.51,270.92,1,18.3,1014,50,0
2736,2022-10-20,2025-06-18,Female,43.0,North,Mobile,Grocery,Debit Card,12,77.9,889.57,0,45.3,984,12,0
740,2022-11-02,2025-04-20,Male,19.0,South,Mobile,Electronics,Credit Card,3,52.83,137.83,2,60.5,971,71,0
3602,2023-02-14,2025-06-22,Female,21.0,Central,Tablet,Books,Credit Card,4,64.46,251.14,2,98.9,867,8,0
3781,2022-01-09,2024-03-15,Male,63.0,South,Mobile,Grocery,PayPal,7,30.82,212.86,1,43.5,1268,472,1
4285,2022-01-11,2025-06-20,Female,50.0,West,Mobile,Sports,Debit Card,12,34.59,364.54,0,47.0,1266,10,0
4196,2024-07-17,2025-06-06,Male,31.0,West,Mobile,Grocery,Cash on Delivery,7,15.81,102.26,0,29.4,348,24,0
771,2024-06-24,2025-06-29,Male,22.0,North,Mobile,Beauty,UPI,3,114.54,297.02,0,97.5,371,1,0
1948,2024-07-19,2025-02-17,Male,27.0,West,Mobile,Beauty,Credit Card,8,84.42,607.55,2,20.8,346,133,1
4907,2022-01-24,2024-05-14,Female,61.0,North,Desktop,Sports,Debit Card,4,41.92,171.64,0,43.6,1253,412,1
1838,2022-04-16,2025-05-15,Male,58.0,North,Desktop,Beauty,Debit Card,13,25.17,308.79,0,37.2,1171,46,0
4301,2022-04-28,2025-06-13,Male,28.0,South,Mobile,Clothing,Credit Card,3,43.03,129.65,0,83.1,1159,17,0
4399,2022-08-07,2025-06-05,Male,58.0,South,Desktop,Clothing,Credit Card,7,64.82,509.35,1,67.9,1058,25,0
3502,2023-11-13,2025-04-04,Female,19.0,Central,Tablet,Grocery,PayPal,7,40.55,314.17,1,77.6,595,87,0
2906,2024-01-25,2025-06-05,Male,35.0,Central,Mobile,Grocery,PayPal,9,79.58,757.89,1,12.1,522,25,0
1936,2022-12-27,2024-05-14,Female,50.0,Central,Desktop,Sports,Credit Card,11,35.92,409.58,1,74.1,916,412,1
700,2022-06-24,2025-06-23,Female,45.0,South,Desktop,Books,Credit Card,5,35.15,172.69,1,11.3,1102,7,0
2535,2024-09-29,2025-02-26,Female,23.0,South,Mobile,Grocery,PayPal,5,19.0,86.85,0,95.5,274,124,1
4839,2024-10-30,2025-04-03,Male,62.0,North,Mobile,Beauty,UPI,2,35.55,79.39,0,99.9,243,88,0
2918,2022-01-03,2025-03-13,Female,55.0,East,Mobile,Books,Debit Card,8,60.42,497.72,0,98.8,1274,109,1
1264,2024-06-13,2025-06-02,Male,54.0,South,Mobile,Grocery,UPI,7,18.09,111.18,1,78.1,382,28,0
3717,2022-06-11,2025-06-17,Male,26.0,Central,Mobile,Electronics,Debit Card,13,84.55,969.53,0,64.2,1115,13,0
4863,2024-11-26,2025-03-03,Male,20.0,South,Mobile,Electronics,Credit Card,5,80.52,369.51,0,98.7,216,119,1
3061,2023-01-04,2025-04-23,Male,51.0,Central,Mobile,Beauty,Debit Card,4,36.62,131.83,1,61.3,908,68,0
1721,2024-05-01,2025-03-10,Male,23.0,West,Mobile,Grocery,Credit Card,6,57.61,303.7,1,35.3,425,112,1
2623,2023-02-28,2025-04-16,Male,35.0,North,Mobile,Home & Kitchen,PayPal,4,47.95,164.85,0,57.8,853,75,0
1628,2022-09-09,2025-05-18,Female,49.0,Central,Mobile,Grocery,Credit Card,4,105.35,399.21,0,80.8,1025,43,0
1919,2022-10-09,2025-04-01,Male,28.0,South,Mobile,Home & Kitchen,Credit Card,8,13.37,93.18,1,48.3,995,90,0
2757,2023-05-23,2025-05-23,Male,58.0,East,Desktop,Clothing,Credit Card,8,75.48,598.31,0,33.3,769,38,0
4614,2022-12-01,2025-05-20,Male,62.0,Central,Desktop,Clothing,Debit Card,7,63.02,388.25,1,55.3,942,41,0
1700,2023-11-23,2025-06-22,Female,38.0,South,Mobile,Grocery,Cash on Delivery,5,25.45,125.2,1,66.7,585,8,0
2839,2022-09-17,2025-05-06,Female,63.0,South,Desktop,Electronics,UPI,6,54.33,278.55,0,4.6,1017,55,0
681,2022-01-26,2023-07-30,Female,61.0,East,Mobile,Home & Kitchen,UPI,3,26.64,82.16,1,25.2,1251,701,1
1546,2022-04-08,2025-05-18,Female,40.0,North,Mobile,Electronics,Debit Card,7,24.65,158.8,0,56.5,1179,43,0
4338,2024-04-07,2025-01-02,Female,50.0,North,Tablet,Sports,Credit Card,6,60.88,352.6,0,97.5,449,179,1
450,2024-05-20,2025-04-23,Male,38.0,East,Mobile,Clothing,Credit Card,6,27.42,150.38,0,12.7,406,68,0
2273,2022-03-06,2025-04-29,Female,18.0,Central,Mobile,Clothing,Credit Card,8,51.4,417.3,0,78.8,1212,62,0
1079,2022-02-02,2025-05-10,Male,64.0,North,Desktop,Electronics,PayPal,7,51.6,333.22,0,9.0,1244,51,0
3640,2022-08-26,2025-06-17,Male,55.0,West,Mobile,Sports,PayPal,4,50.97,195.29,1,90.2,1039,13,0
1882,2024-09-28,2025-03-07,Female,27.0,East,Mobile,Home & Kitchen,Credit Card,8,94.58,805.69,1,82.6,275,115,1
2472,2024-10-21,2025-04-15,Female,33.0,South,Mobile,Clothing,UPI,10,100.53,1082.56,0,94.7,252,76,0
3743,2023-11-11,2025-06-12,Female,54.0,East,Mobile,Home & Kitchen,Credit Card,6,27.93,173.03,0,1.6,597,18,0
3736,2023-02-28,2024-03-25,Male,50.0,East,Desktop,Books,UPI,8,45.34,394.5,0,33.3,853,462,1
4438,2023-06-16,2025-05-30,Female,46.0,Central,Mobile,Home & Kitchen,Credit Card,3,59.32,199.6,1,54.5,745,31,0
2763,2023-09-10,2025-05-18,Female,19.0,West,Desktop,Grocery,Credit Card,10,78.71,698.62,0,5.1,659,43,0
3354,2024-11-03,2025-04-20,Female,54.0,East,Mobile,Beauty,PayPal,8,23.96,210.03,0,62.1,239,71,0
2450,2024-01-07,2025-05-14,Male,19.0,West,Mobile,Sports,Cash on Delivery,6,97.89,642.12,0,3.8,540,47,0
2361,2022-07-03,2025-05-23,Male,37.0,East,Mobile,Electronics,Debit Card,8,35.6,319.89,0,84.8,1093,38,0
1570,2022-06-13,2025-06-09,Male,44.0,Central,Desktop,Electronics,UPI,9,45.44,406.55,0,58.6,1113,21,0
4556,2023-09-26,2025-06-25,Female,53.0,North,Mobile,Electronics,Debit Card,6,71.08,393.69,0,70.1,643,5,0
2672,2024-10-10,2025-01-14,Male,30.0,Central,Mobile,Sports,Debit Card,10,37.27,398.01,2,90.0,263,167,1
1060,2022-05-21,2025-05-04,Female,39.0,East,Mobile,Clothing,UPI,14,38.46,479.13,0,79.2,1136,57,0
2999,2022-09-06,2024-08-10,Male,63.0,East,Mobile,Home & Kitchen,UPI,8,56.47,426.09,0,96.8,1028,324,1
747,2023-08-15,2025-04-02,Male,42.0,North,Desktop,Clothing,Debit Card,4,47.74,166.97,0,49.0,685,89,0
2274,2022-07-11,2025-06-28,Female,23.0,South,Mobile,Beauty,Credit Card,5,44.47,209.55,1,40.3,1085,2,0
1599,2024-02-24,2025-05-14,Male,23.0,West,Mobile,Electronics,Credit Card,5,49.13,272.48,0,84.0,492,47,0
2175,2023-02-23,2024-12-27,Male,23.0,East,Mobile,Clothing,UPI,11,47.09,482.04,0,67.9,858,185,1
5,2023-04-03,2025-04-02,Male,23.0,East,Mobile,Books,Cash on Delivery,11,21.89,234.6,0,67.9,819,89,0
2030,2024-09-28,2024-10-23,Female,38.0,East,Desktop,Electronics,Debit Card,10,16.85,152.39,0,38.7,275,250,1
2701,2022-12-05,2025-04-26,Female,19.0,West,Mobile,Beauty,UPI,12,46.68,563.07,2,17.2,938,65,0
1366,2022-06-23,2024-08-22,Male,62.0,West,Desktop,Home & Kitchen,Credit Card,11,58.31,616.88,1,53.5,1103,312,1
4444,2023-12-04,2025-04-01,Male,19.0,Central,Desktop,Clothing,,3,69.64,200.08,0,11.9,574,90,0
1403,2024-01-17,2025-06-03,Male,38.0,West,Mobile,Books,UPI,5,32.35,179.26,2,0.5,530,27,0
4363,2023-06-13,2025-06-20,Female,43.0,East,Desktop,Clothing,UPI,9,29.31,293.26,0,20.3,748,10,0
2186,2024-01-07,2024-08-25,Female,18.0,Central,Mobile,Electronics,PayPal,2,85.43,166.59,2,67.3,540,309,1
4221,2024-12-05,2025-02-18,Male,59.0,West,Desktop,Electronics,Credit Card,8,41.7,322.17,0,69.6,207,132,1
761,2023-05-28,2025-06-06,Male,39.0,South,Mobile,Home & Kitchen,UPI,4,30.18,106.15,0,6.5,764,24,0
2870,2024-01-16,2024-05-05,Male,30.0,West,Mobile,Clothing,PayPal,4,61.7,231.29,0,38.6,531,421,1
3414,2023-03-23,2025-05-18,Male,63.0,South,Mobile,Clothing,Cash on Delivery,8,89.43,757.87,1,73.2,830,43,0
2767,2023-01-22,2025-01-10,Female,45.0,East,Mobile,Home & Kitchen,PayPal,4,32.65,140.6,0,13.4,890,171,1
975,2023-11-01,2025-01-21,Male,19.0,South,Mobile,Beauty,UPI,3,53.44,166.15,1,36.1,607,160,1
84,2022-10-20,2025-04-08,Male,31.0,East,Mobile,Beauty,Cash on Delivery,8,18.64,161.31,0,22.9,984,83,0
4053,2024-01-07,2025-06-12,Female,31.0,West,Mobile,Home & Kitchen,Credit Card,6,23.49,158.31,0,60.9,540,18,0
2563,2024-09-23,2024-11-09,Male,30.0,Central,Mobile,Grocery,PayPal,2,29.28,53.52,0,71.1,280,233,1
388,2024-06-12,2025-06-30,Male,54.0,North,Tablet,Grocery,Debit Card,6,35.25,205.64,0,73.2,383,0,0
758,2022-03-23,2024-10-05,Female,23.0,Central,Mobile,Electronics,PayPal,9,40.71,365.45,0,90.8,1195,268,1
1115,2023-10-28,2023-11-19,Female,49.0,West,Mobile,Clothing,Cash on Delivery,5,69.64,349.08,0,94.4,611,589,1
1167,2024-01-23,2025-03-06,Female,26.0,South,Mobile,Electronics,PayPal,7,108.17,745.99,0,74.8,524,116,1
1194,2022-11-19,2025-06-25,Female,48.0,North,Mobile,Beauty,UPI,7,31.82,220.14,0,53.3,954,5,0
733,2022-05-26,2024-06-03,Female,20.0,North,Desktop,Home & Kitchen,Cash on Delivery,8,71.7,596.29,1,12.4,1131,392,1
3970,2022-02-04,2024-05-02,Male,28.0,East,Tablet,Sports,PayPal,6,47.99,306.04,1,77.7,1242,424,1
4293,2023-03-31,2025-05-13,Female,33.0,South,Mobile,Home & Kitchen,Cash on Delivery,6,38.91,225.53,2,71.0,822,48,0
4716,2024-08-31,2024-09-08,Male,34.0,North,Mobile,Electronics,UPI,5,84.58,461.64,0,72.7,303,295,1
2762,2022-02-24,2024-07-03,Male,42.0,Central,Mobile,Books,Credit Card,7,50.78,371.17,0,12.8,1222,362,1
4561,2022-09-16,2025-05-13,Female,33.0,South,Mobile,Clothing,Cash on Delivery,12,34.96,361.21,0,91.4,1018,48,0
403,2024-04-04,2025-06-03,Female,21.0,South,Mobile,Books,UPI,5,33.33,183.05,0,19.4,452,27,0
214,2022-01-31,2025-05-04,Male,22.0,East,Desktop,Beauty,Debit Card,9,54.82,560.34,0,15.5,1246,57,0
2887,2023-01-03,2025-04-14,Female,30.0,North,Mobile,Clothing,UPI,5,69.73,324.59,0,78.5,909,77,0
696,2022-04-20,2025-05-20,Female,58.0,North,Desktop,Beauty,Debit Card,10,40.39,427.49,0,40.8,1167,41,0
616,2024-09-25,2024-12-01,Female,59.0,East,Mobile,Clothing,Debit Card,11,63.85,708.91,0,83.2,278,211,1
1699,2022-12-17,2025-05-19,Female,39.0,East,Mobile,Home & Kitchen,UPI,8,71.6,536.91,1,12.4,926,42,0
195,2022-07-21,2023-10-20,Male,30.0,North,Mobile,Grocery,PayPal,7,106.1,694.19,0,52.2,1075,619,1
3673,2024-01-05,2024-06-27,Female,24.0,East,Desktop,Grocery,PayPal,10,30.92,334.4,1,19.6,542,368,1
4664,2022-03-06,2025-06-02,Female,46.0,North,Desktop,Clothing,Cash on Delivery,12,27.38,333.45,0,40.5,1212,28,0
4601,2024-09-04,2025-04-07,Male,36.0,North,Mobile,Books,Credit Card,5,21.88,104.53,0,49.8,299,84,0
2433,2024-04-17,2025-06-28,Other,41.0,East,Tablet,Sports,UPI,7,31.8,200.44,0,28.4,439,2,0
2538,2024-03-06,2025-04-01,Male,24.0,North,Mobile,Books,UPI,5,37.33,168.98,0,76.6,481,90,0
2202,2024-05-05,2024-05-16,Male,26.0,East,Mobile,Clothing,Credit Card,7,51.22,387.29,4,59.2,421,410,1
2737,2022-05-21,2025-05-02,Other,64.0,West,Mobile,Grocery,Credit Card,9,31.66,265.13,1,0.1,1136,59,0
2014,2024-12-12,2025-06-01,Male,48.0,East,Mobile,Grocery,PayPal,4,55.5,243.38,0,50.0,200,29,0
3257,2024-04-27,2025-06-24,Female,43.0,South,Mobile,Home & Kitchen,Debit Card,11,85.71,1004.63,0,76.3,429,6,0
2639,2023-07-22,2025-04-12,Female,63.0,South,Mobile,Home & Kitchen,UPI,6,41.3,231.05,1,52.3,709,79,0
471,2023-05-22,2025-06-16,Male,38.0,North,Tablet,Electronics,UPI,8,15.36,140.83,0,25.7,770,14,0
887,2023-11-25,2024-03-17,Female,54.0,Central,Desktop,Electronics,UPI,9,34.98,357.27,0,41.7,583,470,1
2195,2023-10-03,2025-04-07,Male,46.0,Central,Desktop,Grocery,Credit Card,5,46.93,244.97,0,42.2,636,84,0
1894,2022-03-28,2025-05-26,Male,49.0,North,Mobile,Grocery,PayPal,6,52.42,273.28,1,15.0,1190,35,0
4435,2022-07-26,2025-06-23,Male,35.0,North,Mobile,Home & Kitchen,UPI,9,21.45,170.49,0,6.9,1070,7,0
2040,2022-04-29,2025-04-07,Male,52.0,East,Mobile,Beauty,Credit Card,9,44.17,358.53,0,25.6,1158,84,0
2686,2022-11-20,2025-05-12,Male,42.0,East,Desktop,Sports,Debit Card,6,56.97,328.97,2,87.7,953,49,0
1059,2023-02-25,2025-05-29,Male,22.0,Central,Tablet,Clothing,Credit Card,6,34.91,193.89,0,92.9,856,32,0
2683,2024-07-30,2025-02-08,Male,18.0,West,Mobile,Electronics,PayPal,8,54.1,491.25,1,73.2,335,142,1
2417,2024-10-02,2025-06-13,Male,60.0,East,Mobile,Clothing,UPI,8,46.5,412.57,0,56.5,271,17,0
1499,2024-12-08,2025-04-12,Male,63.0,North,Mobile,Home & Kitchen,Credit Card,9,100.54,1015.0,0,16.9,204,79,0
4538,2022-06-13,2025-05-13,Female,50.0,East,Mobile,Grocery,UPI,5,43.68,215.88,1,23.4,1113,48,0
1033,2024-09-29,2025-05-28,Male,56.0,North,Mobile,Grocery,Credit Card,10,29.67,293.23,0,49.1,274,33,0
3808,2023-03-22,2024-10-30,Male,36.0,East,Mobile,Electronics,UPI,10,31.68,334.65,4,81.1,831,243,1
4868,2023-03-31,2025-04-16,Male,56.0,East,Mobile,Electronics,UPI,8,39.46,269.85,0,27.3,822,75,0
2780,2024-01-10,2025-04-08,Male,49.0,South,Desktop,Clothing,PayPal,8,48.54,428.43,0,91.1,537,83,0
3294,2024-11-30,2025-03-20,Female,45.0,North,Mobile,Sports,UPI,12,43.53,559.29,0,54.0,212,102,1
1129,2023-11-26,2025-04-22,Male,31.0,West,Mobile,Home & Kitchen,UPI,7,34.66,270.35,0,29.3,582,69,0
4355,2024-09-17,2025-01-13,Female,63.0,East,Mobile,Home & Kitchen,Credit Card,5,128.78,636.68,0,88.1,286,168,1
651,2023-05-30,2025-05-02,Male,34.0,North,Tablet,Sports,Credit Card,8,26.82,230.09,0,38.4,762,59,0
4228,2024-09-14,2024-12-22,Female,33.0,West,Mobile,Home & Kitchen,Credit Card,5,26.47,142.58,0,39.7,289,190,1
1747,2024-05-06,2025-02-25,Male,23.0,South,Desktop,Electronics,Cash on Delivery,3,25.31,68.6,0,36.6,420,125,1
1874,2023-01-29,2025-05-01,Female,46.0,Central,Tablet,Grocery,Debit Card,7,97.98,756.9,0,48.7,883,60,0
3849,2023-08-13,2024-08-03,Female,24.0,East,Tablet,Clothing,Credit Card,8,24.65,191.86,1,62.4,687,331,1
3365,2024-07-23,2025-05-14,Female,27.0,South,Desktop,Beauty,UPI,7,37.17,283.4,0,14.6,342,47,0
1789,2024-03-02,2024-05-29,Male,44.0,West,Tablet,Electronics,Debit Card,2,32.49,57.79,0,55.8,485,397,1
2656,2024-11-21,2025-01-25,Male,34.0,North,Mobile,Grocery,PayPal,3,92.83,311.15,0,35.1,221,156,1
2359,2022-07-31,2025-06-19,Female,38.0,South,Desktop,Home & Kitchen,Cash on Delivery,4,79.27,349.28,1,14.2,1065,11,0
1808,2022-10-08,2024-03-15,Male,55.0,East,Desktop,Home & Kitchen,UPI,8,112.81,945.6,0,5.4,996,472,1
3549,2023-11-23,2025-05-04,Male,40.0,Central,Mobile,Grocery,UPI,6,34.25,187.5,0,97.5,585,57,0
2227,2022-01-14,2025-05-02,Male,32.0,Central,Mobile,Clothing,Cash on Delivery,6,78.58,460.63,2,7.4,1263,59,0
4297,2024-02-27,2025-05-31,Male,64.0,Central,Tablet,Clothing,Debit Card,4,149.63,525.79,0,66.0,489,30,0
4186,2024-09-13,2025-05-14,Female,37.0,North,Desktop,Beauty,UPI,6,54.52,322.43,0,98.1,290,47,0
1848,2022-02-08,2025-06-02,Male,33.0,East,Desktop,Electronics,UPI,8,46.15,364.96,2,16.1,1238,28,0
3401,2024-08-28,2024-12-20,Male,19.0,North,Mobile,Clothing,UPI,6,21.25,133.08,0,31.0,306,192,1
2753,2023-12-21,2025-03-08,Male,36.0,South,Desktop,Electronics,Debit Card,9,18.1,140.86,0,50.1,557,114,1
4122,2024-12-03,2024-12-26,Female,39.0,North,Desktop,Electronics,Credit Card,4,71.87,248.07,0,74.3,209,186,1
1522,2023-11-25,2025-04-11,Female,22.0,West,Mobile,Clothing,UPI,7,40.04,241.95,0,22.6,583,80,0
4965,2022-12-13,2025-06-14,Female,47.0,East,Tablet,Home & Kitchen,Debit Card,6,82.95,458.26,0,26.5,930,16,0
4957,2024-05-17,2025-06-03,Male,56.0,East,Mobile,Grocery,UPI,6,28.31,189.52,1,3.4,409,27,0
3711,2022-04-14,2025-05-19,Male,29.0,West,Mobile,Home & Kitchen,PayPal,4,23.5,97.32,0,49.2,1173,42,0
3760,2022-10-15,2025-04-21,Female,21.0,East,Desktop,Electronics,Debit Card,5,43.74,187.42,0,10.5,989,70,0
3978,2024-01-03,2025-04-19,Female,48.0,West,Desktop,Grocery,UPI,5,39.7,181.69,0,37.8,544,72,0
139,2023-05-09,2025-05-01,Male,38.0,South,Mobile,Beauty,Cash on Delivery,3,26.75,90.26,0,35.8,783,60,0
3361,2023-02-16,2025-01-05,Female,49.0,North,Mobile,Beauty,UPI,6,58.83,370.51,0,25.6,865,176,1
4741,2023-05-29,2025-04-02,Female,18.0,West,Desktop,Grocery,Cash on Delivery,10,38.49,429.19,0,72.0,763,89,0
2200,2022-02-03,2025-05-10,Male,41.0,West,Desktop,Home & Kitchen,PayPal,4,133.04,555.78,0,23.4,1243,51,0
3272,2022-10-29,2025-05-30,Male,51.0,North,Tablet,Home & Kitchen,Credit Card,8,63.14,490.3,0,22.5,975,31,0
3250,2023-04-09,2025-06-15,Female,58.0,South,Mobile,Books,PayPal,7,64.71,517.26,1,39.3,813,15,0
719,2023-05-07,2024-05-11,Male,27.0,East,Mobile,Beauty,Credit Card,6,36.1,198.86,0,52.4,785,415,1
767,2022-03-24,2025-05-25,Female,54.0,North,Desktop,Clothing,Cash on Delivery,10,58.8,640.69,1,97.2,1194,36,0
1985,2023-11-07,2025-06-22,Male,39.0,East,Desktop,Sports,Cash on Delivery,10,56.42,629.98,1,92.3,601,8,0
4341,2022-12-25,2024-09-03,Male,46.0,South,Mobile,Clothing,UPI,6,81.22,548.68,0,19.6,918,300,1
1917,2024-08-25,2025-06-03,Female,63.0,South,Mobile,Clothing,UPI,8,30.71,256.9,0,28.7,309,27,0
3547,2024-12-01,2025-05-08,Male,48.0,Central,Mobile,Electronics,PayPal,10,46.55,458.6,0,95.0,211,53,0
3261,2024-12-06,2024-12-25,Male,31.0,North,Mobile,Clothing,Credit Card,9,45.52,459.31,1,4.5,206,187,1
3544,2023-09-03,2025-06-02,Male,60.0,North,Desktop,Grocery,UPI,6,80.8,544.08,0,5.8,666,28,0
2988,2023-09-05,2025-05-27,Female,55.0,West,Mobile,Grocery,Debit Card,8,80.87,638.18,0,75.6,664,34,0
3158,2023-03-06,2025-06-12,Male,49.0,North,Mobile,Grocery,PayPal,5,50.39,284.07,0,56.5,847,18,0
1261,2024-07-31,2024-12-29,Male,58.0,West,Mobile,Sports,PayPal,11,108.03,1313.28,0,68.7,334,183,1
679,2024-10-02,2025-06-16,Female,52.0,Central,Mobile,Sports,PayPal,9,59.48,478.63,0,9.0,271,14,0
2821,2024-06-08,2025-01-12,Female,20.0,East,Desktop,Grocery,Credit Card,6,49.3,326.05,0,8.4,387,169,1
2463,2023-06-14,2025-06-04,Female,50.0,East,Mobile,Grocery,Debit Card,9,83.63,849.68,0,74.2,747,26,0
4818,2023-03-19,2025-06-23,Female,36.0,South,Desktop,Beauty,UPI,9,30.76,291.42,0,89.8,834,7,0
532,2023-06-17,2025-06-28,Other,29.0,East,Mobile,Grocery,PayPal,9,53.37,522.7,0,47.0,744,2,0
665,2023-02-02,2025-04-03,Male,26.0,East,Tablet,Beauty,Credit Card,7,40.93,268.5,2,28.6,879,88,0
2167,2023-11-13,2024-12-12,Female,,Central,Mobile,Grocery,Credit Card,2,23.94,52.16,0,94.3,595,200,1
4760,2024-01-22,2025-05-19,Other,52.0,East,Mobile,Electronics,PayPal,3,62.73,186.2,0,12.4,525,42,0
4813,2024-12-19,2025-06-17,Male,62.0,Central,Desktop,Clothing,Credit Card,7,62.89,453.54,1,27.5,193,13,0
208,2024-08-05,2025-06-24,Female,57.0,Central,Mobile,Beauty,Credit Card,6,39.03,213.65,1,42.2,329,6,0
832,2024-09-15,2024-09-23,Male,56.0,South,Desktop,Grocery,Debit Card,3,78.5,268.27,0,20.2,288,280,1
4893,2022-12-21,2025-04-17,Female,28.0,North,Mobile,Clothing,PayPal,10,72.55,732.95,0,74.4,922,74,0
3077,2024-12-28,2025-06-28,Female,50.0,South,Desktop,Books,Credit Card,7,97.27,683.25,3,25.2,184,2,0
3086,2024-01-05,2025-02-03,Female,36.0,East,Mobile,Home & Kitchen,PayPal,10,25.07,250.0,0,37.0,542,147,1
1321,2024-02-27,2024-06-05,Male,52.0,North,Tablet,Grocery,Credit Card,11,33.15,388.57,1,21.4,489,390,1
4489,2023-11-17,2025-05-17,Female,64.0,Central,Desktop,Clothing,Debit Card,5,51.76,284.65,1,84.4,591,44,0
276,2023-03-13,2023-12-18,Female,59.0,South,Desktop,Electronics,Credit Card,10,74.2,750.85,0,97.2,840,560,1
4171,2024-11-15,2025-03-19,Male,35.0,North,Desktop,Beauty,Credit Card,6,35.11,221.74,1,49.9,227,103,1
4505,2024-09-25,2025-05-08,Female,25.0,North,Tablet,Clothing,UPI,7,103.22,795.28,0,99.4,278,53,0
3491,2022-11-05,2024-02-20,Male,54.0,North,Desktop,Electronics,Credit Card,8,56.04,409.95,0,74.2,968,496,1
1460,2022-10-09,2023-09-06,Female,19.0,Central,Mobile,Grocery,Credit Card,3,61.28,164.12,0,89.6,995,663,1
639,2023-05-14,2024-04-09,Male,31.0,East,Mobile,Clothing,UPI,5,65.15,290.08,0,29.1,778,447,1
4608,2024-02-05,2025-04-10,Male,56.0,Central,Mobile,Home & Kitchen,Debit Card,5,40.33,202.59,3,58.8,511,81,0
2212,2023-06-12,2025-04-28,Female,54.0,South,Mobile,Beauty,PayPal,5,73.61,372.8,1,95.1,749,63,0
4087,2024-11-11,2025-06-18,Male,24.0,Central,Mobile,Home & Kitchen,PayPal,12,55.63,622.42,0,28.4,231,12,0
2169,2022-02-01,2024-07-03,Female,57.0,Central,Desktop,Grocery,Credit Card,6,31.48,210.98,1,83.3,1245,362,1
3160,2022-05-19,2024-11-21,Male,59.0,North,Tablet,Beauty,UPI,8,63.61,571.02,1,15.6,1138,221,1
4972,2023-02-13,2025-05-13,Female,42.0,North,Mobile,Home & Kitchen,Cash on Delivery,6,40.97,263.86,0,99.3,868,48,0
1592,2024-06-16,2025-04-20,Other,42.0,South,Mobile,Home & Kitchen,Credit Card,8,51.89,406.33,2,76.7,379,71,0
4121,2022-07-31,2024-04-14,Male,63.0,North,Mobile,Home & Kitchen,Debit Card,6,54.45,297.72,1,79.3,1065,442,1
595,2024-06-10,2025-04-13,Female,45.0,South,Mobile,Electronics,Cash on Delivery,8,42.64,373.87,0,69.4,385,78,0
2723,2024-09-05,2025-04-25,Female,,South,Tablet,Electronics,Debit Card,6,73.73,406.75,1,87.6,298,66,0
4996,2022-02-07,2025-06-10,Female,24.0,South,Mobile,Beauty,Debit Card,9,77.66,636.22,0,89.2,1239,20,0
589,2024-09-30,2025-04-15,Male,45.0,Central,Mobile,Clothing,Debit Card,6,54.46,304.89,0,43.3,273,76,0
2235,2024-11-01,2025-05-21,Female,33.0,Central,Mobile,Electronics,UPI,12,30.66,335.25,0,35.4,241,40,0
4247,2022-01-15,2023-08-27,Male,19.0,South,Desktop,Electronics,Credit Card,9,122.54,1222.1,1,9.1,1262,673,1
1259,2023-10-28,2025-06-18,Male,46.0,North,Mobile,Electronics,UPI,7,40.94,252.03,0,93.5,611,12,0
189,2024-06-01,2024-07-09,Female,29.0,South,Mobile,Electronics,Credit Card,5,44.45,202.59,0,6.1,394,356,1
2576,2022-10-07,2024-10-15,Female,18.0,South,Mobile,Sports,Cash on Delivery,7,52.43,355.27,0,48.7,997,258,1
3082,2022-12-22,2025-05-31,Female,49.0,Central,Mobile,Grocery,UPI,5,29.36,144.15,1,72.8,921,30,0
329,2024-01-17,2025-06-08,Male,43.0,North,Desktop,Clothing,PayPal,9,74.66,632.45,0,85.2,530,22,0
4968,2022-10-26,2025-06-21,Female,39.0,Central,Desktop,Electronics,Cash on Delivery,10,29.91,300.2,0,26.3,978,9,0
2774,2022-08-19,2025-06-28,Male,49.0,West,Mobile,Electronics,UPI,5,153.5,841.35,1,97.0,1046,2,0
2139,2023-04-07,2023-12-07,Male,37.0,Central,Mobile,Electronics,Cash on Delivery,5,24.85,142.26,0,78.0,815,571,1
3785,2024-09-16,2025-04-12,Female,24.0,East,Mobile,Clothing,Credit Card,4,50.99,230.86,0,20.8,287,79,0
3281,2024-05-17,2025-04-16,Male,28.0,West,Mobile,Clothing,PayPal,7,102.24,686.57,0,59.8,409,75,0
2082,2024-02-16,2024-08-03,Male,26.0,South,Mobile,Books,Debit Card,3,65.87,209.81,0,80.9,500,331,1
2168,2023-09-13,2025-05-25,Male,38.0,Central,Mobile,Home & Kitchen,Credit Card,5,36.29,166.94,2,27.6,656,36,0
2888,2023-04-03,2025-04-07,Male,64.0,East,Mobile,Clothing,UPI,3,56.86,167.06,0,38.2,819,84,0
4361,2024-09-14,2025-05-27,Male,36.0,South,Desktop,Beauty,Credit Card,8,55.53,440.55,0,78.1,289,34,0
4639,2023-10-19,2023-11-08,Female,64.0,East,Mobile,Beauty,Credit Card,10,139.09,1293.97,0,82.9,620,600,1
738,2022-08-24,2025-06-30,Female,24.0,South,Desktop,Clothing,UPI,2,47.65,89.97,1,35.7,1041,0,0
4854,2023-06-05,2025-05-14,Male,20.0,West,Mobile,Beauty,PayPal,8,97.36,700.54,0,46.9,756,47,0
3372,2024-10-31,2025-05-04,Female,64.0,South,Mobile,Clothing,UPI,4,48.33,168.02,0,11.8,242,57,0
1633,2024-06-30,2025-04-05,Female,43.0,North,Mobile,Home & Kitchen,UPI,4,125.18,434.18,0,82.8,365,86,0
460,2024-08-09,2025-06-27,Male,38.0,West,Desktop,Electronics,Credit Card,5,64.2,368.68,0,67.6,325,3,0
3405,2023-04-04,2023-09-09,Female,53.0,North,Mobile,Electronics,Credit Card,12,91.81,1104.27,0,55.6,818,660,1
2437,2023-05-11,2025-06-19,Male,51.0,Central,Mobile,Books,PayPal,3,61.89,167.98,1,78.6,781,11,0
1773,2023-08-09,2025-02-05,Female,39.0,East,Mobile,Grocery,Debit Card,8,79.1,671.13,0,18.6,691,145,1
2764,2023-02-25,2025-06-07,Male,19.0,Central,Desktop,Electronics,Credit Card,12,52.4,664.25,1,99.5,856,23,0
55,2024-01-18,2025-05-29,Female,59.0,West,Desktop,Electronics,Credit Card,8,27.87,251.52,1,9.4,529,32,0
4963,2022-02-19,2024-03-29,Male,40.0,South,Desktop,Books,Credit Card,10,23.35,264.84,0,54.7,1227,458,1
1043,2022-07-23,2025-06-17,Male,24.0,East,Mobile,Grocery,Debit Card,10,36.34,315.1,1,80.7,1073,13,0
3343,2024-06-23,2025-06-27,Female,30.0,Central,Desktop,Grocery,UPI,6,34.26,235.36,1,82.5,372,3,0
1091,2024-11-17,2025-01-13,Female,19.0,North,Mobile,Grocery,UPI,8,41.75,322.58,0,39.9,225,168,1
1451,2024-03-01,2025-03-05,Female,38.0,North,Desktop,Home & Kitchen,UPI,4,46.84,195.13,0,55.1,486,117,1
474,2024-09-19,2025-05-21,Female,57.0,North,Desktop,Grocery,Debit Card,8,68.32,469.5,0,15.5,284,40,0
3981,2023-08-17,2025-04-14,Female,53.0,South,Mobile,Electronics,Credit Card,7,56.89,358.51,1,39.3,683,77,0
1855,2024-04-20,2025-01-26,Female,38.0,Central,Mobile,Sports,UPI,4,54.59,222.39,0,48.1,436,155,1
3630,2023-06-25,2024-01-18,Female,63.0,East,Tablet,Clothing,Debit Card,4,54.84,200.53,0,55.5,736,529,1
2452,2022-08-12,2023-08-29,Female,37.0,Central,Mobile,Clothing,Debit Card,5,93.9,522.05,0,97.8,1053,671,1
1749,2022-11-24,2025-05-15,Female,35.0,South,Desktop,Grocery,Credit Card,7,94.21,681.31,0,81.9,949,46,0
3723,2024-07-04,2024-12-07,Female,51.0,South,Mobile,Electronics,UPI,9,70.24,568.16,0,10.5,361,205,1
2129,2024-12-10,2025-06-26,Female,48.0,North,Desktop,Clothing,UPI,4,47.37,215.58,1,19.4,202,4,0
211,2024-06-26,2025-01-18,Female,32.0,North,Mobile,Clothing,PayPal,5,46.21,240.99,1,47.9,369,163,1
3085,2023-10-14,2025-04-27,Female,19.0,West,Mobile,Books,UPI,4,130.61,464.32,2,28.3,625,64,0
371,2022-02-26,2023-08-21,Male,39.0,South,Desktop,Home & Kitchen,UPI,6,39.44,244.13,0,29.6,1220,679,1
2840,2023-07-05,2025-05-08,Male,28.0,South,Desktop,Electronics,Credit Card,4,118.99,479.82,0,34.2,726,53,0
2951,2023-10-31,2025-05-03,Female,58.0,East,Desktop,Sports,Debit Card,6,54.04,370.07,1,93.7,608,58,0
1338,2023-05-23,2025-05-19,Female,51.0,West,Mobile,Sports,Credit Card,3,59.39,195.45,1,99.9,769,42,0
4564,2022-12-16,2024-07-02,Male,30.0,West,Mobile,Electronics,PayPal,6,69.9,401.72,0,69.7,927,363,1
319,2022-08-18,2025-05-08,Male,45.0,North,Desktop,Electronics,Credit Card,4,44.36,175.95,1,12.0,1047,53,0
3964,2024-04-14,2025-06-02,Female,57.0,South,Mobile,Beauty,Credit Card,9,50.45,411.62,0,26.0,442,28,0
2828,2022-01-26,2025-04-17,Male,31.0,East,Mobile,Grocery,Credit Card,5,31.43,176.33,0,75.3,1251,74,0
918,2024-04-23,2025-05-17,Female,47.0,West,Mobile,Electronics,UPI,10,39.79,444.75,0,18.8,433,44,0
373,2023-06-19,2025-05-16,Male,38.0,Central,Mobile,Electronics,Credit Card,6,39.02,269.2,1,96.2,742,45,0
4063,2022-12-26,2025-05-03,Female,61.0,West,Mobile,Home & Kitchen,Cash on Delivery,4,88.6,344.15,0,28.3,917,58,0
2255,2022-07-17,2025-04-29,Female,56.0,East,Mobile,Clothing,Debit Card,8,55.26,481.29,0,49.7,1079,62,0
2018,2022-06-09,2025-02-05,Female,37.0,South,Desktop,Beauty,Credit Card,9,54.05,510.15,0,4.7,1117,145,1
4054,2022-10-03,2025-05-04,Female,41.0,Central,Desktop,Home & Kitchen,Debit Card,10,42.72,368.12,0,50.4,1001,57,0
1126,2024-07-13,2025-04-29,Female,35.0,South,Desktop,Electronics,Credit Card,5,18.64,82.76,0,39.1,352,62,0
3815,2024-10-28,2025-04-26,Male,34.0,East,Mobile,Grocery,Credit Card,6,40.17,266.46,0,1.2,245,65,0
2114,2023-05-01,2025-06-23,Female,40.0,Central,Mobile,Electronics,Credit Card,5,26.4,112.82,0,32.2,791,7,0
1837,2023-04-12,2025-04-03,Male,35.0,Central,Mobile,Clothing,Credit Card,10,41.85,384.24,0,66.3,810,88,0
1963,2023-11-22,2025-05-07,Female,42.0,Central,Desktop,Clothing,PayPal,7,111.15,796.43,0,33.7,586,54,0
2902,2023-08-21,2025-01-02,Female,50.0,North,Desktop,Grocery,Credit Card,9,46.16,375.91,0,96.9,679,179,1
1709,2024-10-16,2025-06-08,Female,25.0,East,Desktop,Beauty,Debit Card,9,80.1,650.59,0,89.1,257,22,0
4600,2024-10-04,2025-04-04,Male,26.0,North,Mobile,Beauty,Debit Card,6,44.72,292.47,1,30.4,269,87,0
1284,2023-12-21,2025-05-15,Male,45.0,South,Desktop,Electronics,Debit Card,10,34.2,319.11,0,3.6,557,46,0
4165,2022-02-15,2025-06-03,Female,19.0,North,Mobile,Grocery,Debit Card,10,25.62,285.07,1,14.8,1231,27,0
3113,2022-10-18,2025-04-06,Female,61.0,North,Desktop,Books,UPI,7,148.84,1179.2,0,55.7,986,85,0
2747,2023-03-21,2025-06-16,Female,57.0,South,Mobile,Beauty,Credit Card,12,53.49,562.49,0,36.5,832,14,0
563,2024-01-26,2025-05-27,Male,39.0,East,Mobile,Clothing,UPI,11,52.29,516.08,0,29.6,521,34,0
2424,2022-08-22,2025-06-05,Male,45.0,South,Mobile,Books,Cash on Delivery,6,25.1,134.02,0,84.6,1043,25,0
801,2022-04-22,2025-04-18,Female,44.0,East,Mobile,Books,UPI,11,58.04,686.45,1,44.1,1165,73,0
3891,2022-05-30,2025-05-16,Female,47.0,South,Desktop,Home & Kitchen,Credit Card,4,39.11,173.29,0,96.5,1127,45,0
2583,2024-05-01,2025-05-05,Female,22.0,East,Mobile,Electronics,Debit Card,10,22.46,256.84,0,12.1,425,56,0
1439,2024-06-14,2024-11-13,Male,45.0,South,Tablet,Electronics,Credit Card,11,35.87,444.02,0,85.0,381,229,1
4003,2022-01-11,2024-10-01,Female,56.0,Central,Mobile,Electronics,Credit Card,3,44.5,132.05,3,21.2,1266,272,1
188,2022-07-18,2025-05-30,Female,57.0,East,Mobile,Electronics,Credit Card,4,69.63,290.83,1,54.8,1078,31,0
1728,2023-10-16,2025-06-02,Other,62.0,North,Mobile,Clothing,Debit Card,7,86.03,566.92,0,10.1,623,28,0
1998,2023-09-29,2024-06-25,Male,58.0,South,Desktop,Sports,Credit Card,6,29.81,170.61,0,96.0,640,370,1
222,2024-04-01,2025-06-13,Female,24.0,West,Mobile,Sports,UPI,5,56.89,254.5,0,22.2,455,17,0
2422,2024-03-15,2024-10-15,Male,32.0,South,Desktop,Sports,Debit Card,6,61.52,417.03,1,67.8,472,258,1
306,2022-04-15,2025-02-03,Other,20.0,Central,Mobile,Electronics,UPI,7,42.48,293.68,0,13.2,1172,147,1
930,2024-07-30,2025-06-01,Male,58.0,South,Mobile,Grocery,UPI,15,101.34,1608.84,0,45.1,335,29,0
447,2022-10-30,2025-04-19,Other,18.0,North,Desktop,Home & Kitchen,Cash on Delivery,4,53.46,239.77,1,30.6,974,72,0
1097,2024-12-03,2025-05-18,Male,64.0,East,Mobile,Electronics,Credit Card,4,34.19,147.49,0,7.1,209,43,0
4823,2024-12-24,2025-06-24,Male,59.0,South,Mobile,Electronics,UPI,9,65.77,546.94,0,13.6,188,6,0
4908,2024-02-23,2025-06-15,Male,25.0,North,Mobile,Grocery,UPI,7,56.53,400.84,0,73.7,493,15,0
4243,2022-01-15,2023-07-27,Female,58.0,North,Mobile,Beauty,Credit Card,7,38.76,288.35,1,14.2,1262,704,1
2793,2023-03-18,2025-06-19,Female,31.0,South,Desktop,Grocery,UPI,4,48.33,175.53,0,94.8,835,11,0
1803,2024-04-02,2025-06-12,Male,45.0,South,Mobile,Electronics,Credit Card,6,52.99,356.77,1,98.9,454,18,0
3274,2024-07-08,2025-04-17,Female,62.0,East,Mobile,Grocery,Debit Card,4,40.48,165.18,0,27.3,357,74,0
3524,2023-02-13,2023-09-05,Male,19.0,North,Mobile,Electronics,UPI,11,31.23,310.95,0,70.2,868,664,1
4832,2024-01-04,2024-11-26,Female,22.0,South,Mobile,Grocery,PayPal,7,27.1,209.63,0,76.1,543,216,1
454,2024-08-09,2024-10-07,Female,40.0,Central,Mobile,Electronics,UPI,4,84.27,354.91,1,82.2,325,266,1
3191,2022-11-26,2025-04-29,Male,36.0,West,Desktop,Home & Kitchen,Debit Card,6,87.62,543.12,0,30.7,947,62,0
1096,2022-03-30,2023-10-01,Male,56.0,South,Mobile,Clothing,Cash on Delivery,6,27.08,170.01,2,46.7,1188,638,1
1807,2022-03-21,2025-05-25,Female,31.0,West,Mobile,Clothing,Credit Card,8,30.19,267.96,0,87.5,1197,36,0
2497,2023-09-07,2025-05-11,Female,29.0,South,Mobile,Books,Credit Card,8,83.5,705.3,0,10.7,662,50,0
184,2024-08-26,2025-06-17,Female,36.0,South,Tablet,Clothing,Debit Card,8,62.2,549.28,0,3.4,308,13,0
4548,2024-03-24,2025-04-05,Female,59.0,Central,Mobile,Clothing,UPI,5,28.68,155.0,0,28.6,463,86,0
2857,2024-01-24,2025-04-24,Male,21.0,Central,Desktop,Grocery,Credit Card,9,61.33,544.15,0,83.8,523,67,0
632,2024-10-02,2025-05-01,Female,51.0,North,Mobile,Home & Kitchen,Debit Card,4,51.65,212.13,0,87.3,271,60,0
1685,2023-12-10,2025-05-05,Male,61.0,Central,Mobile,Clothing,Credit Card,6,35.75,187.75,0,50.7,568,56,0
3172,2024-02-15,2025-04-20,Male,48.0,North,Desktop,Books,UPI,8,41.19,367.2,0,16.8,501,71,0
2700,2024-02-01,2025-03-11,Female,47.0,South,Mobile,Electronics,UPI,5,36.08,197.85,0,51.9,515,111,1
4536,2023-04-26,2024-06-04,Female,28.0,South,Mobile,Clothing,Credit Card,4,21.34,82.56,0,25.6,796,391,1
1176,2023-07-14,2025-06-16,Female,43.0,Central,Desktop,Electronics,Credit Card,10,85.8,799.74,0,28.4,717,14,0
4677,2022-01-26,2025-05-19,Male,38.0,North,Mobile,Electronics,PayPal,2,78.09,167.62,2,3.7,1251,42,0
2881,2023-07-10,2025-05-05,Male,32.0,West,Mobile,Clothing,PayPal,10,43.26,421.79,1,95.3,721,56,0
3479,2024-08-21,2025-01-31,Female,43.0,South,Mobile,Home & Kitchen,UPI,8,104.06,798.94,1,74.6,313,150,1
2569,2023-01-19,2025-06-11,Female,50.0,West,Desktop,Sports,Cash on Delivery,10,28.06,289.96,0,21.3,893,19,0
1990,2023-04-29,2025-04-15,Female,56.0,East,Mobile,Home & Kitchen,Cash on Delivery,10,35.9,390.63,0,86.4,793,76,0
2750,2022-10-14,2025-06-08,Female,43.0,West,Mobile,Books,Cash on Delivery,8,21.37,167.58,0,92.8,990,22,0
1585,2022-06-03,2023-08-21,Other,34.0,West,Mobile,Beauty,Credit Card,6,48.76,330.08,2,12.6,1123,679,1
4890,2022-06-08,2023-11-17,Female,21.0,South,Mobile,Clothing,Credit Card,8,21.26,174.73,0,77.5,1118,591,1
4279,2024-11-07,2025-02-28,Male,26.0,North,Desktop,Electronics,Debit Card,6,48.7,305.26,1,66.0,235,122,1
2855,2024-10-20,2025-06-01,Male,30.0,South,Mobile,Sports,UPI,9,32.77,294.6,0,26.2,253,29,0
3984,2023-07-31,2024-03-06,Male,50.0,West,Desktop,Beauty,PayPal,7,84.8,565.85,0,9.1,700,481,1
4030,2024-01-02,2025-04-23,Male,46.0,North,Mobile,Clothing,UPI,4,26.81,110.72,1,51.4,545,68,0
2655,2024-04-05,2024-09-08,Female,60.0,West,Mobile,Clothing,Cash on Delivery,8,72.53,622.51,0,76.4,451,295,1
2603,2022-03-27,2023-08-10,Female,46.0,West,Mobile,Clothing,PayPal,11,54.73,644.7,1,92.1,1191,690,1
3671,2023-01-07,2025-05-22,Male,22.0,West,Tablet,Clothing,UPI,11,71.54,690.41,0,77.2,905,39,0
1531,2023-08-24,2024-01-26,Male,50.0,West,Desktop,Electronics,Credit Card,5,59.82,311.09,0,76.9,676,521,1
3686,2024-12-10,2025-01-04,Female,32.0,East,Desktop,Sports,Credit Card,6,30.56,197.22,0,65.4,202,177,1
501,2022-02-10,2025-05-18,Female,64.0,Central,Mobile,Clothing,UPI,7,65.59,396.87,0,78.0,1236,43,0
230,2023-08-08,2025-04-16,Female,23.0,East,Desktop,Home & Kitchen,Credit Card,10,72.29,680.79,0,60.2,692,75,0
4061,2024-09-24,2024-11-06,Male,19.0,East,Mobile,Grocery,Debit Card,8,52.18,373.4,0,91.3,279,236,1
1772,2024-08-21,2025-02-18,Female,28.0,West,Mobile,Books,PayPal,6,47.33,257.74,0,47.2,313,132,1
1287,2022-07-30,2024-01-11,Male,40.0,East,Mobile,Clothing,Credit Card,5,57.41,258.54,2,0.9,1066,536,1
1543,2023-01-27,2024-04-22,Female,56.0,West,Mobile,Books,Cash on Delivery,10,52.32,502.64,1,3.0,885,434,1
3590,2024-12-01,2025-01-11,Male,61.0,Central,Desktop,Home & Kitchen,Credit Card,7,99.93,606.59,0,10.4,211,170,1
666,2023-08-30,2025-04-16,Male,44.0,South,Mobile,Beauty,UPI,9,35.07,355.75,1,1.7,670,75,0
4701,2024-01-09,2024-09-24,Male,49.0,North,Mobile,Clothing,Credit Card,5,69.34,305.74,0,99.1,538,279,1
4791,2023-01-28,2025-06-14,Male,56.0,North,Mobile,Electronics,PayPal,7,65.96,499.18,0,23.3,884,16,0
893,2023-10-11,2025-04-07,Female,60.0,East,Desktop,Home & Kitchen,UPI,4,39.83,138.98,1,35.5,628,84,0
3998,2024-02-04,2025-06-19,Male,,North,Mobile,Grocery,UPI,5,60.78,310.09,0,34.0,512,11,0
2712,2022-06-09,2025-05-24,Female,27.0,West,Desktop,Clothing,UPI,7,47.55,310.34,0,30.7,1117,37,0
4555,2024-03-09,2024-06-06,Male,33.0,North,Mobile,Home & Kitchen,Credit Card,7,35.6,261.21,1,98.8,478,389,1
4526,2023-07-10,2025-06-07,Male,38.0,West,Desktop,Grocery,Debit Card,6,48.27,330.02,0,95.7,721,23,0
1179,2023-12-20,2025-04-13,Female,43.0,South,Mobile,Sports,Credit Card,4,29.14,101.82,1,15.1,558,78,0
1399,2022-12-06,2023-09-07,Female,35.0,East,Desktop,Electronics,Credit Card,7,62.97,375.75,0,98.1,937,662,1
724,2024-04-16,2024-08-21,Female,52.0,East,Mobile,Clothing,Credit Card,8,48.75,405.19,1,42.5,440,313,1
4784,2022-03-31,2025-05-25,Male,25.0,North,Mobile,Clothing,Cash on Delivery,4,53.19,240.06,1,5.2,1187,36,0
4067,2023-02-07,2025-06-19,Male,53.0,South,Mobile,Clothing,UPI,6,72.54,432.39,1,33.0,874,11,0
4377,2024-03-28,2025-05-13,Male,53.0,West,Mobile,Clothing,UPI,11,60.05,590.52,0,72.5,459,48,0
2927,2022-05-03,2025-06-22,Female,19.0,East,Tablet,Grocery,PayPal,9,70.63,698.2,0,55.7,1154,8,0
4007,2023-03-07,2025-03-04,Male,47.0,North,Tablet,Electronics,Credit Card,3,107.68,316.34,0,26.2,846,118,1
3373,2024-03-23,2025-06-25,Male,50.0,East,Mobile,Sports,UPI,6,34.23,176.57,0,21.1,464,5,0
428,2023-11-18,2025-05-18,Female,34.0,East,Tablet,Electronics,Debit Card,9,31.47,312.83,0,34.8,590,43,0
2743,2023-03-13,2023-08-10,Male,28.0,East,Mobile,Sports,Debit Card,7,21.55,168.33,0,67.1,840,690,1
675,2022-04-04,2025-04-07,Male,,West,Mobile,Home & Kitchen,Debit Card,7,65.17,425.85,0,71.9,1183,84,0
3144,2022-08-02,2023-08-07,Female,43.0,West,Mobile,Grocery,Credit Card,5,87.53,392.21,1,71.9,1063,693,1
1992,2022-08-31,2024-11-26,Male,24.0,North,Desktop,Home & Kitchen,UPI,5,47.73,214.83,0,59.0,1034,216,1
1197,2023-10-27,2025-05-19,Other,19.0,West,Desktop,Clothing,Debit Card,7,47.68,307.0,0,95.8,612,42,0
980,2024-01-20,2025-06-17,Female,56.0,East,Mobile,Clothing,Cash on Delivery,2,68.88,150.86,0,1.3,527,13,0
2937,2022-06-23,2024-07-10,Female,22.0,Central,Mobile,Grocery,Credit Card,5,24.92,141.79,0,73.3,1103,355,1
4386,2023-01-10,2024-03-07,Female,47.0,South,Tablet,Home & Kitchen,UPI,3,31.64,94.46,0,14.5,902,480,1
4770,2022-05-10,2025-05-23,Male,54.0,South,Desktop,Home & Kitchen,Credit Card,9,50.58,504.52,3,72.8,1147,38,0
562,2023-06-09,2024-05-09,Male,56.0,North,Mobile,Beauty,Cash on Delivery,6,40.17,253.92,1,15.6,752,417,1
4689,2024-08-26,2025-02-02,Female,27.0,North,Tablet,Home & Kitchen,Credit Card,9,38.03,340.4,0,22.0,308,148,1
2634,2024-11-19,2025-04-07,Male,37.0,Central,Mobile,Books,Credit Card,7,23.56,177.09,2,59.5,223,84,0
1168,2022-08-24,2024-05-21,Female,59.0,West,Tablet,Grocery,Debit Card,8,79.87,604.62,0,12.1,1041,405,1
617,2023-03-11,2025-06-01,Male,55.0,South,Mobile,Grocery,UPI,7,72.41,561.5,0,74.7,842,29,0
3120,2022-07-26,2024-12-14,Male,27.0,East,Mobile,Electronics,Credit Card,3,123.58,328.49,0,59.0,1070,198,1
4145,2023-04-17,2025-06-10,Female,30.0,West,Desktop,Beauty,Credit Card,7,65.67,423.55,0,52.6,805,20,0
1210,2023-07-14,2025-04-17,Other,47.0,West,Desktop,Home & Kitchen,Debit Card,8,19.8,163.52,0,33.2,717,74,0
1860,2024-11-28,2025-01-02,Female,36.0,South,Mobile,Beauty,Credit Card,7,79.07,630.72,1,20.5,214,179,1
1697,2022-12-12,2025-05-01,Male,32.0,South,Desktop,Electronics,Cash on Delivery,9,76.46,710.34,0,9.3,931,60,0
3107,2023-11-29,2024-01-24,Female,55.0,East,Mobile,Beauty,UPI,10,41.2,373.76,0,51.6,579,523,1
2926,2024-10-04,2025-03-23,Female,36.0,North,Desktop,Beauty,UPI,7,64.29,411.28,1,84.7,269,99,1
1448,2024-10-25,2025-03-17,Female,19.0,North,Mobile,Electronics,PayPal,4,31.33,122.81,0,52.7,248,105,1
172,2022-05-19,2025-05-13,Male,40.0,South,Mobile,Clothing,Credit Card,7,54.1,381.06,0,86.2,1138,48,0
626,2022-06-25,2024-04-27,Male,34.0,East,Mobile,Clothing,Credit Card,9,37.23,353.3,0,20.4,1101,429,1
1436,2024-07-09,2025-06-26,Male,47.0,North,Desktop,Home & Kitchen,Credit Card,5,41.22,182.89,0,68.7,356,4,0
3688,2023-11-24,2025-06-23,Male,51.0,North,Desktop,Grocery,Debit Card,5,37.52,189.02,0,62.6,584,7,0
3367,2024-01-09,2025-01-04,Male,47.0,South,Mobile,Beauty,UPI,9,47.83,383.03,1,38.8,538,177,1
3409,2024-05-17,2025-04-13,Male,20.0,South,Mobile,Grocery,Credit Card,8,41.4,328.59,0,65.6,409,78,0
3945,2023-03-13,2024-05-15,Male,60.0,South,Mobile,Sports,UPI,4,52.19,191.83,0,20.6,840,411,1
4847,2024-02-01,2025-05-02,Female,18.0,South,Mobile,Sports,Credit Card,11,18.31,211.13,0,52.7,515,59,0
3039,2024-10-18,2025-06-29,Male,47.0,South,Desktop,Electronics,Credit Card,8,28.78,242.09,0,37.8,255,1,0
3716,2023-04-27,2024-10-16,Male,43.0,South,Mobile,Home & Kitchen,Credit Card,3,56.33,151.36,0,5.2,795,257,1
1702,2022-02-28,2025-05-13,Male,49.0,South,Desktop,Books,UPI,5,39.95,207.37,0,69.8,1218,48,0
4329,2022-05-21,2025-04-29,Male,50.0,East,Mobile,Electronics,UPI,6,74.68,486.18,0,20.7,1136,62,0
4532,2022-12-09,2025-04-12,Male,34.0,South,Desktop,Clothing,Credit Card,6,63.72,428.01,2,92.7,934,79,0
4392,2023-06-28,2025-04-20,Female,44.0,East,Tablet,Electronics,Credit Card,9,59.2,498.79,0,8.4,733,71,0
4754,2022-05-22,2024-08-23,Female,49.0,East,Desktop,Home & Kitchen,Credit Card,9,36.62,296.98,1,86.0,1135,311,1
2016,2024-12-17,2025-06-27,Male,32.0,West,Tablet,Sports,Cash on Delivery,8,88.22,709.79,1,95.1,195,3,0
4514,2024-05-13,2025-06-13,Female,23.0,South,Mobile,Electronics,PayPal,4,99.95,433.94,1,71.7,413,17,0
3994,2024-03-11,2025-04-19,Male,50.0,South,Mobile,Beauty,UPI,7,19.52,116.75,2,9.7,476,72,0
4041,2023-09-19,2025-06-10,Female,25.0,South,Mobile,Home & Kitchen,Credit Card,10,76.82,699.43,2,66.3,650,20,0
2143,2022-04-29,2025-05-13,Female,47.0,South,Mobile,Beauty,Credit Card,9,48.69,435.33,1,77.4,1158,48,0
4936,2022-06-24,2024-01-01,Male,55.0,East,Mobile,Home & Kitchen,UPI,9,157.51,1523.31,0,63.5,1102,546,1
3881,2023-11-08,2024-10-20,Female,62.0,North,Mobile,Clothing,Credit Card,8,82.27,570.31,0,98.1,600,253,1
1635,2023-10-17,2025-06-16,Female,52.0,East,Desktop,Clothing,Credit Card,5,124.26,635.27,1,47.6,622,14,0
2751,2022-09-10,2024-09-26,Male,39.0,West,Mobile,Electronics,UPI,5,81.5,357.11,0,61.8,1024,277,1
4755,2024-12-23,2025-01-27,Female,49.0,North,Desktop,Home & Kitchen,Credit Card,12,32.91,419.85,0,2.9,189,154,1
1950,2024-10-08,2025-04-28,Male,30.0,North,Mobile,Beauty,Debit Card,11,64.51,743.55,0,25.5,265,63,0
3679,2024-04-22,2024-10-07,Female,35.0,East,Mobile,Sports,Credit Card,6,20.45,107.53,0,76.7,434,266,1
1421,2024-05-07,2024-08-11,Male,39.0,West,Desktop,Grocery,UPI,5,41.87,200.83,2,39.8,419,323,1
1842,2024-02-18,2025-04-25,Male,31.0,West,Mobile,Home & Kitchen,PayPal,5,35.54,202.19,0,58.8,498,66,0
800,2024-04-26,2025-03-28,Female,41.0,West,Tablet,Beauty,Credit Card,2,36.06,66.67,1,65.2,430,94,1
2644,2023-10-22,2025-06-03,Female,37.0,West,Desktop,Grocery,UPI,9,111.2,959.81,0,29.2,617,27,0
2931,2022-03-31,2025-04-12,Female,25.0,South,Mobile,Beauty,PayPal,4,60.54,257.99,0,24.4,1187,79,0
1335,2024-10-30,2024-12-30,Other,42.0,West,Mobile,Beauty,PayPal,4,39.16,173.86,0,17.7,243,182,1
2281,2022-12-17,2025-05-09,Male,30.0,South,Tablet,Beauty,Debit Card,7,22.69,143.5,1,12.4,926,52,0
3007,2022-06-22,2024-03-26,Female,37.0,South,Mobile,Clothing,Credit Card,6,30.04,187.04,0,72.2,1104,461,1
1228,2023-03-09,2025-05-08,Male,35.0,Central,Mobile,Electronics,Credit Card,7,33.09,241.5,0,85.7,844,53,0
774,2024-06-11,2025-06-28,Male,55.0,North,Desktop,Sports,Debit Card,10,43.94,502.21,0,56.5,384,2,0
1290,2023-02-09,2023-12-23,Male,35.0,East,Mobile,Clothing,PayPal,10,53.57,496.19,1,2.5,872,555,1
2845,2023-07-12,2024-06-07,Female,57.0,Central,Mobile,Beauty,UPI,6,59.65,362.91,0,81.0,719,388,1
2514,2023-01-17,2025-04-15,Female,26.0,South,Mobile,Clothing,Credit Card,6,41.34,263.6,0,32.7,895,76,0
2873,2023-01-02,2025-04-02,Female,19.0,South,Desktop,Home & Kitchen,Debit Card,7,40.96,303.68,0,94.3,910,89,0
3344,2023-03-09,2025-05-09,Male,26.0,West,Mobile,Home & Kitchen,Debit Card,6,52.95,301.85,0,48.7,844,52,0
1237,2022-12-26,2025-05-04,Female,,West,Mobile,Books,PayPal,3,56.96,191.35,0,58.8,917,57,0
3861,2024-01-24,2025-06-13,Female,54.0,North,Mobile,Electronics,Credit Card,10,87.83,828.28,0,3.8,523,17,0
1500,2024-01-09,2025-05-14,Female,49.0,North,Mobile,Sports,Debit Card,8,86.0,755.97,1,82.5,538,47,0
3771,2023-11-24,2025-06-13,Female,54.0,North,Desktop,Electronics,PayPal,8,100.32,913.99,0,42.4,584,17,0
568,2022-08-10,2025-06-09,Male,45.0,South,Mobile,Grocery,Debit Card,12,54.22,721.99,0,18.1,1055,21,0
408,2024-02-16,2024-11-07,Male,49.0,East,Mobile,Clothing,Debit Card,9,48.56,410.64,0,53.2,500,235,1
3413,2023-06-01,2025-04-04,Male,54.0,West,Mobile,Home & Kitchen,UPI,5,44.15,244.26,0,74.6,760,87,0
641,2024-01-26,2025-04-26,Male,,East,Mobile,Clothing,Credit Card,16,73.98,1242.89,0,51.8,521,65,0
434,2022-10-29,2024-11-12,Male,36.0,South,Mobile,Sports,PayPal,5,21.58,121.07,1,26.7,975,230,1
133,2022-02-09,2025-06-20,Male,40.0,West,Desktop,Books,UPI,10,38.73,346.31,0,87.3,1237,10,0
3680,2024-06-21,2024-11-02,Male,49.0,East,Mobile,Beauty,Credit Card,11,80.77,880.87,0,95.1,374,240,1
4434,2024-02-17,2024-04-09,Female,47.0,East,Tablet,Grocery,Debit Card,7,49.65,319.97,0,2.1,499,447,1
652,2023-04-18,2025-05-10,Female,24.0,Central,Desktop,Grocery,UPI,10,54.56,611.29,1,32.8,804,51,0
420,2024-06-24,2025-05-18,Female,18.0,South,Mobile,Sports,PayPal,5,41.91,199.37,0,27.0,371,43,0
4861,2023-08-06,2025-04-09,Female,20.0,Central,Desktop,Sports,PayPal,8,105.91,757.42,0,88.8,694,82,0
1013,2024-08-08,2025-05-29,Female,32.0,East,Mobile,Beauty,PayPal,4,62.66,243.66,0,92.6,326,32,0
3378,2024-09-28,2024-10-15,Male,45.0,Central,Mobile,Grocery,Debit Card,5,36.48,181.7,1,94.2,275,258,1
326,2022-09-19,2023-07-31,Female,18.0,South,Desktop,Beauty,PayPal,7,42.09,313.68,0,4.7,1015,700,1
3593,2024-05-07,2025-04-11,Female,20.0,North,Desktop,Electronics,Credit Card,4,115.77,479.17,1,82.0,419,80,0
2015,2024-07-03,2025-01-22,Female,57.0,South,Desktop,Beauty,Credit Card,8,107.46,968.71,0,84.1,362,159,1
4973,2024-02-05,2025-04-08,Female,61.0,North,Mobile,Beauty,Debit Card,7,30.36,199.06,0,53.9,511,83,0
2979,2023-03-17,2025-05-08,Female,40.0,West,Desktop,Electronics,Credit Card,10,56.51,572.0,0,73.2,836,53,0
1869,2024-12-27,2025-03-27,Male,29.0,West,Desktop,Clothing,UPI,9,65.62,552.87,0,0.6,185,95,1
3232,2023-09-24,2024-02-29,Female,27.0,Central,Desktop,Books,Debit Card,9,47.01,394.97,0,56.2,645,487,1
432,2023-04-06,2025-06-26,Female,55.0,East,Mobile,Books,Cash on Delivery,6,31.46,169.87,0,55.0,816,4,0
4873,2024-11-13,2025-04-02,Male,63.0,North,Mobile,Clothing,Credit Card,10,93.98,1039.39,1,41.6,229,89,0
4326,2023-02-15,2025-04-11,Female,44.0,South,Desktop,Home & Kitchen,PayPal,10,59.47,615.89,1,13.3,866,80,0
701,2023-05-24,2024-12-29,Female,60.0,West,Mobile,Grocery,UPI,4,44.0,201.88,1,12.5,768,183,1
677,2023-08-22,2025-04-18,Male,54.0,North,Mobile,Grocery,Credit Card,1,65.51,74.67,0,78.5,678,73,0
427,2024-11-21,2025-05-19,Male,26.0,North,Desktop,Sports,UPI,2,47.71,83.3,1,23.9,221,42,0
935,2022-11-20,2024-11-03,Male,45.0,West,Tablet,Home & Kitchen,Debit Card,10,65.37,668.87,1,43.0,953,239,1
688,2022-04-16,2025-05-22,Male,30.0,South,Mobile,Grocery,UPI,3,85.34,245.44,0,60.3,1171,39,0
3241,2024-02-21,2025-05-26,Male,25.0,West,Mobile,Home & Kitchen,UPI,8,42.94,361.9,0,70.7,495,35,0
570,2023-10-01,2025-05-22,Male,56.0,West,Mobile,Clothing,UPI,8,23.02,162.9,2,1.7,638,39,0
1748,2023-05-24,2025-04-15,Male,44.0,South,Mobile,Beauty,UPI,4,54.75,226.11,1,94.1,768,76,0
445,2024-03-29,2024-07-08,Female,48.0,West,Mobile,Beauty,Cash on Delivery,4,32.76,143.04,1,81.1,458,357,1
1649,2024-10-08,2025-04-24,Female,47.0,West,Desktop,Electronics,Debit Card,4,57.9,235.97,0,0.5,265,67,0
1329,2022-11-05,2025-06-08,Female,38.0,North,Desktop,Grocery,UPI,4,61.08,225.08,1,24.2,968,22,0
2305,2022-11-29,2025-05-31,Female,23.0,West,Desktop,Beauty,Credit Card,11,20.29,212.02,1,12.5,944,30,0
1701,2022-03-26,2025-04-16,Female,61.0,North,Mobile,Beauty,Credit Card,10,81.89,877.78,1,63.5,1192,75,0
2414,2024-03-26,2024-10-19,Male,55.0,Central,Desktop,Sports,UPI,11,36.23,427.13,1,50.7,461,254,1
1253,2024-04-08,2025-03-29,Male,57.0,South,Desktop,Electronics,Cash on Delivery,9,48.71,449.78,1,74.7,448,93,1
4892,2024-09-15,2025-04-25,Male,41.0,East,Desktop,Electronics,UPI,8,29.02,263.12,0,81.5,288,66,0
2594,2023-08-15,2024-12-26,Female,23.0,East,Mobile,Home & Kitchen,Debit Card,9,76.96,673.35,0,60.1,685,186,1
4095,2024-11-18,2025-01-16,Male,39.0,West,Mobile,Sports,Debit Card,7,38.49,295.97,1,72.0,224,165,1
4207,2024-05-09,2024-10-15,Female,24.0,West,Mobile,Clothing,Credit Card,10,94.86,835.89,3,90.0,417,258,1
416,2024-05-30,2025-03-28,Male,55.0,Central,Mobile,Grocery,Credit Card,6,54.56,340.51,0,6.3,396,94,1
132,2024-09-27,2025-05-16,Male,57.0,East,Mobile,Home & Kitchen,PayPal,6,66.37,377.69,0,73.2,276,45,0
1196,2023-10-01,2024-10-05,Female,64.0,West,Desktop,Books,PayPal,3,54.49,143.78,0,34.5,638,268,1
1524,2024-08-09,2025-05-24,Male,52.0,South,Mobile,Clothing,Credit Card,5,67.62,307.64,0,49.8,325,37,0
246,2022-04-27,2024-03-03,Female,40.0,South,Mobile,Home & Kitchen,UPI,5,67.01,292.97,0,79.0,1160,484,1
2054,2022-05-22,2025-05-04,Female,50.0,Central,Mobile,Clothing,Debit Card,9,64.49,561.37,1,40.9,1135,57,0
2596,2024-07-25,2025-05-25,Female,26.0,North,Tablet,Electronics,Debit Card,7,34.08,230.05,0,68.8,340,36,0
2095,2023-02-27,2024-06-13,Male,52.0,South,Tablet,Beauty,Credit Card,10,54.31,599.6,1,24.1,854,382,1
96,2022-07-06,2024-01-16,Female,18.0,North,Mobile,Grocery,Credit Card,8,23.64,194.87,0,68.5,1090,531,1
1382,2024-09-22,2025-03-30,Male,,South,Mobile,Electronics,Credit Card,5,50.77,248.99,0,19.4,281,92,1
4980,2023-08-13,2025-05-07,Male,36.0,East,Desktop,Beauty,Debit Card,5,70.63,333.12,1,21.2,687,54,0
597,2024-12-04,2025-05-22,Female,19.0,South,Tablet,Beauty,Debit Card,6,108.44,672.93,0,25.2,208,39,0
2023,2022-11-03,2025-06-08,Female,40.0,North,Tablet,Clothing,Credit Card,11,41.57,476.17,0,3.2,970,22,0
4953,2023-10-25,2025-02-22,Male,28.0,South,Desktop,Electronics,UPI,5,39.07,219.13,0,63.3,614,128,1
3178,2022-11-30,2024-11-28,Female,23.0,South,Mobile,Grocery,UPI,6,69.62,406.32,0,43.2,943,214,1
2444,2024-09-08,2025-05-10,Female,22.0,East,Mobile,Electronics,UPI,6,56.46,376.76,0,62.7,295,51,0
1189,2023-03-17,2023-08-20,Male,40.0,South,Tablet,Beauty,UPI,7,53.23,371.61,0,21.2,836,680,1
1906,2022-08-12,2025-04-17,Male,26.0,West,Mobile,Clothing,UPI,5,59.05,338.8,0,92.5,1053,74,0
4707,2023-10-27,2025-05-22,Female,52.0,East,Mobile,Electronics,Debit Card,5,29.79,150.48,1,6.5,612,39,0
1792,2023-07-27,2024-05-12,Female,50.0,East,Desktop,Electronics,Debit Card,6,40.61,212.29,2,26.8,704,414,1
3016,2023-11-11,2025-05-21,Male,54.0,West,Mobile,Electronics,PayPal,8,63.92,460.86,1,96.6,597,40,0
1611,2023-10-06,2025-05-03,Female,31.0,South,Desktop,Clothing,PayPal,10,60.15,512.53,1,1.0,633,58,0
4218,2022-09-24,2025-06-03,Female,60.0,South,Desktop,Grocery,Debit Card,8,46.55,387.91,0,59.6,1010,27,0
90,2024-03-28,2025-06-13,Male,56.0,North,Mobile,Electronics,PayPal,4,73.45,328.25,0,77.2,459,17,0
2814,2022-05-16,2025-05-02,Male,47.0,West,Mobile,Sports,UPI,7,80.05,591.88,0,55.2,1141,59,0
3751,2023-12-01,2025-06-27,Female,37.0,North,Mobile,Grocery,Credit Card,3,68.05,210.45,2,98.4,577,3,0
4312,2024-11-22,2025-01-03,Female,62.0,East,Tablet,Grocery,UPI,8,54.68,465.48,2,72.4,220,178,1
1128,2024-04-27,2025-02-27,Male,46.0,East,Desktop,Beauty,Debit Card,7,66.2,468.07,1,12.8,429,123,1
2282,2022-06-19,2024-03-24,Male,54.0,West,Mobile,Clothing,,5,38.5,214.45,0,72.3,1107,463,1
4827,2024-12-13,2025-05-18,Female,27.0,Central,Desktop,Clothing,Credit Card,8,47.58,367.84,1,35.3,199,43,0
4611,2024-06-14,2025-04-10,Male,42.0,Central,Mobile,Grocery,Debit Card,6,65.92,336.38,1,75.0,381,81,0
4118,2022-04-06,2025-06-21,Male,63.0,North,Desktop,Grocery,UPI,8,101.75,869.35,0,27.2,1181,9,0
4225,2024-12-21,2025-04-08,Female,,East,Desktop,Books,,6,66.57,351.05,0,38.4,191,83,0
4475,2023-10-09,2025-05-07,Female,25.0,East,Desktop,Sports,PayPal,7,18.24,141.0,0,38.5,630,54,0
413,2023-09-15,2023-10-30,Female,22.0,Central,Mobile,Clothing,UPI,3,22.68,73.76,0,92.7,654,609,1
1078,2023-10-26,2024-01-10,Female,56.0,North,Mobile,Books,Credit Card,7,79.43,485.61,0,54.9,613,537,1
4513,2023-11-22,2024-04-05,Male,18.0,North,Tablet,Sports,UPI,9,53.79,531.6,0,69.1,586,451,1
3892,2023-10-13,2025-01-06,Female,62.0,Central,Mobile,Clothing,Credit Card,9,40.17,363.15,1,44.8,626,175,1
3824,2022-01-27,2024-10-11,Male,23.0,North,Desktop,Electronics,Credit Card,7,64.57,442.45,1,16.5,1250,262,1
2254,2022-08-08,2023-12-12,Female,24.0,Central,Mobile,Clothing,PayPal,7,81.12,516.39,0,49.4,1057,566,1
4941,2022-10-04,2025-05-21,Male,24.0,East,Mobile,Grocery,Debit Card,3,23.43,78.94,0,28.5,1000,40,0
4509,2023-08-10,2024-10-08,Female,49.0,East,Desktop,Books,UPI,7,52.14,347.3,0,36.9,690,265,1
4328,2022-02-01,2025-06-22,Other,57.0,South,Desktop,Grocery,Debit Card,7,35.32,263.28,0,64.2,1245,8,0
3092,2023-09-25,2024-11-25,Female,32.0,South,Mobile,Clothing,Debit Card,8,56.13,507.79,0,22.5,644,217,1
1344,2024-01-16,2025-05-26,Female,36.0,East,Mobile,Electronics,Debit Card,7,66.66,515.59,0,6.3,531,35,0
1952,2024-10-29,2025-05-12,Male,37.0,Central,Desktop,Books,Debit Card,9,62.04,549.15,0,80.2,244,49,0
2161,2022-03-22,2024-01-10,Female,51.0,East,Mobile,Clothing,UPI,6,47.09,296.66,1,44.1,1196,537,1
2418,2023-05-12,2025-05-28,Male,48.0,North,Mobile,Books,Credit Card,10,35.58,379.85,0,69.9,780,33,0
2164,2023-03-21,2025-04-10,Female,34.0,South,Desktop,Electronics,Credit Card,8,132.23,927.99,0,72.3,832,81,0
1314,2022-03-19,2024-08-01,Female,23.0,West,Mobile,Beauty,Debit Card,7,50.82,323.26,0,42.7,1199,333,1
2653,2022-06-04,2024-03-06,Male,40.0,North,Mobile,Beauty,UPI,6,25.02,127.77,0,17.9,1122,481,1
2055,2024-08-24,2025-05-21,Female,63.0,Central,Mobile,Electronics,Debit Card,9,48.32,490.3,0,94.5,310,40,0
4586,2024-01-20,2025-03-30,Female,53.0,South,Desktop,Clothing,PayPal,4,54.31,211.36,0,81.6,527,92,1
1230,2023-06-08,2025-04-03,Male,53.0,South,Desktop,Clothing,PayPal,7,81.78,573.04,0,64.5,753,88,0
357,2023-09-18,2025-01-31,Male,43.0,West,Mobile,Home & Kitchen,UPI,7,89.65,553.75,1,1.3,651,150,1
709,2023-09-01,2024-10-30,Male,41.0,Central,Mobile,Electronics,UPI,9,31.34,250.22,0,62.8,668,243,1
768,2022-12-25,2025-04-06,Female,50.0,South,Mobile,Beauty,UPI,8,72.08,497.9,2,47.0,918,85,0
4064,2022-06-17,2025-05-02,Male,19.0,South,Mobile,Sports,Credit Card,4,33.72,140.53,0,73.8,1109,59,0
1732,2024-01-29,2025-05-28,Female,40.0,North,Desktop,Home & Kitchen,Credit Card,2,70.31,140.83,0,21.1,518,33,0
1164,2023-04-05,2025-06-29,Female,22.0,North,Mobile,Home & Kitchen,Debit Card,6,41.43,263.61,1,32.9,817,1,0
1525,2024-09-07,2024-12-15,Female,43.0,North,Mobile,Home & Kitchen,Debit Card,5,66.46,354.99,2,56.6,296,197,1
3835,2023-08-10,2025-04-24,Male,22.0,Central,Mobile,Home & Kitchen,Cash on Delivery,7,60.44,407.66,0,99.1,690,67,0
4844,2023-12-23,2024-02-28,Male,64.0,South,Desktop,Sports,Debit Card,6,58.77,308.03,0,19.7,555,488,1
2092,2024-05-08,2025-04-16,Female,23.0,North,Tablet,Beauty,UPI,4,31.4,133.75,0,54.0,418,75,0
3921,2024-02-21,2025-06-29,Female,40.0,North,Mobile,Sports,Cash on Delivery,8,84.52,737.66,0,18.7,495,1,0
3515,2024-06-07,2025-06-06,Female,36.0,Central,Desktop,Electronics,Debit Card,8,51.5,467.49,0,65.5,388,24,0
799,2024-08-04,2025-04-14,Female,37.0,West,Desktop,Books,UPI,9,61.28,512.41,0,8.9,330,77,0
3358,2022-03-01,2025-04-19,Male,64.0,South,Mobile,Books,Credit Card,4,57.54,225.78,0,52.2,1217,72,0
1884,2024-09-09,2025-04-14,Female,61.0,South,Desktop,Beauty,PayPal,4,63.48,223.93,0,60.4,294,77,0
2285,2023-11-10,2025-06-13,Male,20.0,North,Mobile,Books,UPI,8,65.0,523.22,0,91.8,598,17,0
4576,2024-06-09,2025-05-31,Male,43.0,South,Desktop,Electronics,Credit Card,7,18.85,142.65,0,57.9,386,30,0
4189,2024-04-21,2025-02-13,Female,55.0,South,Mobile,Home & Kitchen,PayPal,6,54.42,365.19,0,1.3,435,137,1
4660,2023-10-01,2025-06-10,Female,56.0,Central,Desktop,Sports,UPI,6,68.88,438.7,1,34.1,638,20,0
1926,2023-08-12,2024-12-12,Male,25.0,North,Mobile,Home & Kitchen,Debit Card,6,36.86,250.98,0,25.3,688,200,1
1858,2022-05-08,2025-01-10,Male,50.0,East,Mobile,Grocery,UPI,6,73.85,433.61,0,90.5,1149,171,1
623,2022-01-21,2025-05-11,Male,32.0,West,Desktop,Grocery,Credit Card,6,20.3,124.14,1,98.1,1256,50,0
1956,2022-08-19,2024-05-16,Female,27.0,North,Desktop,Electronics,UPI,11,41.94,516.52,0,59.6,1046,410,1
3300,2024-04-28,2025-06-12,Female,63.0,South,Desktop,Beauty,Debit Card,12,50.06,614.21,2,16.5,428,18,0
3919,2022-03-23,2025-04-22,,58.0,North,Mobile,Beauty,PayPal,3,86.92,258.0,1,13.4,1195,69,0
7,2022-07-29,2025-05-27,Male,44.0,North,Mobile,Sports,UPI,6,42.13,237.07,0,79.5,1067,34,0
3143,2023-03-29,2025-05-10,Female,41.0,West,Mobile,Clothing,Debit Card,5,85.15,429.08,1,96.7,824,51,0
3457,2023-09-07,2025-04-15,Female,42.0,North,Desktop,Books,PayPal,7,59.76,356.22,1,94.7,662,76,0
1484,2022-05-09,2025-06-22,Male,48.0,West,Mobile,Grocery,Credit Card,8,77.37,616.15,0,93.2,1148,8,0
4290,2022-06-30,2025-05-24,Female,18.0,Central,Desktop,Clothing,Credit Card,7,56.35,385.15,1,91.4,1096,37,0
3963,2023-06-14,2025-05-18,Male,32.0,South,Mobile,Sports,UPI,7,99.13,611.12,1,32.3,747,43,0
2300,2023-03-01,2025-06-15,Male,19.0,West,Mobile,Beauty,Debit Card,6,73.85,447.31,1,7.0,852,15,0
2588,2022-03-05,2025-05-03,Female,24.0,Central,Mobile,Home & Kitchen,Cash on Delivery,3,77.53,244.61,1,4.8,1213,58,0
2934,2024-04-25,2024-06-17,Female,26.0,South,Desktop,Grocery,Cash on Delivery,5,58.09,328.34,2,14.6,431,378,1
1922,2024-04-13,2025-04-02,Male,60.0,West,Mobile,Clothing,Credit Card,13,60.88,723.45,0,92.3,443,89,0
1791,2024-07-11,2024-10-17,Male,22.0,South,Mobile,Books,PayPal,7,104.92,635.6,0,2.7,354,256,1
2523,2023-03-16,2025-05-14,Male,57.0,South,Mobile,Grocery,Debit Card,10,48.25,429.29,0,29.1,837,47,0
2802,2024-04-03,2025-06-27,Female,58.0,North,Tablet,Clothing,PayPal,7,47.21,302.45,0,58.1,453,3,0
2996,2024-08-04,2024-09-20,Female,32.0,West,Desktop,Clothing,UPI,5,36.74,198.3,1,45.8,330,283,1
965,2022-10-08,2025-06-06,Male,40.0,Central,Mobile,Home & Kitchen,UPI,11,37.88,423.07,1,2.8,996,24,0
2851,2024-07-21,2025-04-16,Female,38.0,South,Desktop,Books,Debit Card,5,46.49,234.97,0,44.8,344,75,0
518,2024-04-08,2025-06-30,Female,22.0,East,Mobile,Home & Kitchen,Credit Card,6,53.15,284.9,1,67.4,448,0,0
4274,2023-04-16,2025-04-16,Male,62.0,South,Desktop,Home & Kitchen,UPI,5,38.55,179.03,0,1.5,806,75,0
4401,2022-06-10,2025-06-06,Male,30.0,East,Mobile,Home & Kitchen,Credit Card,8,85.57,648.24,0,0.8,1116,24,0
4240,2023-06-12,2025-06-03,Male,25.0,West,Mobile,Grocery,Debit Card,8,51.25,445.1,0,59.3,749,27,0
2027,2024-06-23,2024-10-15,Female,44.0,South,Mobile,Grocery,Credit Card,11,47.83,507.83,1,92.5,372,258,1
52,2024-02-18,2025-05-26,Female,59.0,Central,Tablet,Electronics,PayPal,5,67.35,291.12,0,72.7,498,35,0
2729,2022-07-31,2025-06-21,Male,63.0,Central,Desktop,Grocery,UPI,6,35.93,210.87,1,73.8,1065,9,0
877,2022-07-24,2025-01-12,Female,43.0,West,Desktop,Home & Kitchen,Debit Card,7,59.94,429.07,1,62.6,1072,169,1
4943,2023-02-10,2024-04-05,Female,18.0,South,Desktop,Grocery,UPI,9,37.1,325.66,0,8.8,871,451,1
512,2023-07-13,2025-06-04,Male,53.0,East,Mobile,Beauty,UPI,4,41.17,161.59,0,3.3,718,26,0
1832,2024-05-03,2025-01-23,Female,63.0,East,Tablet,Clothing,UPI,9,58.05,486.16,0,51.1,423,158,1
3523,2024-12-29,2025-01-03,Male,40.0,East,Mobile,Sports,Credit Card,4,61.98,265.74,0,86.2,183,178,1
4214,2024-10-27,2025-05-11,Male,24.0,Central,Tablet,Clothing,Credit Card,10,82.24,718.36,1,71.3,246,50,0
2448,2024-05-06,2025-06-11,Male,18.0,West,Desktop,Beauty,UPI,7,21.42,162.97,0,74.8,420,19,0
1016,2022-08-27,2025-04-07,Female,18.0,Central,Mobile,Beauty,UPI,7,36.93,220.72,0,71.3,1038,84,0
213,2022-04-14,2025-04-09,Female,30.0,North,Mobile,Grocery,PayPal,8,40.3,314.9,1,3.3,1173,82,0
3790,2022-08-01,2025-06-14,Other,41.0,South,Mobile,Grocery,Debit Card,8,85.94,725.56,0,69.5,1064,16,0
2579,2024-11-01,2024-12-10,Male,26.0,North,Mobile,Beauty,Credit Card,5,53.66,291.84,1,75.3,241,202,1
116,2024-07-18,2024-11-11,Female,35.0,East,Mobile,Clothing,Credit Card,5,49.41,257.18,1,51.6,347,231,1
1353,2023-11-07,2025-05-24,Male,47.0,North,Desktop,Books,Debit Card,6,39.47,248.62,1,42.8,601,37,0
4594,2022-10-07,2025-05-26,Male,63.0,Central,Mobile,Clothing,UPI,15,56.02,872.22,0,93.3,997,35,0
4970,2022-04-02,2025-05-29,Male,45.0,East,Desktop,Grocery,UPI,4,30.92,116.48,1,97.7,1185,32,0
861,2024-02-24,2025-06-23,Female,51.0,South,Mobile,Home & Kitchen,Credit Card,6,53.42,278.17,0,29.7,492,7,0
3284,2023-02-18,2025-06-28,Female,24.0,West,Desktop,Clothing,PayPal,5,16.97,85.82,0,17.8,863,2,0
3779,2022-10-03,2025-05-31,Female,49.0,East,Tablet,Beauty,Cash on Delivery,3,30.02,93.03,0,31.3,1001,30,0
3539,2024-10-27,2025-05-02,Female,33.0,South,Tablet,Grocery,Credit Card,6,23.8,152.65,0,98.5,246,59,0
492,2024-04-29,2025-06-05,Female,36.0,South,Mobile,Clothing,UPI,6,80.64,482.6,0,66.1,427,25,0
2520,2024-05-29,2024-10-28,Female,37.0,East,Mobile,Electronics,UPI,11,85.86,920.91,0,53.3,397,245,1
378,2024-06-08,2025-04-25,Male,40.0,East,Desktop,Electronics,UPI,9,51.51,471.71,0,35.2,387,66,0
4056,2024-09-09,2025-05-10,Male,54.0,South,Mobile,Books,UPI,6,111.0,715.83,0,89.0,294,51,0
232,2024-09-23,2024-12-05,Female,21.0,West,Mobile,Sports,Credit Card,7,65.38,516.16,0,6.6,280,207,1
1515,2023-12-08,2025-06-16,Male,27.0,East,Mobile,Home & Kitchen,Cash on Delivery,2,21.4,46.94,0,68.6,570,14,0
662,2024-12-10,2025-03-23,Other,22.0,Central,Mobile,Electronics,Cash on Delivery,5,44.45,204.15,0,96.6,202,99,1
1144,2022-07-10,2025-04-06,Female,20.0,West,Desktop,Sports,UPI,5,70.79,340.83,1,49.9,1086,85,0
423,2024-08-27,2025-04-13,Male,31.0,South,Mobile,Beauty,Credit Card,10,56.09,529.79,0,80.0,307,78,0
4357,2023-11-27,2025-04-18,Male,36.0,East,Mobile,Beauty,UPI,3,101.33,284.49,1,36.4,581,73,0
1796,2024-03-17,2024-04-15,Male,56.0,North,Mobile,Sports,UPI,6,57.59,394.58,0,42.6,470,441,1
2636,2022-10-05,2024-04-28,Female,40.0,South,Mobile,Sports,Debit Card,11,43.62,513.16,1,84.5,999,428,1
3513,2022-06-30,2023-10-13,Other,47.0,South,Mobile,Home & Kitchen,Credit Card,9,49.12,433.55,1,93.6,1096,626,1
1229,2022-10-09,2023-11-30,Other,38.0,North,Mobile,Electronics,Debit Card,4,34.76,140.43,0,22.2,995,578,1
1715,2023-09-02,2025-06-05,Male,50.0,West,Desktop,Grocery,PayPal,16,66.25,1046.92,0,40.9,667,25,0
2854,2022-04-24,2023-11-18,Female,28.0,East,Tablet,Books,Debit Card,3,24.39,70.45,0,30.8,1163,590,1
3252,2022-05-07,2025-04-20,Male,32.0,Central,Desktop,Electronics,Cash on Delivery,4,35.32,147.16,0,42.7,1150,71,0
3916,2024-07-01,2025-06-06,Male,21.0,North,Mobile,Grocery,UPI,7,37.23,295.41,0,95.7,364,24,0
2654,2022-07-10,2025-06-19,Male,62.0,Central,Mobile,Clothing,UPI,8,50.39,391.27,0,25.2,1086,11,0
1991,2022-05-08,2025-05-10,Female,29.0,East,Desktop,Grocery,PayPal,6,68.4,426.96,0,24.7,1149,51,0
986,2024-09-13,2025-05-29,Female,18.0,South,Mobile,Books,Credit Card,2,57.14,100.47,0,92.6,290,32,0
1383,2023-01-29,2025-05-08,Female,49.0,East,Mobile,Beauty,Credit Card,9,57.78,564.36,0,91.4,883,53,0
187,2022-07-13,2025-06-25,Female,43.0,East,Mobile,Sports,UPI,8,62.32,468.45,0,62.6,1083,5,0
3447,2024-04-08,2025-04-08,Female,58.0,North,Tablet,Sports,Debit Card,5,44.01,228.14,1,44.3,448,83,0
3340,2024-05-03,2025-05-09,Female,64.0,South,Desktop,Electronics,Debit Card,7,80.71,640.8,0,48.4,423,52,0
1391,2024-12-14,2025-05-11,Male,43.0,Central,Desktop,Clothing,PayPal,8,49.07,368.48,1,55.3,198,50,0
1689,2023-05-29,2025-06-10,Female,31.0,West,Mobile,Grocery,Cash on Delivery,7,60.82,402.8,0,58.7,763,20,0
636,2023-08-26,2025-05-02,Male,51.0,East,Mobile,Beauty,Debit Card,9,33.43,297.37,0,7.9,674,59,0
969,2024-06-21,2025-04-03,Female,20.0,South,Desktop,Grocery,Credit Card,3,37.45,126.85,0,71.3,374,88,0
1145,2024-06-03,2024-07-07,Male,59.0,East,Desktop,Beauty,Debit Card,2,72.9,148.75,0,61.9,392,358,1
4713,2023-05-13,2025-05-07,Male,54.0,North,Tablet,Clothing,PayPal,5,48.8,220.55,1,24.0,779,54,0
4641,2022-11-08,2025-05-23,Female,21.0,East,Tablet,Sports,UPI,9,30.41,273.57,1,56.1,965,38,0
736,2023-02-10,2025-04-21,Female,28.0,West,Mobile,Electronics,Credit Card,9,79.37,627.68,0,19.4,871,70,0
2146,2024-12-21,2025-05-20,Female,52.0,West,Mobile,Clothing,Credit Card,9,40.48,343.69,0,41.0,191,41,0
2662,2022-01-06,2024-08-30,Female,59.0,South,Mobile,Electronics,UPI,4,86.89,321.45,0,48.8,1271,304,1
256,2022-03-23,2025-04-19,Female,29.0,East,Mobile,Electronics,UPI,10,104.67,948.48,0,95.0,1195,72,0
316,2024-06-23,2025-06-19,Female,58.0,Central,Tablet,Electronics,Debit Card,8,112.61,967.84,0,99.0,372,11,0
941,2023-05-28,2024-03-05,Male,44.0,Central,Mobile,Books,UPI,6,70.94,476.31,0,82.9,764,482,1
2689,2022-01-02,2023-09-02,Female,39.0,West,Mobile,Electronics,Cash on Delivery,4,37.31,154.7,0,66.5,1275,667,1
4815,2022-05-25,2025-05-13,Female,26.0,Central,Desktop,Clothing,Debit Card,8,32.82,230.29,0,91.2,1132,48,0
3346,2024-09-19,2025-01-31,Female,28.0,South,Desktop,Clothing,UPI,8,112.3,855.17,1,83.4,284,150,1
2511,2023-04-20,2025-05-16,Male,56.0,South,Desktop,Clothing,UPI,8,37.59,312.19,0,45.4,802,45,0
4322,2024-03-29,2025-04-25,Female,34.0,North,Mobile,Beauty,Credit Card,11,26.7,297.19,1,66.1,458,66,0
4436,2023-10-29,2024-03-02,Male,59.0,East,Tablet,Sports,Credit Card,6,19.01,110.92,0,90.9,610,485,1
3198,2022-12-04,2024-05-23,Female,51.0,South,Desktop,Beauty,UPI,5,39.5,226.96,1,2.0,939,403,1
3093,2022-12-26,2025-06-24,Male,27.0,Central,Desktop,Electronics,UPI,5,62.86,340.27,1,58.9,917,6,0
4440,2023-06-23,2025-04-30,Male,43.0,North,Mobile,Clothing,UPI,5,77.37,330.34,0,97.5,738,61,0
361,2023-01-31,2025-01-01,Male,32.0,North,Mobile,Home & Kitchen,Debit Card,10,19.88,210.55,0,23.0,881,180,1
4351,2023-06-12,2024-01-22,Female,61.0,South,Mobile,Grocery,Debit Card,8,83.21,647.06,2,93.8,749,525,1
743,2022-05-27,2025-05-25,Female,49.0,East,Desktop,Home & Kitchen,Credit Card,7,23.71,160.75,0,31.3,1130,36,0
585,2024-11-02,2024-12-12,Female,52.0,East,Mobile,Beauty,Cash on Delivery,7,46.66,296.95,0,4.9,240,200,1
3452,2023-04-01,2025-05-05,Female,27.0,Central,Mobile,Grocery,PayPal,7,54.17,362.08,0,38.4,821,56,0
2347,2023-09-24,2025-04-02,Female,20.0,West,Desktop,Electronics,Credit Card,6,45.47,277.01,0,16.7,645,89,0
1180,2022-01-13,2025-06-02,Female,19.0,South,Mobile,Grocery,UPI,8,41.68,369.68,0,34.7,1264,28,0
180,2023-03-15,2025-04-09,Male,22.0,East,Mobile,Home & Kitchen,PayPal,7,16.45,111.88,0,73.0,838,82,0
3122,2023-09-11,2025-04-25,Male,56.0,Central,Desktop,Clothing,Credit Card,10,34.08,295.31,1,35.4,658,66,0
379,2023-12-09,2025-04-11,Female,37.0,West,Mobile,Books,Debit Card,9,68.64,533.61,0,46.3,569,80,0
668,2024-01-10,2024-02-24,Male,36.0,West,Mobile,Books,Credit Card,3,92.98,278.43,0,7.2,537,492,1
723,2022-01-06,2024-05-24,Male,62.0,West,Mobile,Grocery,Cash on Delivery,5,37.65,204.95,0,60.3,1271,402,1
4605,2023-08-23,2025-04-07,Female,40.0,North,Desktop,Home & Kitchen,Cash on Delivery,9,43.25,402.78,1,3.5,677,84,0
2732,2023-09-05,2025-06-17,Male,21.0,West,Mobile,Home & Kitchen,Debit Card,2,26.54,53.23,0,43.6,664,13,0
3709,2023-11-09,2025-04-17,Male,48.0,West,Mobile,Clothing,Cash on Delivery,4,31.22,125.62,0,89.6,599,74,0
3488,2023-09-04,2024-08-29,Male,61.0,North,Mobile,Electronics,Credit Card,7,119.29,892.0,1,2.7,665,305,1
789,2022-03-17,2023-12-22,Male,45.0,Central,Desktop,Clothing,UPI,5,71.52,312.72,0,95.2,1201,556,1
3412,2024-07-29,2024-08-17,Male,34.0,Central,Mobile,Electronics,Debit Card,6,72.81,419.85,1,52.2,336,317,1
4059,2024-01-05,2025-04-24,Female,49.0,North,Mobile,Books,UPI,6,58.41,356.96,0,28.6,542,67,0
2470,2024-03-12,2025-05-06,Female,48.0,North,Mobile,Books,UPI,5,73.29,365.07,0,8.3,475,55,0
3583,2024-08-29,2025-05-18,Male,64.0,North,Mobile,Clothing,Credit Card,7,28.17,214.26,0,47.6,305,43,0
2277,2024-02-12,2025-05-21,Female,45.0,South,Desktop,Beauty,Debit Card,8,72.68,654.33,0,51.1,504,40,0
424,2022-12-14,2025-03-02,Female,38.0,West,Desktop,Clothing,Debit Card,4,38.09,162.35,1,60.2,929,120,1
4411,2023-01-10,2025-05-12,Male,27.0,East,Mobile,Sports,UPI,9,59.19,466.71,0,83.7,902,49,0
808,2023-02-21,2025-04-18,Female,64.0,East,Mobile,Sports,UPI,7,23.11,140.75,1,32.3,860,73,0
415,2023-03-07,2025-05-20,Female,27.0,North,Mobile,Sports,PayPal,8,84.7,772.96,0,24.8,846,41,0
4187,2022-12-16,2025-05-31,Male,48.0,North,Desktop,Electronics,UPI,5,58.47,258.49,1,87.1,927,30,0
841,2022-05-23,2025-05-18,Male,35.0,South,Tablet,Grocery,UPI,9,55.83,463.03,0,55.0,1134,43,0
4315,2022-03-15,2025-04-22,Other,55.0,Central,Desktop,Clothing,Debit Card,8,80.9,633.64,0,0.4,1203,69,0
2817,2023-05-04,2025-05-07,Female,25.0,South,Tablet,Books,Credit Card,14,37.9,603.14,1,87.9,788,54,0
1243,2023-12-27,2025-04-15,Female,57.0,North,Mobile,Beauty,Credit Card,4,20.47,86.46,0,21.5,551,76,0
1142,2022-07-06,2024-08-27,Male,28.0,North,Mobile,Grocery,Credit Card,6,79.57,421.43,0,29.8,1090,307,1
2928,2022-10-19,2025-05-18,Other,39.0,South,Mobile,Grocery,PayPal,6,107.76,610.3,0,97.3,985,43,0
3510,2022-12-12,2025-05-28,Male,56.0,South,Tablet,Home & Kitchen,PayPal,3,55.7,164.29,1,87.7,931,33,0
4831,2022-08-05,2024-02-12,Female,41.0,Central,Mobile,Home & Kitchen,Debit Card,6,41.53,230.98,1,5.5,1060,504,1
2568,2022-10-15,2024-09-19,Male,19.0,Central,Mobile,Electronics,UPI,9,60.01,609.54,1,30.5,989,284,1
3431,2023-07-22,2025-04-09,Female,29.0,North,Desktop,Beauty,PayPal,6,82.28,560.77,0,15.0,709,82,0
3440,2023-10-17,2025-04-02,Female,48.0,South,Mobile,Electronics,Debit Card,5,25.16,119.76,0,86.3,622,89,0
3553,2024-09-30,2025-02-10,Female,53.0,Central,Desktop,Beauty,UPI,8,69.78,502.86,0,0.2,273,140,1
2784,2024-05-11,2025-05-10,Female,58.0,North,Tablet,Beauty,PayPal,7,66.23,520.51,1,91.4,415,51,0
49,2022-06-13,2024-05-26,Female,29.0,South,Mobile,Grocery,PayPal,6,59.41,404.59,0,31.0,1113,400,1
982,2024-10-24,2025-05-04,Female,37.0,Central,Mobile,Sports,PayPal,6,24.01,149.57,0,1.5,249,57,0
157,2024-06-16,2024-12-18,Female,19.0,East,Mobile,Sports,UPI,2,33.65,67.41,0,39.4,379,194,1
4819,2024-11-29,2025-03-19,Female,56.0,West,Desktop,Electronics,UPI,6,166.07,1049.86,0,14.2,213,103,1
2719,2023-12-05,2025-01-25,Female,60.0,South,Mobile,Home & Kitchen,Credit Card,6,20.68,135.4,1,85.4,573,156,1
1496,2024-05-03,2024-07-02,Female,59.0,Central,Desktop,Electronics,PayPal,7,69.76,424.55,1,89.8,423,363,1
1415,2024-06-21,2025-04-01,Female,20.0,North,Mobile,Beauty,Debit Card,4,82.35,311.96,0,13.7,374,90,0
2608,2023-05-22,2023-08-25,Male,25.0,West,Tablet,Grocery,UPI,9,39.76,329.05,0,55.0,770,675,1
493,2024-04-14,2025-06-19,Male,36.0,Central,Desktop,Beauty,Cash on Delivery,6,52.28,269.81,1,14.8,442,11,0
1236,2024-05-31,2025-04-25,Male,60.0,South,Desktop,Grocery,Debit Card,12,42.57,580.07,1,68.6,395,66,0
3076,2023-06-30,2025-06-10,Female,49.0,North,Mobile,Sports,UPI,8,25.36,227.45,0,36.0,731,20,0
722,2022-11-17,2025-04-05,Male,33.0,South,Mobile,Clothing,Debit Card,10,49.72,531.43,0,55.9,956,86,0
2115,2023-09-11,2024-07-24,Female,26.0,South,Desktop,Home & Kitchen,Debit Card,3,45.6,122.33,0,39.4,658,341,1
101,2024-05-14,2024-10-20,Male,39.0,South,Mobile,Clothing,Debit Card,7,23.12,167.33,0,72.6,412,253,1
3067,2022-04-30,2024-06-14,Male,25.0,North,Mobile,Beauty,Credit Card,10,39.71,424.78,2,3.2,1157,381,1
3415,2024-08-13,2025-04-10,Female,59.0,West,Mobile,Electronics,Credit Card,11,42.86,509.8,0,59.6,321,81,0
1683,2023-10-23,2025-01-01,Female,52.0,North,Desktop,Home & Kitchen,PayPal,7,50.2,385.35,1,8.1,616,180,1
4154,2022-08-31,2025-05-11,Male,35.0,West,Mobile,Sports,UPI,9,33.15,288.05,0,92.9,1034,50,0
3054,2024-09-09,2025-05-17,Male,31.0,East,Mobile,Home & Kitchen,Cash on Delivery,9,102.19,1048.65,1,23.6,294,44,0
1494,2023-12-24,2025-04-23,Male,30.0,North,Mobile,Electronics,Credit Card,3,126.07,376.72,1,5.9,554,68,0
4695,2024-12-02,2025-06-19,Male,43.0,West,Mobile,Electronics,UPI,7,24.9,195.86,0,65.6,210,11,0
514,2024-09-21,2025-05-03,Female,62.0,East,Mobile,Grocery,Debit Card,4,36.88,134.25,0,23.1,282,58,0
2826,2022-12-26,2025-06-28,Female,53.0,North,Desktop,Home & Kitchen,Cash on Delivery,7,36.35,283.0,1,31.0,917,2,0
933,2024-08-10,2024-11-30,Other,33.0,East,Mobile,Grocery,Debit Card,6,57.63,387.62,0,0.2,324,212,1
4276,2022-11-28,2025-06-29,Female,45.0,East,Mobile,Beauty,,7,79.84,613.94,0,49.6,945,1,0
645,2024-05-21,2025-05-20,Male,39.0,South,Mobile,Books,Credit Card,8,30.38,250.1,0,72.7,405,41,0
4749,2023-12-14,2025-05-26,Male,32.0,North,Mobile,Beauty,UPI,6,48.98,289.51,0,61.5,564,35,0
2905,2024-08-08,2025-06-08,Female,32.0,Central,Mobile,Grocery,Debit Card,6,39.29,263.43,1,54.5,326,22,0
88,2023-06-23,2025-04-04,Female,61.0,Central,Tablet,Books,UPI,8,47.88,394.26,2,79.4,738,87,0
1727,2023-10-03,2025-05-02,Female,29.0,North,Mobile,Electronics,Credit Card,14,53.55,645.88,0,37.4,636,59,0
1119,2024-07-18,2025-06-06,Male,22.0,North,Mobile,Clothing,Credit Card,8,33.71,261.43,0,16.1,347,24,0
2560,2024-02-25,2024-03-19,Female,21.0,West,Mobile,Grocery,Debit Card,6,79.0,428.15,0,25.1,491,468,1
3033,2023-07-28,2025-05-10,Female,22.0,East,Mobile,Electronics,Credit Card,6,22.5,117.1,1,4.2,703,51,0
3325,2023-07-05,2024-11-28,Female,44.0,East,Desktop,Books,PayPal,4,93.38,388.49,1,0.8,726,214,1
2456,2022-04-01,2025-05-06,Male,21.0,North,Mobile,Electronics,Credit Card,11,123.44,1531.67,0,33.8,1186,55,0
4348,2023-11-28,2025-06-09,Female,58.0,South,Desktop,Home & Kitchen,Debit Card,7,29.28,235.66,0,75.7,580,21,0
4632,2023-08-17,2025-06-06,Male,33.0,South,Mobile,Books,Credit Card,8,65.94,598.04,1,89.6,683,24,0
76,2023-07-03,2024-10-26,Female,27.0,West,Desktop,Beauty,Debit Card,9,84.41,764.51,0,38.6,728,247,1
1062,2023-03-19,2025-04-28,Other,60.0,East,Desktop,Electronics,Debit Card,9,51.67,422.19,0,69.7,834,63,0
1766,2023-03-17,2025-06-12,Male,45.0,North,Tablet,Clothing,UPI,7,59.57,431.12,1,17.9,836,18,0
2595,2022-12-11,2025-06-04,Male,51.0,South,Mobile,Electronics,Debit Card,5,102.09,461.53,0,56.5,932,26,0
3621,2022-11-02,2025-05-09,Female,55.0,South,Mobile,Books,UPI,8,72.52,542.09,0,82.0,971,52,0
2118,2023-03-29,2025-04-09,Female,63.0,East,Desktop,Books,Credit Card,8,72.12,649.51,0,89.0,824,82,0
1061,2023-03-01,2025-06-28,Female,41.0,South,Mobile,Clothing,UPI,5,101.62,507.36,0,78.1,852,2,0
3631,2024-08-08,2025-04-12,Female,39.0,North,Mobile,Grocery,Cash on Delivery,9,32.16,253.41,3,13.3,326,79,0
2758,2023-07-22,2024-05-14,Female,53.0,North,Mobile,Beauty,Cash on Delivery,1,74.34,64.54,0,15.4,709,412,1
713,2022-07-23,2025-05-12,Male,56.0,East,Mobile,Electronics,UPI,4,43.16,150.4,0,29.0,1073,49,0
2387,2023-09-06,2025-04-03,Male,55.0,South,Mobile,Home & Kitchen,Debit Card,7,73.77,591.31,0,48.2,663,88,0
1458,2023-11-18,2025-05-15,Female,37.0,South,Desktop,Clothing,UPI,5,33.87,194.12,0,73.9,590,46,0
869,2022-11-08,2025-05-24,Female,23.0,East,Mobile,Grocery,Credit Card,4,60.57,254.44,2,7.5,965,37,0
1443,2023-12-17,2025-04-18,Female,19.0,Central,Desktop,Clothing,Cash on Delivery,9,36.85,350.04,0,41.6,561,73,0
244,2024-12-23,2025-06-20,Male,57.0,South,Mobile,Books,Debit Card,4,52.98,205.55,1,79.1,189,10,0
4942,2024-09-11,2025-04-25,Male,39.0,Central,Mobile,Clothing,Cash on Delivery,8,46.8,391.13,0,55.4,292,66,0
1758,2023-09-24,2024-03-14,Female,28.0,South,Mobile,Beauty,UPI,4,51.34,174.74,0,66.7,645,473,1
3889,2024-10-01,2025-04-09,Female,40.0,East,Desktop,Home & Kitchen,UPI,6,34.46,210.96,0,93.6,272,82,0
4006,2023-09-17,2025-04-29,Male,21.0,North,Mobile,Books,PayPal,5,48.84,267.88,0,21.6,652,62,0
4170,2022-10-03,2025-04-02,Male,49.0,South,Mobile,Beauty,UPI,5,68.2,347.75,0,23.4,1001,89,0
4916,2024-10-25,2024-11-08,Female,27.0,West,Mobile,Electronics,Cash on Delivery,10,16.15,183.63,1,46.7,248,234,1
163,2022-05-12,2025-04-29,Female,57.0,South,Mobile,Clothing,UPI,13,70.15,1041.6,0,87.6,1145,62,0
3907,2023-11-10,2025-06-05,Female,19.0,North,Desktop,Clothing,Credit Card,4,24.71,100.59,1,70.0,598,25,0
1375,2024-01-12,2024-10-15,Male,52.0,Central,Mobile,Electronics,Credit Card,7,33.85,216.48,0,71.9,535,258,1
4369,2024-04-24,2025-05-05,Male,33.0,Central,Mobile,Beauty,PayPal,7,39.16,262.04,0,66.5,432,56,0
890,2023-11-04,2024-10-04,Male,48.0,Central,Mobile,Clothing,UPI,1,129.81,129.59,1,94.7,604,269,1
4094,2022-12-06,2025-04-11,Female,46.0,North,Tablet,Clothing,PayPal,8,39.45,271.28,0,35.3,937,80,0
922,2022-06-11,2025-06-24,Female,33.0,West,Mobile,Electronics,Debit Card,7,21.5,144.03,1,61.5,1115,6,0
1147,2024-02-03,2025-04-05,Female,62.0,West,Mobile,Beauty,Credit Card,8,32.99,286.6,1,79.5,513,86,0
1562,2022-06-19,2025-04-30,Male,37.0,North,Tablet,Clothing,Credit Card,11,81.06,904.09,0,71.1,1107,61,0
2676,2023-11-23,2025-04-04,Male,48.0,West,Desktop,Clothing,UPI,5,54.46,290.62,0,12.6,585,87,0
1311,2023-09-28,2024-05-02,Male,27.0,West,Mobile,Clothing,Credit Card,10,34.25,291.27,0,68.0,641,424,1
3530,2022-02-06,2025-04-08,Male,28.0,North,Desktop,Home & Kitchen,Debit Card,8,136.44,1033.38,1,5.0,1240,83,0
2259,2023-01-29,2025-04-09,Male,46.0,South,Mobile,Beauty,Debit Card,6,72.33,388.96,0,23.1,883,82,0
4671,2022-05-27,2024-11-12,Male,36.0,Central,Desktop,Grocery,Cash on Delivery,6,61.43,314.18,0,3.0,1130,230,1
1609,2024-01-22,2024-03-03,Male,62.0,South,Desktop,Books,UPI,7,85.99,630.76,2,14.7,525,484,1
4603,2022-01-19,2023-10-21,Female,42.0,East,Tablet,Beauty,UPI,7,62.75,454.26,2,64.6,1258,618,1
4429,2024-07-31,2025-04-01,Male,33.0,South,Mobile,Electronics,Debit Card,6,51.25,279.44,2,32.9,334,90,0
4763,2024-11-02,2025-02-02,Female,19.0,South,Tablet,Clothing,Credit Card,8,63.36,552.85,0,68.7,240,148,1
2262,2023-12-27,2025-06-10,Female,19.0,Central,Desktop,Electronics,UPI,8,95.98,736.41,0,75.0,551,20,0
3757,2022-04-04,2025-05-28,Male,34.0,East,Tablet,Books,Cash on Delivery,7,74.61,545.44,1,33.1,1183,33,0
4313,2023-04-20,2025-05-30,Male,60.0,North,Mobile,Grocery,UPI,5,132.47,621.08,0,75.3,802,31,0
1385,2022-10-09,2025-06-25,Female,41.0,South,Desktop,Electronics,Debit Card,8,25.94,180.98,1,52.9,995,5,0
3740,2022-04-22,2025-06-27,Female,37.0,North,Mobile,Home & Kitchen,PayPal,7,51.68,364.09,0,71.3,1165,3,0
3,2023-07-18,2025-05-25,Female,49.0,Central,Mobile,Books,Debit Card,8,59.11,477.57,0,61.3,713,36,0
314,2023-06-21,2024-05-30,Female,21.0,South,Mobile,Books,Credit Card,3,15.89,41.87,1,76.2,740,396,1
3729,2024-04-06,2025-04-30,Male,24.0,East,Desktop,Electronics,UPI,7,23.54,142.7,0,64.5,450,61,0
2958,2022-10-06,2025-06-25,Female,44.0,South,Desktop,Beauty,PayPal,11,39.28,453.85,0,68.8,998,5,0
2091,2022-03-07,2025-04-28,,49.0,North,Desktop,Clothing,UPI,8,49.92,392.04,1,17.9,1211,63,0
1004,2024-02-20,2024-09-20,Female,41.0,West,Desktop,Beauty,PayPal,7,51.79,382.31,0,32.9,496,283,1
654,2023-01-30,2025-05-09,Female,19.0,West,Mobile,Sports,UPI,10,33.07,331.48,0,27.0,882,52,0
4588,2023-06-17,2024-02-14,Male,43.0,West,Desktop,Home & Kitchen,PayPal,5,28.41,141.02,0,84.9,744,502,1
1941,2023-08-16,2025-06-13,Male,26.0,East,Desktop,Beauty,Debit Card,6,20.55,118.21,0,57.2,684,17,0
3522,2022-03-19,2025-05-29,Male,35.0,West,Desktop,Home & Kitchen,PayPal,5,71.05,334.17,0,88.6,1199,32,0
2268,2024-07-29,2025-04-07,Female,47.0,Central,Mobile,Clothing,Credit Card,11,58.66,585.79,1,96.7,336,84,0
4085,2024-08-09,2024-10-04,Male,30.0,North,Mobile,Home & Kitchen,Credit Card,6,48.76,248.98,0,73.5,325,269,1
3953,2024-07-29,2025-04-20,Other,22.0,South,Mobile,Home & Kitchen,Credit Card,6,27.0,142.72,1,23.5,336,71,0
1672,2023-01-08,2025-06-12,Female,45.0,East,Desktop,Grocery,Cash on Delivery,16,41.45,564.63,0,26.3,904,18,0
4673,2023-01-07,2025-04-10,Female,18.0,North,Mobile,Home & Kitchen,UPI,17,152.58,2581.88,0,12.3,905,81,0
4437,2024-01-11,2025-05-07,Male,28.0,South,Mobile,Clothing,UPI,10,47.49,411.07,2,73.6,536,54,0
38,2024-07-29,2025-04-24,Male,55.0,East,Mobile,Clothing,UPI,8,39.19,336.0,2,81.1,336,67,0
2865,2022-04-01,2024-01-29,Male,56.0,North,Desktop,Grocery,Credit Card,5,31.22,143.14,1,32.0,1186,518,1
2017,2024-01-11,2025-06-18,Male,50.0,Central,Mobile,Beauty,Credit Card,8,47.91,410.93,0,81.7,536,12,0
745,2022-12-06,2025-05-31,Male,51.0,East,Mobile,Clothing,UPI,7,60.64,418.35,0,86.0,937,30,0
3021,2022-12-11,2024-02-23,Male,,East,Mobile,Clothing,Debit Card,5,48.04,225.31,0,5.2,932,493,1
2088,2023-07-19,2025-06-23,Female,56.0,East,Mobile,Clothing,UPI,6,90.52,613.9,0,82.6,712,7,0
542,2023-06-01,2025-05-26,Female,32.0,South,Tablet,Books,PayPal,5,54.12,259.14,1,48.8,760,35,0
534,2023-11-02,2024-05-16,Female,34.0,Central,Mobile,Clothing,Debit Card,7,24.7,184.16,0,23.8,606,410,1
4762,2022-01-02,2024-08-28,Other,41.0,East,Desktop,Home & Kitchen,Debit Card,6,109.21,619.7,0,11.3,1275,306,1
2722,2022-09-28,2025-05-30,Female,38.0,West,Desktop,Books,Debit Card,9,60.28,487.19,1,86.5,1006,31,0
3545,2023-08-19,2025-02-11,Female,26.0,West,Tablet,Sports,Credit Card,9,39.56,357.31,0,77.5,681,139,1
1603,2024-01-30,2025-04-23,Male,54.0,West,Mobile,Electronics,UPI,9,35.34,317.76,0,40.4,517,68,0
4445,2024-01-20,2024-04-19,Male,41.0,East,Mobile,Grocery,PayPal,4,36.56,138.13,0,35.7,527,437,1
2929,2023-07-28,2024-01-16,Female,37.0,North,Mobile,Electronics,Credit Card,8,47.5,390.71,1,67.7,703,531,1
4483,2022-05-03,2024-05-20,Female,42.0,East,Desktop,Electronics,PayPal,9,44.41,439.59,1,9.2,1154,406,1
961,2023-12-23,2024-09-12,Male,42.0,East,Desktop,Clothing,UPI,5,56.99,281.29,1,86.9,555,291,1
2380,2024-10-06,2025-04-27,Female,58.0,West,Mobile,Clothing,PayPal,5,50.6,230.51,0,86.0,267,64,0
4164,2024-04-21,2025-06-08,Male,54.0,North,Mobile,Beauty,Credit Card,4,24.93,101.68,0,4.4,435,22,0
3903,2023-12-17,2025-02-23,Female,34.0,West,Mobile,Grocery,Credit Card,3,28.38,76.97,1,7.8,561,127,1
148,2022-12-05,2025-06-06,Female,35.0,North,Mobile,Electronics,UPI,7,71.08,487.2,0,21.9,938,24,0
4324,2024-03-20,2024-12-28,Female,20.0,East,Mobile,Beauty,PayPal,4,27.35,113.51,1,14.7,467,184,1
1815,2022-10-14,2025-06-11,Male,55.0,South,Tablet,Home & Kitchen,PayPal,6,22.81,142.3,0,81.1,990,19,0
4278,2023-03-16,2025-06-28,Male,55.0,East,Mobile,Beauty,UPI,12,61.92,738.72,0,44.5,837,2,0
363,2023-11-04,2025-04-03,Male,21.0,South,Desktop,Home & Kitchen,Debit Card,7,80.29,624.79,1,46.2,604,88,0
906,2023-09-06,2025-06-12,Female,24.0,East,Desktop,Clothing,Debit Card,5,58.56,254.8,4,43.0,663,18,0
1703,2022-06-16,2025-06-19,Male,40.0,North,Desktop,Home & Kitchen,Debit Card,13,92.73,1198.89,1,43.3,1110,11,0
2272,2022-06-15,2025-06-25,Male,50.0,East,Desktop,Clothing,Debit Card,7,51.21,316.35,0,38.8,1111,5,0
1528,2022-05-10,2025-06-14,Male,40.0,East,Desktop,Home & Kitchen,UPI,7,77.42,603.18,1,10.6,1147,16,0
4130,2024-11-24,2025-02-25,Male,20.0,South,Tablet,Sports,Debit Card,8,41.36,315.24,0,75.7,218,125,1
2336,2022-06-18,2025-04-14,Male,39.0,East,Mobile,Grocery,UPI,7,108.47,692.86,0,72.8,1108,77,0
2406,2024-05-31,2025-06-10,Female,35.0,West,Mobile,Electronics,PayPal,7,75.6,549.12,1,52.4,395,20,0
1047,2024-03-26,2024-12-10,Male,53.0,South,Mobile,Clothing,Credit Card,7,42.48,254.99,0,57.7,461,202,1
3793,2024-10-29,2025-04-23,Female,55.0,West,Desktop,Electronics,Credit Card,8,21.78,151.19,1,85.7,244,68,0
2028,2022-08-27,2025-06-11,Other,42.0,South,Desktop,Clothing,Credit Card,10,29.91,265.7,0,41.3,1038,19,0
2298,2023-10-07,2025-05-31,Male,39.0,East,Mobile,Home & Kitchen,UPI,8,92.01,770.37,0,9.3,632,30,0
4079,2022-11-01,2024-09-29,Female,35.0,North,Mobile,Home & Kitchen,PayPal,8,21.55,180.16,0,75.4,972,274,1
2786,2022-12-20,2025-04-14,Male,58.0,North,Tablet,Home & Kitchen,Credit Card,6,51.48,334.42,0,22.3,923,77,0
2083,2023-04-16,2025-05-01,Male,56.0,North,Mobile,Electronics,Credit Card,14,42.35,557.04,0,71.7,806,60,0
2220,2024-09-27,2025-05-06,Male,28.0,North,Desktop,Books,PayPal,6,30.65,196.45,0,94.0,276,55,0
71,2022-04-25,2025-04-11,Female,26.0,Central,Desktop,Grocery,PayPal,5,69.29,314.95,0,67.7,1162,80,0
2949,2023-10-08,2025-06-24,Male,35.0,Central,Mobile,Clothing,Credit Card,5,30.98,137.63,0,71.0,631,6,0
61,2022-05-27,2025-06-11,Male,36.0,North,Mobile,Clothing,Credit Card,5,127.45,658.16,1,44.7,1130,19,0
1707,2024-05-03,2024-11-12,Female,,North,Desktop,Grocery,PayPal,10,82.47,814.37,2,48.5,423,230,1
337,2022-11-13,2024-05-05,Female,43.0,East,Mobile,Sports,Credit Card,6,41.69,250.04,0,47.9,960,421,1
579,2022-03-26,2025-04-05,Female,35.0,Central,Mobile,Electronics,UPI,8,91.4,783.52,2,70.8,1192,86,0
2291,2024-08-31,2024-11-18,Female,34.0,South,Mobile,Grocery,PayPal,7,63.07,445.46,0,58.1,303,224,1
4473,2024-11-24,2025-05-07,Male,54.0,West,Desktop,Grocery,UPI,4,23.87,95.08,0,24.1,218,54,0
663,2023-08-03,2025-05-18,Female,49.0,West,Mobile,Beauty,Credit Card,7,36.69,290.69,0,33.6,697,43,0
4080,2024-01-20,2025-04-12,Male,23.0,South,Desktop,Home & Kitchen,UPI,6,45.77,289.51,3,16.2,527,79,0
1435,2023-07-13,2025-04-24,Male,56.0,West,Mobile,Sports,UPI,9,46.32,453.12,1,46.2,718,67,0
3374,2022-09-11,2025-03-30,Female,55.0,West,Mobile,Books,UPI,6,47.87,256.72,0,80.1,1023,92,1
4461,2023-04-28,2024-10-17,Male,38.0,West,Mobile,Electronics,Cash on Delivery,7,26.06,173.07,1,66.3,794,256,1
2517,2022-03-01,2025-05-29,Male,63.0,North,Desktop,Sports,Credit Card,7,135.3,1044.5,0,21.5,1217,32,0
4249,2023-02-25,2025-05-29,Female,63.0,North,Tablet,Clothing,Credit Card,5,66.79,301.85,0,91.3,856,32,0
1719,2022-11-20,2023-09-11,Other,48.0,Central,Mobile,Electronics,Debit Card,3,33.46,98.03,1,49.3,953,658,1
1223,2024-03-20,2025-06-08,Male,19.0,West,Desktop,Electronics,Cash on Delivery,10,46.82,432.14,2,25.4,467,22,0
2604,2024-06-22,2024-12-13,Male,31.0,Central,Mobile,Home & Kitchen,Credit Card,4,77.74,284.6,0,90.6,373,199,1
4291,2022-05-12,2024-09-06,Female,46.0,North,Desktop,Sports,UPI,5,40.47,195.44,0,52.8,1145,297,1
951,2023-08-29,2025-05-06,Female,46.0,West,Desktop,Electronics,UPI,5,51.67,275.88,0,63.5,671,55,0
3821,2024-12-29,2025-04-07,Male,50.0,South,Mobile,Electronics,Cash on Delivery,3,31.69,109.06,0,52.7,183,84,0
4696,2022-09-08,2025-05-18,Female,33.0,West,Mobile,Clothing,Credit Card,6,67.73,415.98,0,35.5,1026,43,0
1058,2022-09-15,2025-04-18,Male,18.0,Central,Mobile,Sports,UPI,7,58.09,432.97,0,12.3,1019,73,0
1269,2024-12-09,2025-05-26,Female,40.0,North,Desktop,Beauty,UPI,9,89.38,849.17,0,94.8,203,35,0
1846,2022-08-14,2025-06-27,Male,56.0,Central,Desktop,Beauty,Credit Card,8,25.01,183.59,1,43.0,1051,3,0
4451,2024-02-02,2025-05-28,Male,30.0,North,Mobile,Grocery,Credit Card,7,75.36,488.65,1,73.7,514,33,0
2247,2024-12-20,2025-05-31,Male,54.0,Central,Mobile,Home & Kitchen,PayPal,7,52.31,394.53,0,78.7,192,30,0
3577,2022-08-26,2024-04-23,Male,21.0,East,Mobile,Sports,PayPal,7,37.23,225.17,1,50.5,1039,433,1
957,2022-04-11,2024-07-01,Female,58.0,East,Mobile,Clothing,Credit Card,7,60.39,376.99,0,9.6,1176,364,1
2944,2024-06-09,2024-07-11,Female,39.0,South,Mobile,Books,Debit Card,5,38.56,208.41,0,25.0,386,354,1
3262,2024-05-07,2024-07-31,Female,58.0,South,Mobile,Beauty,Credit Card,8,22.31,166.17,1,56.9,419,334,1
4102,2024-01-05,2025-04-21,Male,54.0,South,Mobile,Beauty,Debit Card,6,50.64,264.0,0,52.5,542,70,0
3904,2023-03-30,2025-05-15,Male,40.0,South,Desktop,Electronics,Credit Card,9,18.27,139.83,0,46.6,823,46,0
3954,2023-11-11,2025-03-16,Male,30.0,East,Tablet,Sports,Credit Card,5,60.44,331.53,3,13.9,597,106,1
3188,2023-12-02,2025-05-14,Male,51.0,East,Mobile,Sports,Debit Card,5,25.78,137.5,0,91.3,576,47,0
10,2022-03-07,2025-03-23,Female,24.0,West,Desktop,Home & Kitchen,Debit Card,5,37.06,160.98,2,99.0,1211,99,1
3222,2024-09-10,2024-10-20,Male,61.0,Central,Mobile,Home & Kitchen,Debit Card,10,60.42,588.57,0,83.2,293,253,1
2223,2024-12-09,2025-06-23,Male,30.0,West,Mobile,Grocery,UPI,9,64.17,649.53,0,40.7,203,7,0
916,2023-05-16,2024-08-28,Male,26.0,North,Tablet,Clothing,PayPal,8,22.21,203.99,1,38.9,776,306,1
1733,2024-11-20,2025-05-23,Female,46.0,East,Tablet,Electronics,UPI,7,23.85,181.12,0,86.7,222,38,0
3444,2023-08-29,2025-04-23,Other,48.0,Central,Desktop,Grocery,Debit Card,11,19.22,209.53,0,28.5,671,68,0
786,2024-10-11,2025-05-07,Female,55.0,West,Mobile,Grocery,Cash on Delivery,6,84.04,509.86,0,31.9,262,54,0
610,2024-02-16,2025-06-18,Female,24.0,North,Tablet,Clothing,Credit Card,8,109.35,760.15,0,19.6,500,12,0
1154,2024-05-16,2025-01-18,Female,21.0,West,Mobile,Electronics,Debit Card,4,21.61,92.84,0,24.1,410,163,1
343,2023-01-03,2025-01-24,Male,21.0,North,Mobile,Grocery,Credit Card,8,60.36,508.8,1,40.5,909,157,1
3763,2023-06-05,2025-06-05,Female,20.0,Central,Mobile,Beauty,UPI,8,28.26,227.31,0,79.0,756,25,0
3482,2024-08-25,2025-06-26,Female,34.0,West,Desktop,Books,Debit Card,7,58.55,435.53,1,38.5,309,4,0
3687,2023-04-04,2025-06-12,Female,21.0,North,Tablet,Grocery,UPI,5,39.67,221.55,0,74.2,818,18,0
1125,2024-05-30,2024-11-29,Female,53.0,Central,Mobile,Sports,UPI,7,113.36,862.93,1,10.1,396,213,1
1954,2023-07-13,2025-05-03,Female,63.0,Central,Mobile,Clothing,Debit Card,5,63.34,301.23,0,92.4,718,58,0
4803,2023-03-04,2023-11-23,Female,26.0,North,Mobile,Clothing,Credit Card,7,86.01,563.16,1,12.7,849,585,1
3911,2024-12-22,2025-02-17,Male,30.0,Central,Mobile,Clothing,PayPal,7,58.32,430.11,1,51.3,190,133,1
2482,2022-10-18,2025-05-28,Female,28.0,Central,Mobile,Home & Kitchen,Cash on Delivery,5,109.01,560.37,1,58.8,986,33,0
856,2024-02-12,2025-04-03,Male,61.0,West,Desktop,Sports,Cash on Delivery,5,62.46,312.65,0,28.2,504,88,0
446,2023-05-15,2024-05-29,Female,23.0,East,Mobile,Clothing,Credit Card,6,53.22,313.46,0,5.8,777,397,1
3214,2024-10-02,2024-12-06,Female,44.0,North,Mobile,Home & Kitchen,PayPal,4,52.41,179.37,0,4.8,271,206,1
1962,2022-01-29,2025-05-24,Male,27.0,South,Mobile,Electronics,UPI,6,50.61,263.74,0,86.6,1248,37,0
406,2023-01-28,2025-06-05,Female,22.0,West,Mobile,Beauty,Credit Card,7,38.85,252.64,0,59.6,884,25,0
285,2022-11-20,2025-06-03,Female,60.0,North,Mobile,Beauty,Cash on Delivery,8,20.61,159.58,1,57.6,953,27,0
346,2023-05-24,2025-06-13,Female,19.0,Central,Mobile,Home & Kitchen,Credit Card,8,43.33,381.74,0,82.9,768,17,0
3470,2023-04-03,2025-05-26,Male,60.0,East,Mobile,Books,UPI,8,39.77,332.17,0,97.8,819,35,0
2289,2023-04-16,2025-04-27,Female,48.0,East,Desktop,Grocery,UPI,8,28.98,227.33,1,6.8,806,64,0
4273,2022-09-01,2025-04-27,Male,52.0,West,Desktop,Electronics,Credit Card,11,41.4,508.94,1,38.2,1033,64,0
3002,2023-04-01,2025-05-09,Female,41.0,North,Mobile,Sports,UPI,6,59.1,405.96,1,3.4,821,52,0
2804,2022-11-09,2025-04-30,Female,46.0,West,Mobile,Home & Kitchen,Debit Card,8,70.13,519.07,0,56.2,964,61,0
4464,2023-02-06,2024-12-27,Male,40.0,South,Tablet,Grocery,Debit Card,11,93.65,1141.23,0,72.0,875,185,1
3506,2022-01-10,2023-08-07,Female,60.0,Central,Mobile,Grocery,UPI,5,56.5,256.69,0,60.2,1267,693,1
4565,2022-02-28,2025-04-29,Male,33.0,South,Desktop,Grocery,Cash on Delivery,6,64.46,396.76,1,93.6,1218,62,0
874,2023-11-11,2025-02-17,Male,43.0,West,Desktop,Grocery,UPI,6,32.56,222.16,1,65.1,597,133,1
1105,2022-08-10,2025-04-21,Other,21.0,West,Mobile,Grocery,Credit Card,8,44.34,354.2,0,43.3,1055,70,0
2288,2022-03-29,2025-04-18,Male,31.0,Central,Desktop,Clothing,UPI,7,29.84,237.98,1,18.6,1189,73,0
1722,2024-09-18,2025-05-23,Male,39.0,Central,Mobile,Clothing,Debit Card,6,43.52,276.48,0,21.0,285,38,0
3676,2024-09-16,2025-05-01,Male,62.0,North,Mobile,Clothing,Credit Card,13,41.39,524.27,1,2.2,287,60,0
4518,2022-11-28,2025-04-27,Female,42.0,East,Mobile,Electronics,Debit Card,10,46.17,510.15,0,5.0,945,64,0
4050,2023-03-30,2024-06-22,Male,36.0,South,Mobile,Grocery,Debit Card,5,73.55,418.3,1,32.0,823,373,1
3637,2024-01-08,2025-05-19,Female,30.0,North,Mobile,Electronics,PayPal,5,55.87,316.66,0,79.5,539,42,0
4026,2022-07-21,2025-05-11,Female,18.0,South,Mobile,Electronics,Credit Card,8,46.47,369.43,0,11.8,1075,50,0
4343,2024-11-02,2025-04-27,Female,32.0,North,Mobile,Sports,Credit Card,7,37.38,250.64,0,76.2,240,64,0
449,2022-08-07,2025-04-20,,44.0,North,Desktop,Books,Cash on Delivery,11,63.25,762.1,0,6.2,1058,71,0
2950,2024-03-15,2025-05-05,Female,64.0,West,Mobile,Electronics,Debit Card,7,28.99,218.25,1,16.1,472,56,0
3643,2022-01-20,2025-04-15,Male,50.0,South,Mobile,Clothing,Credit Card,5,71.39,400.5,1,4.4,1257,76,0
2859,2023-06-07,2024-01-24,Male,26.0,North,Mobile,Home & Kitchen,UPI,6,28.62,158.37,0,33.8,754,523,1
4624,2023-08-07,2025-05-07,Female,39.0,South,Desktop,Electronics,Debit Card,8,84.87,776.16,0,70.0,693,54,0
2355,2024-06-01,2025-06-29,Female,46.0,South,Mobile,Home & Kitchen,Debit Card,7,61.36,398.34,0,87.3,394,1,0
3742,2024-07-19,2025-06-16,Female,59.0,South,Mobile,Grocery,UPI,6,54.36,334.62,0,75.2,346,14,0
499,2024-05-10,2025-06-11,Other,34.0,East,Mobile,Home & Kitchen,UPI,7,75.42,490.06,0,3.6,416,19,0
4988,2023-11-11,2024-05-11,Female,22.0,East,Mobile,Clothing,UPI,6,32.01,178.09,0,61.3,597,415,1
3053,2024-01-06,2025-04-02,Male,33.0,North,Desktop,Grocery,Credit Card,5,36.65,208.64,0,17.6,541,89,0
3398,2024-11-17,2025-03-14,Female,36.0,West,Mobile,Electronics,Credit Card,4,31.58,127.25,3,8.5,225,108,1
4325,2024-04-10,2025-05-05,Female,18.0,North,Mobile,Clothing,Credit Card,4,48.24,199.39,2,13.5,446,56,0
1431,2022-09-13,2025-06-21,Male,19.0,West,Mobile,Sports,PayPal,9,34.28,342.42,1,16.8,1021,9,0
1345,2024-02-03,2025-06-13,Female,20.0,West,Mobile,Grocery,Credit Card,6,23.82,140.86,0,96.9,513,17,0
2462,2022-07-21,2025-06-02,Female,47.0,North,Mobile,Grocery,Credit Card,5,72.77,403.61,0,8.6,1075,28,0
4761,2024-07-18,2025-06-11,Female,34.0,West,Mobile,Grocery,Credit Card,5,25.56,143.11,2,74.2,347,19,0
4294,2024-01-30,2025-06-04,Female,42.0,West,Mobile,Home & Kitchen,PayPal,5,33.54,146.49,0,95.8,517,26,0
1966,2022-12-26,2025-05-01,Female,53.0,Central,Mobile,Beauty,Credit Card,11,86.5,926.94,1,3.1,917,60,0
453,2024-11-26,2025-01-17,Male,63.0,West,Mobile,Grocery,UPI,6,63.04,394.88,0,35.2,216,164,1
29,2023-11-21,2025-06-19,Female,55.0,North,Desktop,Grocery,Debit Card,6,58.22,328.49,0,63.9,587,11,0
191,2024-05-17,2024-09-10,Male,28.0,West,Tablet,Clothing,Debit Card,11,38.38,376.75,1,36.1,409,293,1
741,2023-06-29,2024-03-29,Male,23.0,East,Mobile,Sports,Credit Card,8,61.96,503.06,1,77.9,732,458,1
4830,2024-04-30,2025-06-11,Female,45.0,Central,Mobile,Beauty,PayPal,9,48.83,419.45,1,6.3,426,19,0
4569,2024-09-02,2025-04-14,Male,28.0,North,Mobile,Clothing,Debit Card,7,61.28,486.38,0,73.7,301,77,0
4635,2024-07-16,2025-04-18,Male,27.0,West,Mobile,Home & Kitchen,UPI,11,31.57,341.03,1,63.8,349,73,0
2371,2023-05-13,2023-11-14,Female,60.0,North,Tablet,Books,Debit Card,6,12.79,86.98,0,58.3,779,594,1
4241,2023-01-23,2025-05-09,Female,60.0,Central,Tablet,Beauty,UPI,13,48.81,656.79,0,37.7,889,52,0
1171,2024-05-28,2025-04-13,Female,20.0,South,Mobile,Clothing,Credit Card,7,45.78,347.71,0,58.9,398,78,0
4925,2024-06-03,2025-06-09,Male,42.0,Central,Mobile,Beauty,Credit Card,7,24.06,185.26,2,15.5,392,21,0
4002,2022-03-27,2025-04-21,Female,21.0,West,Mobile,Home & Kitchen,UPI,9,33.96,306.11,0,1.3,1191,70,0
3342,2023-01-20,2025-04-30,Female,38.0,East,Desktop,Electronics,Debit Card,15,45.77,694.96,0,92.0,892,61,0
3999,2022-01-23,2025-06-09,Female,40.0,North,Mobile,Grocery,Credit Card,8,83.13,759.8,2,86.0,1254,21,0
487,2023-04-19,2024-05-26,Male,30.0,North,Desktop,Grocery,Debit Card,8,59.35,509.85,0,84.7,803,400,1
3922,2022-08-21,2024-05-29,Male,41.0,East,Desktop,Home & Kitchen,Credit Card,3,72.42,194.55,1,3.4,1044,397,1
4471,2024-10-20,2024-11-19,Female,63.0,North,Mobile,Books,UPI,8,25.31,220.8,0,86.0,253,223,1
3770,2023-01-26,2025-04-05,Male,48.0,East,Desktop,Sports,Credit Card,8,75.47,667.01,0,1.6,886,86,0
1779,2024-01-20,2025-06-24,Male,35.0,Central,Mobile,Clothing,UPI,8,50.02,372.48,0,52.9,527,6,0
4303,2024-10-09,2025-05-21,Female,32.0,North,Desktop,Beauty,UPI,7,33.07,213.66,1,57.2,264,40,0
4626,2023-07-05,2025-04-07,Female,21.0,North,Desktop,Electronics,UPI,8,70.15,570.26,0,42.3,726,84,0
2524,2023-02-26,2025-06-14,Male,62.0,North,Desktop,Grocery,Credit Card,6,58.27,334.71,0,48.1,855,16,0
3072,2022-11-23,2024-05-16,Female,59.0,East,Mobile,Beauty,Cash on Delivery,3,50.46,140.07,0,20.2,950,410,1
209,2023-05-27,2025-04-03,Male,26.0,North,Mobile,Sports,Debit Card,5,32.16,141.91,2,4.0,765,88,0
3789,2022-09-20,2024-11-04,,28.0,North,Mobile,Clothing,Credit Card,11,38.87,388.37,0,12.8,1014,238,1
3213,2024-03-15,2025-04-19,Male,38.0,South,Desktop,Electronics,Credit Card,4,69.05,266.31,1,54.2,472,72,0
4857,2024-07-05,2025-06-16,Male,35.0,Central,Desktop,Electronics,Debit Card,10,32.04,296.64,0,78.6,360,14,0
3812,2023-12-09,2025-04-11,Male,26.0,North,Mobile,Clothing,Credit Card,7,84.59,590.6,0,57.4,569,80,0
1983,2024-07-03,2025-02-07,Male,33.0,East,Desktop,Electronics,Debit Card,7,47.74,295.54,1,10.7,362,143,1
151,2024-05-16,2025-05-09,Female,25.0,West,Mobile,Books,Debit Card,8,25.95,217.56,0,70.0,410,52,0
3923,2024-03-01,2025-05-25,Female,22.0,Central,Desktop,Electronics,UPI,7,92.2,557.29,1,86.0,486,36,0
3804,2024-04-25,2024-06-04,Other,45.0,Central,Desktop,Electronics,Debit Card,11,32.16,355.34,0,76.2,431,391,1
952,2023-08-28,2025-04-13,Female,22.0,East,Tablet,Electronics,PayPal,9,47.07,466.2,0,24.7,672,78,0
4966,2023-12-18,2025-04-12,Male,48.0,East,Mobile,Electronics,Debit Card,8,35.13,291.6,2,1.4,560,79,0
1108,2022-05-31,2024-09-17,Female,24.0,East,Mobile,Home & Kitchen,Debit Card,15,71.87,928.33,0,89.1,1126,286,1
1437,2024-11-17,2025-05-24,Male,63.0,South,Desktop,Electronics,Debit Card,7,51.26,351.08,1,29.6,225,37,0
3672,2024-02-17,2025-04-17,Male,20.0,East,Mobile,Sports,Cash on Delivery,4,62.72,233.69,1,33.7,499,74,0
2216,2022-12-11,2024-06-30,Male,50.0,Central,Mobile,Clothing,Credit Card,3,140.02,428.1,0,56.4,932,365,1
3474,2024-02-01,2024-12-23,Female,52.0,North,Desktop,Sports,UPI,10,63.22,635.62,0,93.6,515,189,1
4596,2023-08-11,2025-05-30,Female,21.0,North,Desktop,Home & Kitchen,Debit Card,8,38.76,263.71,0,31.7,689,31,0
1550,2024-01-24,2024-06-01,Female,57.0,West,Desktop,Clothing,UPI,7,29.25,178.79,1,38.1,523,394,1
4333,2023-12-13,2025-04-10,Male,22.0,East,Mobile,Electronics,UPI,8,43.38,376.02,1,79.8,565,81,0
4340,2023-06-19,2025-04-21,Male,30.0,North,Mobile,Clothing,PayPal,5,32.42,144.81,0,27.3,742,70,0
359,2023-04-02,2023-08-24,Female,64.0,North,Mobile,Clothing,Debit Card,12,43.81,547.16,1,36.4,820,676,1
3758,2022-12-03,2024-10-04,Male,42.0,Central,Desktop,Clothing,PayPal,4,91.79,367.3,0,34.1,940,269,1
2135,2024-02-10,2025-05-08,Female,24.0,West,Desktop,Electronics,UPI,9,36.01,278.31,0,43.8,506,53,0
2532,2024-07-26,2024-11-25,Female,60.0,East,Mobile,Home & Kitchen,Debit Card,4,25.46,107.37,0,93.6,339,217,1
2388,2024-09-18,2025-03-24,Female,23.0,South,Mobile,Books,UPI,3,37.48,99.19,0,9.5,285,98,1
4284,2024-03-07,2024-05-18,Male,59.0,East,Tablet,Home & Kitchen,UPI,4,54.21,201.9,0,0.7,480,408,1
2205,2023-02-06,2025-04-06,Female,21.0,South,Mobile,Grocery,Credit Card,4,99.31,379.41,0,88.8,875,85,0
3605,2023-02-18,2025-05-05,Male,50.0,Central,Mobile,Electronics,UPI,9,121.63,1023.54,1,80.3,863,56,0
4837,2023-01-05,2023-11-17,Male,19.0,West,Desktop,Sports,Cash on Delivery,9,43.81,400.35,2,51.8,907,591,1
3943,2022-05-15,2025-05-18,Male,63.0,Central,Desktop,Sports,UPI,7,59.03,359.02,0,97.9,1142,43,0
3469,2023-12-29,2025-06-28,Female,39.0,South,Mobile,Home & Kitchen,UPI,5,57.21,297.62,1,50.5,549,2,0
1183,2024-03-31,2025-05-07,Female,21.0,North,Tablet,Electronics,UPI,4,50.96,194.83,1,8.3,456,54,0
4374,2023-05-24,2025-06-11,Male,47.0,North,Mobile,Clothing,PayPal,8,23.61,206.37,0,26.4,768,19,0
4099,2023-01-02,2024-08-21,Male,52.0,Central,Desktop,Home & Kitchen,Credit Card,4,62.8,239.55,0,6.6,910,313,1
3146,2022-10-16,2023-10-17,Male,50.0,East,Tablet,Beauty,UPI,8,65.86,503.79,1,9.9,988,622,1
3175,2022-07-27,2023-07-24,Male,52.0,West,Desktop,Grocery,Credit Card,6,34.82,201.79,1,45.2,1069,707,1
1934,2022-12-25,2024-02-08,Female,61.0,North,Mobile,Beauty,Debit Card,5,56.88,317.36,0,71.2,918,508,1
1507,2024-08-20,2025-06-20,Female,30.0,Central,Mobile,Home & Kitchen,Debit Card,6,103.45,626.53,0,83.4,314,10,0
1782,2022-04-03,2025-04-24,Female,45.0,East,Tablet,Electronics,Cash on Delivery,6,41.69,265.62,0,52.9,1184,67,0
4381,2024-09-02,2025-04-15,Male,21.0,South,Mobile,Sports,Debit Card,6,30.03,162.28,2,0.3,301,76,0
1730,2024-03-27,2025-03-30,Female,19.0,East,Mobile,Home & Kitchen,Debit Card,7,49.97,303.52,1,49.8,460,92,1
4455,2024-07-12,2025-01-15,Female,25.0,South,Mobile,Clothing,UPI,6,59.1,309.89,2,37.7,353,166,1
3838,2022-05-08,2025-05-01,Male,35.0,North,Mobile,Grocery,Cash on Delivery,4,17.9,68.38,0,90.4,1149,60,0
2142,2024-08-06,2025-05-21,Female,61.0,South,Mobile,Grocery,Credit Card,7,53.69,381.92,1,86.7,328,40,0
4811,2022-04-30,2024-03-26,Male,50.0,South,Desktop,Grocery,Debit Card,4,31.84,123.87,1,96.4,1157,461,1
4289,2024-06-10,2024-07-19,Male,61.0,West,Desktop,Sports,UPI,5,77.56,424.74,2,48.6,385,346,1
787,2023-08-14,2025-04-12,Female,52.0,North,Mobile,Books,Debit Card,8,49.01,385.94,0,63.8,686,79,0
4766,2022-02-08,2025-06-08,Other,22.0,North,Desktop,Home & Kitchen,Credit Card,9,30.12,260.59,0,7.5,1238,22,0
1245,2024-03-24,2025-04-28,Female,36.0,South,Desktop,Clothing,UPI,6,37.43,249.47,0,26.3,463,63,0
1859,2022-10-10,2025-05-07,Female,27.0,South,Desktop,Clothing,Credit Card,10,57.33,635.54,0,56.4,994,54,0
4394,2023-04-15,2023-11-25,Male,47.0,West,Mobile,Beauty,Credit Card,8,51.78,459.14,0,79.1,807,583,1
4828,2023-05-25,2025-04-16,Male,37.0,South,Mobile,Beauty,Cash on Delivery,4,46.78,183.72,0,43.0,767,75,0
1539,2024-03-26,2025-06-01,Male,46.0,South,Mobile,Electronics,Cash on Delivery,6,23.78,129.82,0,53.0,461,29,0
4478,2023-05-29,2025-04-27,Male,28.0,South,Mobile,Grocery,Credit Card,6,47.58,284.66,0,92.7,763,64,0
421,2023-03-14,2025-05-11,Female,45.0,South,Mobile,Grocery,Cash on Delivery,4,31.46,110.99,0,93.0,839,50,0
762,2022-02-22,2023-09-10,Male,37.0,South,Desktop,Home & Kitchen,UPI,7,33.41,266.02,1,80.5,1224,659,1
3996,2022-10-23,2025-04-10,Male,54.0,Central,Desktop,Clothing,Debit Card,8,61.58,539.68,0,17.0,981,81,0
2707,2022-07-06,2025-04-24,Male,25.0,Central,Desktop,Electronics,Credit Card,13,20.46,236.84,0,2.3,1090,67,0
3335,2022-10-03,2025-05-27,Female,39.0,Central,Tablet,Grocery,UPI,5,24.76,132.57,0,45.1,1001,34,0
2615,2024-06-18,2024-10-14,Male,39.0,East,Mobile,Clothing,Credit Card,6,87.94,604.97,1,2.9,377,259,1
341,2024-04-24,2024-08-25,Female,21.0,North,Mobile,Home & Kitchen,UPI,8,52.88,453.74,1,58.2,432,309,1
1545,2024-01-02,2025-04-17,Female,35.0,South,Mobile,Grocery,Debit Card,4,48.12,184.64,1,8.8,545,74,0
1538,2024-11-21,2025-06-28,Female,31.0,South,Mobile,Clothing,Credit Card,4,33.41,132.54,0,34.7,221,2,0
2479,2024-05-01,2025-06-12,Male,55.0,South,Mobile,Electronics,Debit Card,9,94.46,810.37,2,18.1,425,18,0
885,2024-08-19,2025-05-29,Female,18.0,East,Mobile,Home & Kitchen,UPI,9,119.19,1094.01,0,53.8,315,32,0
2130,2023-10-15,2025-05-03,Male,61.0,East,Mobile,Electronics,UPI,13,34.68,428.19,0,6.7,624,58,0
3315,2023-07-19,2024-05-30,Male,19.0,East,Desktop,Home & Kitchen,Credit Card,4,47.72,197.01,1,16.8,712,396,1
2051,2023-12-07,2025-05-06,Male,25.0,East,Mobile,Beauty,PayPal,8,79.47,666.78,0,85.5,571,55,0
393,2024-06-02,2025-06-15,Male,35.0,South,Mobile,Home & Kitchen,Debit Card,8,63.97,450.47,0,33.9,393,15,0
2853,2024-01-08,2025-04-05,Male,21.0,South,Desktop,Clothing,PayPal,8,63.44,451.34,0,59.8,539,86,0
4964,2023-09-17,2024-06-20,Female,29.0,North,Desktop,Electronics,Credit Card,4,50.61,179.44,0,83.6,652,375,1
3666,2022-11-23,2025-05-06,Male,49.0,South,Mobile,Sports,Credit Card,5,76.65,332.17,1,61.1,950,55,0
1558,2024-10-15,2025-01-12,Male,23.0,West,Mobile,Home & Kitchen,Credit Card,4,83.18,326.04,1,81.9,258,169,1
99,2022-11-10,2025-04-19,Male,55.0,East,Desktop,Beauty,UPI,4,29.75,118.01,0,81.2,963,72,0
891,2024-12-28,2025-04-16,Female,30.0,North,Desktop,Home & Kitchen,PayPal,7,37.6,283.82,1,59.5,184,75,0
4202,2022-08-11,2024-10-11,Male,19.0,South,Mobile,Beauty,UPI,8,28.53,233.3,1,70.3,1054,262,1
1040,2024-06-29,2025-06-08,Male,32.0,South,Mobile,Electronics,Credit Card,5,34.02,181.27,0,5.8,366,22,0
4976,2022-08-19,2023-12-20,Male,62.0,East,Mobile,Sports,UPI,3,76.54,226.19,0,53.1,1046,558,1
4643,2024-12-31,2025-01-20,Female,49.0,South,Desktop,Clothing,Debit Card,5,63.45,329.62,2,31.1,181,161,1
3472,2024-05-11,2025-04-01,Female,54.0,East,Mobile,Beauty,Credit Card,4,40.95,164.09,0,74.9,415,90,0
4017,2023-02-02,2025-01-19,Female,54.0,West,Mobile,Electronics,Credit Card,6,17.4,89.04,0,25.6,879,162,1
3327,2022-02-11,2025-06-05,Female,32.0,West,Tablet,Beauty,UPI,9,120.3,1098.58,0,77.4,1235,25,0
2396,2022-08-08,2025-06-13,Male,28.0,Central,Mobile,Beauty,UPI,11,30.85,290.04,0,19.5,1057,17,0
2578,2024-02-26,2025-05-02,Female,38.0,North,Tablet,Home & Kitchen,Debit Card,3,47.77,150.39,0,97.9,490,59,0
2987,2022-04-11,2025-01-03,Male,34.0,South,Mobile,Electronics,Credit Card,2,18.24,35.96,0,28.7,1176,178,1
671,2022-01-29,2025-04-22,Male,55.0,North,Mobile,Sports,Credit Card,8,30.01,209.66,1,30.4,1248,69,0
714,2023-03-02,2025-04-13,Male,30.0,West,Desktop,Clothing,UPI,7,151.17,1136.83,1,65.9,851,78,0
4008,2023-12-06,2025-06-07,Male,36.0,North,Mobile,Books,PayPal,8,41.41,357.47,1,43.5,572,23,0
4075,2023-03-12,2025-04-13,Female,59.0,North,Mobile,Electronics,UPI,5,46.13,222.87,0,56.2,841,78,0
1087,2022-05-11,2025-06-15,Female,26.0,East,Mobile,Clothing,PayPal,4,77.24,269.76,0,94.6,1146,15,0
417,2023-10-22,2025-06-16,Male,44.0,South,Mobile,Grocery,PayPal,5,52.68,266.46,1,82.2,617,14,0
1424,2022-10-11,2024-02-10,Male,22.0,North,Desktop,Beauty,PayPal,5,86.69,447.66,1,5.0,993,506,1
4789,2022-08-08,2025-05-11,Female,36.0,East,Desktop,Home & Kitchen,UPI,9,40.4,402.85,0,7.9,1057,50,0
1282,2023-02-02,2025-06-24,Female,32.0,Central,Desktop,Electronics,Credit Card,8,42.63,369.35,1,45.2,879,6,0
1209,2024-04-28,2024-11-27,Male,54.0,Central,Mobile,Clothing,Credit Card,4,87.37,345.05,1,81.0,428,215,1
4317,2023-05-05,2025-04-06,Female,24.0,Central,Tablet,Home & Kitchen,Credit Card,4,86.54,330.28,1,25.2,787,85,0
2806,2022-06-21,2025-06-12,Other,37.0,West,Mobile,Grocery,PayPal,7,61.58,386.84,1,77.1,1105,18,0
1537,2023-09-28,2025-06-22,Male,34.0,South,Tablet,Beauty,Cash on Delivery,5,43.39,215.57,0,11.1,641,8,0
4582,2023-04-11,2025-06-23,Male,21.0,Central,Mobile,Electronics,Debit Card,3,32.74,111.4,0,64.8,811,7,0
3019,2024-08-02,2025-05-06,Male,29.0,West,Mobile,Clothing,Cash on Delivery,8,18.16,141.5,0,47.4,332,55,0
1679,2022-11-10,2024-04-12,Male,31.0,South,Mobile,Electronics,Debit Card,12,37.75,447.18,0,19.8,963,444,1
4654,2022-11-05,2025-04-07,Female,42.0,North,Desktop,Clothing,UPI,8,34.04,250.57,0,71.6,968,84,0
3844,2022-07-29,2025-02-22,Male,33.0,West,Mobile,Grocery,Credit Card,7,129.34,992.68,0,38.1,1067,128,1
4038,2024-09-22,2025-05-22,Female,39.0,East,Mobile,Electronics,Cash on Delivery,4,21.1,82.7,1,54.7,281,39,0
573,2023-02-11,2025-04-22,Male,61.0,West,Desktop,Home & Kitchen,Debit Card,2,41.28,81.55,0,9.6,870,69,0
3381,2024-08-29,2025-06-23,Male,58.0,West,Tablet,Clothing,Debit Card,12,17.04,190.07,0,23.2,305,7,0
735,2023-06-26,2025-05-14,Male,48.0,East,Mobile,Grocery,Credit Card,10,113.78,1150.24,0,21.0,735,47,0
4685,2024-08-01,2024-10-15,Female,29.0,North,Mobile,Sports,Credit Card,6,76.99,418.39,0,88.3,333,258,1
4954,2022-07-03,2024-09-20,Female,44.0,South,Mobile,Clothing,Cash on Delivery,13,77.13,1087.16,0,18.8,1093,283,1
4876,2022-03-19,2025-04-18,Female,36.0,East,Desktop,Sports,Credit Card,12,83.84,1075.87,0,37.0,1199,73,0
2153,2022-06-11,2025-04-28,Female,40.0,Central,Mobile,Electronics,Credit Card,4,31.91,109.87,0,12.4,1115,63,0
3855,2022-04-21,2025-04-18,Female,39.0,North,Mobile,Electronics,UPI,9,85.62,792.27,0,25.3,1166,73,0
1257,2024-04-09,2025-01-30,Male,36.0,West,Mobile,Grocery,Debit Card,6,74.11,399.9,0,88.3,447,151,1
401,2024-04-16,2025-04-20,Male,24.0,North,Mobile,Home & Kitchen,Credit Card,4,132.97,578.86,0,15.9,440,71,0
1581,2023-12-24,2025-05-31,Male,52.0,West,Desktop,Books,Cash on Delivery,6,29.81,200.39,0,14.4,554,30,0
1292,2022-11-10,2025-06-17,Male,43.0,West,Tablet,Grocery,PayPal,13,31.72,371.82,1,3.4,963,13,0
399,2024-11-04,2025-05-19,Female,62.0,West,Mobile,Clothing,Credit Card,9,25.07,247.03,0,79.2,238,42,0
2467,2023-03-29,2023-11-11,Male,22.0,South,Tablet,Clothing,Credit Card,7,65.66,517.86,0,14.7,824,597,1
1544,2023-08-09,2024-02-04,Male,30.0,South,Desktop,Grocery,Credit Card,8,157.22,1440.45,0,58.6,691,512,1
3026,2024-02-23,2024-06-10,Male,49.0,West,Mobile,Clothing,,10,58.75,523.43,0,65.7,493,385,1
2013,2022-06-17,2025-04-28,Female,32.0,East,Desktop,Home & Kitchen,Cash on Delivery,6,46.11,282.53,1,62.5,1109,63,0
994,2024-03-24,2024-04-29,Female,41.0,East,Mobile,Grocery,Credit Card,6,20.31,105.44,0,23.6,463,427,1
4553,2022-11-15,2025-06-30,Male,53.0,North,Mobile,Books,Debit Card,8,21.11,185.13,0,89.7,958,0,0
815,2022-03-01,2025-06-16,Female,49.0,South,Mobile,Books,PayPal,5,20.63,88.23,0,79.4,1217,14,0
20,2024-07-08,2024-09-15,Male,20.0,South,Mobile,Clothing,Credit Card,9,84.37,772.72,0,36.6,357,288,1
2100,2022-04-10,2025-06-14,Male,33.0,West,Mobile,Clothing,Credit Card,8,51.97,367.62,1,3.5,1177,16,0
4082,2023-04-03,2025-05-03,Male,33.0,West,Tablet,Grocery,UPI,8,25.01,187.78,0,90.6,819,58,0
892,2024-02-18,2025-06-11,Female,33.0,South,Mobile,Home & Kitchen,Cash on Delivery,5,29.4,159.7,1,29.5,498,19,0
649,2023-07-09,2024-05-26,Female,29.0,South,Desktop,Electronics,Credit Card,8,41.15,296.95,1,26.2,722,400,1
4627,2024-04-25,2025-04-02,Male,26.0,West,Tablet,Home & Kitchen,Debit Card,4,75.08,327.69,1,4.4,431,89,0
3048,2023-02-13,2023-09-21,Male,33.0,South,Desktop,Electronics,Credit Card,8,34.94,274.5,0,29.3,868,648,1
1587,2024-01-15,2025-05-05,Female,58.0,Central,Desktop,Sports,Debit Card,9,21.42,195.74,1,66.4,532,56,0
1036,2022-03-09,2025-06-22,Female,24.0,East,Mobile,Clothing,Credit Card,6,25.73,135.22,1,87.8,1209,8,0
2611,2024-07-10,2025-02-20,Female,38.0,Central,Tablet,Books,Credit Card,11,47.79,560.31,0,62.7,355,130,1
220,2024-09-12,2025-04-02,Female,32.0,South,Desktop,Books,Debit Card,5,54.5,252.37,0,6.0,291,89,0
3719,2024-06-28,2025-03-10,Male,33.0,Central,Mobile,Books,UPI,11,110.1,1097.98,1,52.7,367,112,1
281,2022-05-21,2025-06-30,Female,58.0,North,Desktop,Clothing,UPI,4,68.12,259.99,0,1.7,1136,0,0
2307,2024-03-07,2025-06-03,Male,30.0,North,Desktop,Home & Kitchen,PayPal,6,18.98,103.05,0,0.2,480,27,0
134,2022-08-18,2025-04-03,Male,46.0,West,Mobile,Beauty,Debit Card,8,73.3,530.43,1,85.1,1047,88,0
4150,2022-11-04,2025-06-08,Female,48.0,Central,Desktop,Beauty,Debit Card,10,66.81,667.43,0,84.9,969,22,0
3022,2024-06-06,2025-03-13,Male,28.0,North,Mobile,Sports,Debit Card,7,51.37,381.91,1,3.6,389,109,1
4484,2023-03-18,2025-05-09,Female,38.0,North,Tablet,Grocery,Credit Card,6,82.51,521.2,0,55.8,835,52,0
1972,2024-03-31,2025-04-29,Female,18.0,West,Desktop,Grocery,Credit Card,8,65.09,589.92,2,50.9,456,62,0
4070,2022-06-04,2023-12-20,Female,53.0,South,Desktop,Grocery,PayPal,8,44.5,387.5,0,51.1,1122,558,1
2756,2022-10-14,2025-04-01,Male,59.0,South,Mobile,Grocery,Debit Card,9,67.48,620.23,0,27.4,990,90,0
2997,2022-07-28,2025-04-24,Male,60.0,East,Desktop,Books,PayPal,8,20.77,151.6,0,82.8,1068,67,0
3610,2022-03-22,2025-01-23,Female,58.0,North,Desktop,Books,Credit Card,5,128.01,661.43,1,19.0,1196,158,1
2180,2024-02-19,2025-05-27,Female,56.0,West,Mobile,Sports,Credit Card,7,65.2,471.38,1,72.7,497,34,0
4213,2024-12-24,2025-04-22,Female,58.0,Central,Desktop,Books,UPI,4,45.29,177.61,1,89.6,188,69,0
1,2022-08-17,2025-06-09,Male,57.0,South,Desktop,Grocery,UPI,8,48.29,423.95,2,36.2,1048,21,0
4421,2022-03-08,2025-04-19,Male,38.0,North,Desktop,Home & Kitchen,Credit Card,8,75.42,578.46,1,6.4,1210,72,0
1217,2023-08-04,2024-10-21,Male,41.0,South,Mobile,Clothing,Credit Card,5,64.39,274.24,1,7.1,696,252,1
3492,2022-10-09,2025-06-16,Female,19.0,North,Mobile,Beauty,UPI,10,97.31,1110.51,0,8.7,995,14,0
601,2024-06-11,2025-04-06,Male,48.0,East,Tablet,Electronics,Credit Card,7,47.04,296.96,0,37.9,384,85,0
702,2022-08-31,2025-06-03,Male,43.0,Central,Desktop,Beauty,UPI,6,17.41,94.36,0,52.3,1034,27,0
2062,2024-02-06,2025-04-20,Female,40.0,East,Mobile,Clothing,Credit Card,5,25.06,127.5,0,86.9,510,71,0
4024,2022-05-18,2024-05-01,Female,30.0,Central,Mobile,Electronics,Credit Card,11,56.41,681.63,0,17.2,1139,425,1
4758,2023-08-29,2024-03-11,Female,39.0,South,Tablet,Grocery,UPI,5,65.69,375.22,1,37.0,671,476,1
1802,2024-11-08,2024-12-31,Female,57.0,Central,Tablet,Clothing,Debit Card,9,52.2,494.51,1,81.2,234,181,1
3815,2024-10-28,2025-04-26,Male,34.0,East,Mobile,Grocery,Credit Card,6,40.17,266.46,0,1.2,245,65,0
1207,2024-09-21,2025-06-09,Female,42.0,Central,Desktop,Electronics,UPI,10,44.26,401.44,0,57.1,282,21,0
2117,2024-12-03,2025-03-01,Male,33.0,West,Mobile,Electronics,Credit Card,5,45.79,216.41,0,11.0,209,121,1
4443,2024-08-23,2025-04-11,Male,62.0,South,Tablet,Electronics,Debit Card,6,63.87,382.81,0,31.7,311,80,0
855,2023-11-12,2025-06-26,Male,35.0,East,Desktop,Electronics,UPI,8,46.52,396.27,1,62.0,596,4,0
488,2024-02-24,2025-01-01,Male,40.0,South,Mobile,Grocery,UPI,5,59.63,270.52,0,75.3,492,180,1
4797,2023-06-09,2025-05-03,Male,31.0,Central,Mobile,Home & Kitchen,PayPal,5,42.49,206.1,0,53.7,752,58,0
2087,2022-11-14,2025-04-27,Male,42.0,North,Desktop,Books,UPI,6,71.7,377.09,0,17.1,959,64,0
1626,2024-10-02,2025-04-19,Female,44.0,West,Desktop,Electronics,PayPal,5,49.61,276.34,0,43.1,271,72,0
2324,2024-07-11,2025-05-07,Male,45.0,West,Tablet,Beauty,Debit Card,10,15.56,137.84,0,62.9,354,54,0
3069,2024-12-20,2025-06-19,Male,40.0,West,Mobile,Clothing,Cash on Delivery,2,34.44,75.67,2,45.9,192,11,0
1219,2024-12-15,2025-01-28,Female,60.0,Central,Mobile,Grocery,Credit Card,10,71.09,754.61,0,83.3,197,153,1
1490,2022-10-22,2025-04-24,Male,41.0,West,Mobile,Sports,Credit Card,9,18.01,152.67,0,77.8,982,67,0
2741,2024-06-20,2025-05-16,Male,23.0,Central,Desktop,Clothing,UPI,10,34.7,299.83,0,1.7,375,45,0
3525,2024-02-04,2025-05-03,Male,28.0,North,Mobile,Grocery,Credit Card,10,37.95,337.2,0,34.8,512,58,0
2319,2023-11-29,2024-09-21,Male,33.0,East,Desktop,Clothing,Credit Card,8,72.54,609.57,1,74.0,579,282,1
2783,2024-03-03,2024-04-11,Other,54.0,North,Mobile,Clothing,PayPal,6,81.36,425.59,0,36.4,484,445,1
414,2023-08-11,2025-04-21,Female,27.0,North,Tablet,Beauty,PayPal,6,82.81,570.37,0,9.8,689,70,0
4418,2024-12-12,2025-06-26,Male,58.0,West,Mobile,Grocery,PayPal,5,71.63,309.93,0,70.5,200,4,0
3828,2024-02-20,2025-05-14,Female,35.0,West,Mobile,Sports,Cash on Delivery,10,19.36,198.24,0,87.9,496,47,0
1324,2024-07-10,2024-08-20,Male,40.0,East,Mobile,Beauty,Debit Card,5,71.69,309.87,0,6.1,355,314,1
3461,2022-07-19,2025-03-23,Male,53.0,East,Desktop,Electronics,PayPal,5,51.43,270.76,2,15.4,1077,99,1
1083,2022-09-17,2025-03-28,Male,38.0,North,Desktop,Books,Credit Card,7,29.27,205.89,0,23.4,1017,94,1
2943,2022-05-08,2025-06-11,Male,18.0,North,Desktop,Grocery,UPI,5,88.19,482.11,0,39.4,1149,19,0
1407,2024-07-08,2025-05-31,Female,59.0,West,Mobile,Clothing,PayPal,15,73.1,988.79,0,17.2,357,30,0
1914,2022-07-25,2025-06-30,Male,63.0,Central,Mobile,Clothing,Debit Card,6,111.51,583.0,0,43.3,1071,0,0
37,2022-03-30,2025-05-30,Male,29.0,West,Desktop,Electronics,UPI,6,31.83,210.12,0,61.1,1188,31,0
3320,2024-03-21,2025-05-09,Female,41.0,North,Desktop,Home & Kitchen,UPI,6,40.85,231.45,0,63.5,466,52,0
590,2022-08-05,2025-04-16,Male,47.0,North,Mobile,Clothing,Credit Card,11,30.96,375.88,0,94.6,1060,75,0
3655,2024-03-31,2024-05-18,Male,41.0,West,Mobile,Grocery,UPI,6,43.01,243.88,4,40.3,456,408,1
3369,2023-07-16,2025-04-23,Male,30.0,East,Tablet,Beauty,PayPal,11,79.2,757.71,0,24.1,715,68,0
2070,2022-08-31,2025-05-22,Male,25.0,East,Tablet,Clothing,Debit Card,5,57.73,319.37,1,81.4,1034,39,0
659,2023-03-20,2024-10-20,Female,34.0,East,Mobile,Electronics,Debit Card,5,29.09,131.23,0,68.5,833,253,1
3899,2022-11-23,2025-05-26,Female,58.0,Central,Desktop,Electronics,Cash on Delivery,3,147.07,484.1,0,40.1,950,35,0
21,2023-07-24,2025-06-01,Female,46.0,North,Mobile,Electronics,Credit Card,6,99.3,645.27,0,23.8,707,29,0
3422,2024-02-06,2025-05-18,Female,41.0,East,Mobile,Clothing,PayPal,11,30.37,352.39,0,92.4,510,43,0
4237,2022-06-21,2025-05-14,Male,21.0,South,Desktop,Electronics,Credit Card,7,90.6,643.1,0,75.7,1105,47,0
2270,2023-04-08,2025-06-08,Female,26.0,North,Tablet,Clothing,UPI,4,106.72,471.92,0,68.3,814,22,0
3782,2024-12-22,2025-01-06,Male,52.0,East,Mobile,Clothing,Debit Card,6,40.08,224.22,0,61.3,190,175,1
541,2024-05-13,2025-05-25,Female,18.0,East,Desktop,Beauty,Cash on Delivery,7,28.48,212.49,2,12.6,413,36,0
2572,2022-04-20,2025-06-07,Female,45.0,West,Desktop,Sports,Debit Card,11,133.06,1463.77,2,71.1,1167,23,0
1821,2023-11-20,2024-01-31,Male,64.0,South,Desktop,Books,Debit Card,7,20.65,158.12,0,30.4,588,516,1
3617,2022-01-27,2025-05-13,Female,38.0,North,Mobile,Electronics,Cash on Delivery,3,35.6,91.98,0,99.6,1250,48,0
2377,2023-07-05,2025-06-10,Male,18.0,North,Mobile,Electronics,PayPal,8,36.65,250.58,0,62.3,726,20,0
2627,2024-12-26,2025-06-27,Male,35.0,Central,Mobile,Electronics,PayPal,4,113.26,469.39,0,27.3,186,3,0
581,2024-12-27,2025-06-17,Male,26.0,East,Mobile,Electronics,Debit Card,4,57.98,234.45,0,3.4,185,13,0
1298,2023-10-24,2025-04-29,Male,18.0,North,Mobile,Clothing,UPI,6,32.65,195.87,0,9.5,615,62,0
4261,2024-03-24,2025-04-06,Male,52.0,North,Mobile,Clothing,Credit Card,6,69.67,406.6,0,52.9,463,85,0
4836,2022-12-08,2025-05-11,Male,57.0,West,Mobile,Grocery,Cash on Delivery,7,62.58,418.07,0,1.8,935,50,0
480,2023-04-26,2025-04-28,Female,37.0,South,Mobile,Books,UPI,9,26.16,245.08,0,92.8,796,63,0
2687,2024-06-22,2025-05-01,Male,20.0,South,Tablet,Electronics,UPI,9,88.16,887.49,0,81.7,373,60,0
4610,2024-04-23,2025-06-28,Male,21.0,South,Mobile,Clothing,Cash on Delivery,6,52.06,296.91,0,41.8,433,2,0
64,2023-05-17,2025-04-07,Male,34.0,East,Mobile,Beauty,PayPal,5,99.56,458.28,0,12.0,775,84,0
4198,2023-04-16,2024-08-18,Male,52.0,East,Mobile,Home & Kitchen,UPI,7,47.77,345.13,0,54.9,806,316,1
3210,2023-05-02,2025-04-30,Female,60.0,Central,Mobile,Electronics,PayPal,11,18.32,216.51,0,35.5,790,61,0
3176,2024-09-08,2025-05-09,Male,32.0,East,Mobile,Electronics,PayPal,11,67.89,834.84,2,1.7,295,52,0
4950,2022-05-27,2025-04-07,Female,47.0,Central,Mobile,Home & Kitchen,Credit Card,10,88.06,771.05,0,27.0,1130,84,0
1122,2022-07-23,2025-06-06,Female,26.0,North,Mobile,Home & Kitchen,Debit Card,6,74.93,490.01,1,69.1,1073,24,0
260,2023-10-10,2025-06-12,Male,45.0,South,Desktop,Books,Credit Card,8,32.81,229.7,1,62.4,629,18,0
706,2024-02-19,2025-04-10,Other,20.0,South,Mobile,Clothing,Debit Card,10,92.39,913.32,1,81.1,497,81,0
2776,2024-10-20,2024-12-20,Male,25.0,West,Mobile,Clothing,UPI,6,21.88,132.52,0,24.6,253,192,1
440,2024-07-21,2025-05-19,Male,46.0,South,Mobile,Books,PayPal,9,45.24,400.44,0,75.2,344,42,0
3979,2024-10-26,2025-04-11,Male,36.0,East,Mobile,Clothing,UPI,10,209.53,2300.47,0,69.1,247,80,0
1783,2024-03-31,2025-04-10,Male,41.0,South,Mobile,Grocery,Cash on Delivery,7,51.29,318.79,1,87.0,456,81,0
3952,2022-02-18,2025-05-04,Female,46.0,West,Mobile,Grocery,Debit Card,11,53.04,498.68,0,5.6,1228,57,0
925,2024-10-16,2024-12-19,Male,62.0,West,Mobile,Sports,UPI,9,56.18,566.72,0,83.0,257,193,1
4773,2024-12-09,2025-03-29,Male,40.0,North,Mobile,Clothing,PayPal,10,77.6,834.72,1,78.4,203,93,1
2410,2023-02-16,2024-11-18,Male,48.0,North,Mobile,Beauty,PayPal,5,50.19,255.87,0,56.4,865,224,1
4049,2023-05-20,2025-05-03,Female,43.0,East,Mobile,Books,UPI,10,42.43,403.38,0,79.2,772,58,0
1135,2024-05-24,2025-06-26,Female,32.0,East,Mobile,Electronics,UPI,6,30.35,206.19,0,50.7,402,4,0
1109,2022-06-15,2024-05-29,Female,31.0,West,Mobile,Electronics,Cash on Delivery,6,49.95,323.0,1,23.8,1111,397,1
3613,2024-09-11,2025-03-17,Male,38.0,East,Mobile,Clothing,UPI,4,53.43,214.22,2,83.2,292,105,1
4975,2022-06-25,2024-02-16,Male,24.0,South,Mobile,Sports,Cash on Delivery,6,23.28,138.01,0,8.6,1101,500,1
2769,2023-08-29,2025-05-28,Female,52.0,Central,Mobile,Home & Kitchen,Credit Card,11,55.47,561.21,0,51.1,671,33,0
3402,2022-09-28,2025-04-02,Male,26.0,Central,Desktop,Electronics,UPI,7,72.63,515.31,0,64.0,1006,89,0
588,2024-05-10,2025-04-01,Male,31.0,North,Tablet,Clothing,Debit Card,6,41.24,257.46,2,21.7,416,90,0
769,2024-08-21,2025-06-14,Male,39.0,West,Mobile,Electronics,PayPal,7,33.18,265.3,2,48.3,313,16,0
1896,2022-06-11,2025-05-17,Female,18.0,South,Desktop,Grocery,UPI,9,13.97,114.0,0,3.5,1115,44,0
1086,2022-08-21,2025-04-30,Male,48.0,West,Desktop,Clothing,Credit Card,7,35.14,224.18,0,24.9,1044,61,0
4286,2022-07-06,2025-06-23,Female,36.0,West,Mobile,Home & Kitchen,Debit Card,8,64.08,586.15,2,83.7,1090,7,0
2685,2022-09-12,2023-12-31,Male,53.0,South,Mobile,Beauty,Cash on Delivery,9,38.78,299.56,0,1.5,1022,547,1
2698,2023-05-28,2025-05-07,Male,23.0,West,Mobile,Grocery,Credit Card,10,58.25,625.4,0,21.1,764,54,0
1459,2022-10-27,2025-06-08,Male,42.0,North,Mobile,Beauty,Cash on Delivery,11,41.9,411.62,0,52.3,977,22,0
3992,2023-03-27,2025-06-17,Male,37.0,West,Desktop,Electronics,Cash on Delivery,5,30.53,170.59,1,73.5,826,13,0
638,2024-04-08,2024-11-07,Male,32.0,South,Mobile,Clothing,Credit Card,6,28.72,190.66,0,79.2,448,235,1
3080,2024-03-06,2025-04-16,Female,56.0,West,Tablet,Home & Kitchen,Debit Card,7,41.01,303.14,1,61.2,481,75,0
4037,2023-10-13,2025-06-04,Other,25.0,North,Mobile,Clothing,Debit Card,8,93.29,795.56,1,76.1,626,26,0
2681,2022-04-05,2025-05-14,Male,19.0,West,Tablet,Grocery,Credit Card,7,82.52,518.74,0,40.8,1182,47,0
1258,2022-02-12,2025-04-24,Female,59.0,North,Mobile,Beauty,,11,29.59,360.29,0,77.2,1234,67,0
4267,2024-09-17,2025-04-17,Female,60.0,West,Mobile,Beauty,Credit Card,8,93.37,652.54,0,21.9,286,74,0
4604,2024-05-31,2024-09-01,Male,35.0,West,Desktop,Clothing,UPI,3,28.98,95.95,1,98.0,395,302,1
4807,2022-05-05,2025-06-03,Male,48.0,East,Mobile,Clothing,UPI,6,33.91,202.07,0,15.1,1152,27,0
63,2024-12-29,2025-05-11,Female,29.0,South,Mobile,Home & Kitchen,UPI,8,42.19,336.04,1,18.8,183,50,0
3629,2023-08-30,2023-12-12,Female,36.0,Central,Mobile,Electronics,Credit Card,11,13.41,154.18,0,41.6,670,566,1
3852,2024-03-04,2024-10-26,Male,42.0,Central,Desktop,Home & Kitchen,Debit Card,9,44.08,359.48,1,82.4,483,247,1
158,2024-11-25,2025-06-04,Female,43.0,Central,Mobile,Home & Kitchen,Cash on Delivery,9,117.33,1191.92,1,9.0,217,26,0
439,2022-05-30,2025-04-23,Female,50.0,West,Mobile,Grocery,PayPal,7,126.31,976.2,1,6.4,1127,68,0
4346,2024-10-27,2024-12-02,Male,40.0,West,Mobile,Books,Credit Card,2,59.97,119.13,0,86.0,246,210,1
2392,2023-05-21,2025-06-07,Male,63.0,South,Mobile,Beauty,PayPal,9,36.78,370.44,0,48.4,771,23,0
4598,2024-12-31,2025-05-04,Male,19.0,Central,Mobile,Clothing,Debit Card,6,75.77,428.71,1,9.4,181,57,0
3803,2022-10-10,2025-04-13,Female,44.0,East,Mobile,Clothing,Credit Card,6,85.2,467.7,0,9.6,994,78,0
2035,2024-07-17,2025-04-25,Female,22.0,Central,Mobile,Grocery,Debit Card,7,25.85,164.35,0,38.6,348,66,0
2677,2022-09-25,2025-04-14,Male,34.0,South,Desktop,Electronics,Credit Card,4,52.44,223.48,0,65.6,1009,77,0
4072,2024-11-04,2025-04-02,Female,45.0,West,Mobile,Grocery,Credit Card,8,62.39,494.08,1,71.8,238,89,0
4806,2024-08-16,2025-06-04,Female,36.0,North,Desktop,Beauty,Credit Card,8,41.75,320.13,0,30.9,318,26,0
1336,2022-12-20,2024-06-28,Female,30.0,South,Mobile,Sports,UPI,10,61.68,545.54,1,34.6,923,367,1
3677,2024-09-26,2025-05-22,Male,40.0,South,Desktop,Grocery,Credit Card,11,59.8,719.93,1,27.9,277,39,0
4693,2022-11-21,2025-01-01,Male,54.0,South,Mobile,Clothing,UPI,7,52.62,326.43,2,16.7,952,180,1
4219,2022-01-03,2024-12-13,Female,54.0,Central,Mobile,Clothing,UPI,8,61.22,500.17,2,52.3,1274,199,1
4595,2023-12-06,2025-04-02,Male,39.0,South,Desktop,Beauty,UPI,7,38.71,309.08,0,25.9,572,89,0
13,2023-03-24,2025-04-07,Female,32.0,South,Mobile,Electronics,Credit Card,6,72.25,415.33,0,40.4,829,84,0
4307,2024-11-27,2025-01-08,Male,49.0,North,Mobile,Electronics,Credit Card,7,76.22,567.23,0,75.2,215,173,1
4539,2023-03-08,2025-06-15,Male,43.0,North,Mobile,Clothing,Credit Card,5,60.65,347.17,0,29.5,845,15,0
141,2022-06-25,2025-05-14,Female,35.0,North,Mobile,Electronics,Debit Card,5,81.26,370.24,0,36.7,1101,47,0
2963,2024-07-09,2025-06-04,Male,36.0,South,Desktop,Home & Kitchen,Debit Card,6,25.04,153.79,1,83.9,356,26,0
2566,2024-09-29,2024-12-09,Male,35.0,West,Desktop,Clothing,UPI,9,42.78,388.24,1,100.0,274,203,1
3180,2022-05-31,2023-08-24,Female,38.0,West,Mobile,Grocery,Cash on Delivery,7,43.29,333.73,1,25.0,1126,676,1
4385,2023-07-06,2025-05-29,Female,46.0,Central,Desktop,Clothing,Credit Card,16,25.52,431.8,0,40.3,725,32,0
3516,2024-05-29,2025-04-05,Female,24.0,South,Mobile,Home & Kitchen,UPI,3,81.28,240.7,0,57.5,397,86,0
1902,2023-02-18,2023-10-31,Male,34.0,Central,Tablet,Clothing,PayPal,7,52.49,357.08,1,65.1,863,608,1
1055,2022-04-14,2025-06-26,Other,42.0,East,Mobile,Grocery,UPI,11,83.71,881.92,0,22.8,1173,4,0
1273,2023-11-27,2024-02-18,Female,29.0,North,Mobile,Clothing,Cash on Delivery,8,63.33,539.02,0,95.3,581,498,1
1392,2022-03-19,2023-11-27,Male,46.0,West,Tablet,Books,UPI,8,99.07,711.25,2,68.7,1199,581,1
4699,2023-09-04,2024-12-03,Male,30.0,Central,Mobile,Home & Kitchen,Debit Card,3,40.87,111.63,1,72.0,665,209,1
4055,2023-11-11,2025-06-22,Female,61.0,West,Mobile,Clothing,UPI,8,23.96,199.26,0,49.3,597,8,0
4727,2023-12-30,2024-01-20,Female,29.0,Central,Desktop,Beauty,Credit Card,8,38.03,270.55,2,30.9,548,527,1
1181,2023-01-07,2025-06-22,Female,20.0,West,Mobile,Home & Kitchen,PayPal,6,56.19,309.91,1,97.6,905,8,0
2659,2024-07-20,2025-05-10,Male,31.0,South,Mobile,Clothing,Credit Card,8,22.75,186.39,0,55.6,345,51,0
2327,2023-12-30,2025-05-26,Female,20.0,North,Mobile,Beauty,Debit Card,6,20.51,118.99,0,3.2,548,35,0
1980,2023-06-19,2025-05-11,Female,60.0,Central,Mobile,Sports,UPI,8,25.78,197.63,0,22.5,742,50,0
110,2023-07-01,2025-03-01,Male,38.0,East,Mobile,Clothing,UPI,9,22.02,190.28,0,60.5,730,121,1
4447,2024-10-18,2025-04-02,Male,44.0,North,Tablet,Home & Kitchen,,13,75.55,897.22,0,95.9,255,89,0
4467,2024-08-26,2025-05-11,Male,37.0,South,Mobile,Grocery,Debit Card,7,50.15,304.93,0,36.4,308,50,0
3009,2022-06-03,2025-05-05,Female,62.0,South,Desktop,Books,PayPal,7,24.79,189.36,0,6.5,1123,56,0
1676,2022-04-24,2025-05-14,Male,28.0,North,Mobile,Electronics,UPI,10,121.3,1281.33,0,77.7,1163,47,0
690,2024-09-05,2025-06-22,Male,23.0,Central,Desktop,Electronics,Credit Card,5,89.15,379.48,0,87.4,298,8,0
4706,2024-06-08,2025-06-30,Male,23.0,East,Mobile,Books,UPI,7,73.0,446.61,0,74.5,387,0,0
4359,2024-08-01,2025-04-10,Female,19.0,Central,Desktop,Electronics,Debit Card,5,106.37,529.77,0,0.0,333,81,0
2962,2022-12-03,2024-12-01,Male,24.0,Central,Mobile,Beauty,Credit Card,11,50.02,485.26,0,38.8,940,211,1
4127,2024-02-15,2025-06-29,Female,50.0,East,Desktop,Home & Kitchen,Credit Card,8,84.35,688.61,1,18.2,501,1,0
653,2022-09-05,2025-04-16,Female,30.0,Central,Tablet,Home & Kitchen,UPI,4,62.66,284.11,0,54.2,1029,75,0
3572,2022-04-10,2025-04-30,Female,57.0,North,Desktop,Electronics,Credit Card,2,41.58,88.27,0,23.4,1177,61,0
2785,2024-01-19,2025-04-07,Female,18.0,East,Desktop,Grocery,UPI,9,41.05,422.73,0,17.6,528,84,0
591,2024-06-06,2025-04-11,Male,21.0,Central,Desktop,Home & Kitchen,UPI,5,57.92,294.87,0,99.1,389,80,0
3332,2024-10-03,2025-04-27,Female,18.0,South,Mobile,Electronics,UPI,6,27.45,159.64,0,39.8,270,64,0
4901,2023-11-16,2025-04-15,Male,33.0,East,Mobile,Grocery,PayPal,13,103.56,1245.9,1,67.9,592,76,0
896,2022-05-21,2025-06-08,Male,44.0,West,Mobile,Home & Kitchen,UPI,7,29.73,225.92,1,16.9,1136,22,0
3273,2022-09-04,2025-04-01,Female,40.0,South,Desktop,Home & Kitchen,UPI,7,35.25,225.54,1,61.2,1030,90,0
3514,2022-09-23,2025-05-26,Female,30.0,North,Desktop,Beauty,Credit Card,9,59.3,532.32,2,38.2,1011,35,0
2733,2022-10-08,2025-04-26,Male,23.0,Central,Mobile,Electronics,Credit Card,4,100.83,458.01,0,79.7,996,65,0
128,2022-11-27,2025-06-01,Female,42.0,North,Mobile,Electronics,Credit Card,5,59.51,333.78,1,6.5,946,29,0
118,2023-06-24,2024-09-20,Male,49.0,East,Desktop,Clothing,UPI,6,62.7,427.98,0,27.6,737,283,1
1540,2024-08-27,2024-08-30,Female,37.0,East,Mobile,Beauty,Credit Card,11,39.95,471.02,1,67.6,307,304,1
3366,2022-04-14,2025-04-22,Female,34.0,Central,Mobile,Electronics,Credit Card,14,98.94,1559.9,0,54.2,1173,69,0
2530,2023-10-30,2024-10-09,Other,29.0,North,Mobile,Electronics,UPI,9,74.94,773.96,0,12.2,609,264,1
515,2022-03-01,2025-05-12,Male,21.0,West,Mobile,Electronics,PayPal,13,24.67,279.36,2,24.7,1217,49,0
4133,2023-04-02,2025-05-02,Female,52.0,South,Desktop,Clothing,UPI,6,63.48,430.35,0,9.6,820,59,0
2356,2024-07-08,2024-09-11,Male,60.0,West,Mobile,Clothing,PayPal,5,34.58,171.06,0,73.6,357,292,1
2209,2023-05-19,2023-10-20,Male,40.0,Central,Desktop,Books,Credit Card,7,16.57,111.76,0,87.5,773,619,1
4552,2023-06-22,2024-07-02,Male,26.0,North,Mobile,Clothing,UPI,4,63.36,230.98,0,47.0,739,363,1
2585,2024-09-27,2024-10-01,Female,39.0,East,Mobile,Electronics,PayPal,8,77.15,670.07,1,59.8,276,272,1
3165,2022-04-09,2023-10-07,Male,24.0,South,Desktop,Electronics,Credit Card,6,52.57,293.63,1,80.6,1178,632,1
31,2022-07-09,2025-06-05,Female,59.0,South,Mobile,Home & Kitchen,UPI,8,104.83,821.18,0,9.1,1087,25,0
4782,2024-12-07,2025-06-21,Male,57.0,West,Mobile,Home & Kitchen,Credit Card,11,49.73,619.82,0,82.6,205,9,0
2509,2024-05-23,2025-05-31,Female,,East,Mobile,Home & Kitchen,UPI,10,25.64,236.77,0,33.4,403,30,0
3528,2024-12-23,2025-04-09,Female,31.0,West,Mobile,Beauty,UPI,8,84.24,727.08,0,7.8,189,82,0
2148,2024-03-06,2025-02-09,Male,35.0,North,Tablet,Clothing,Debit Card,8,83.53,604.57,0,62.7,481,141,1
4904,2024-05-03,2025-06-30,Male,48.0,North,Mobile,Electronics,UPI,6,64.74,332.0,1,36.2,423,0,0
4918,2022-11-10,2025-06-26,Male,29.0,East,Mobile,Home & Kitchen,Cash on Delivery,7,113.17,678.89,0,86.0,963,4,0
4640,2022-02-09,2025-01-01,Female,42.0,Central,Mobile,Clothing,Credit Card,7,41.89,282.43,0,72.1,1237,180,1
2610,2022-03-08,2025-05-08,Male,53.0,South,Tablet,Electronics,UPI,6,71.4,403.44,2,39.0,1210,53,0
4488,2024-07-10,2025-04-18,Male,41.0,East,Mobile,Grocery,Debit Card,3,40.65,108.5,0,92.7,355,73,0
2002,2023-03-29,2023-07-23,Male,53.0,West,Desktop,Clothing,Credit Card,7,66.09,480.13,0,6.0,824,708,1
451,2023-03-25,2025-03-12,Female,45.0,East,Mobile,Beauty,Credit Card,11,97.73,981.58,0,32.1,828,110,1
4231,2022-07-20,2025-06-02,Female,23.0,West,Desktop,Electronics,PayPal,7,31.5,242.5,0,45.8,1076,28,0
2036,2022-09-28,2023-11-13,Male,30.0,South,Mobile,Clothing,Cash on Delivery,8,51.0,365.02,0,86.0,1006,595,1
4047,2022-01-10,2023-11-03,Male,23.0,North,Mobile,Grocery,PayPal,7,61.57,450.03,1,21.6,1267,605,1
4853,2024-02-08,2024-08-16,Female,48.0,South,Mobile,Electronics,Credit Card,1,26.68,27.15,0,83.5,508,318,1
1120,2024-11-01,2025-06-13,Male,62.0,Central,Desktop,Sports,Credit Card,5,85.89,473.5,1,46.3,241,17,0
325,2024-05-30,2025-04-03,Female,59.0,East,Desktop,Sports,PayPal,7,89.7,639.83,0,4.7,396,88,0
3574,2022-08-10,2025-06-27,Other,22.0,East,Tablet,Grocery,Credit Card,7,35.99,257.44,0,73.8,1055,3,0
824,2024-08-03,2025-04-25,Male,46.0,Central,Mobile,Clothing,Credit Card,8,25.84,215.87,1,42.4,331,66,0
1445,2024-04-29,2025-02-18,Female,58.0,East,Mobile,Beauty,UPI,6,55.88,306.76,0,26.7,427,132,1
457,2022-09-06,2025-06-22,Male,42.0,West,Desktop,Electronics,Debit Card,9,38.96,325.22,0,66.0,1028,8,0
905,2022-12-07,2025-06-20,Male,50.0,South,Mobile,Clothing,Debit Card,4,51.97,189.53,0,12.0,936,10,0
2831,2022-12-02,2025-05-24,Female,38.0,South,Desktop,Clothing,PayPal,4,79.25,323.83,1,3.1,941,37,0
290,2023-09-06,2025-05-09,Female,46.0,East,Mobile,Clothing,PayPal,6,62.22,326.41,0,43.4,663,52,0
3387,2023-08-07,2025-05-13,Male,22.0,Central,Mobile,Beauty,Credit Card,15,44.99,686.36,2,81.4,693,48,0
3728,2022-07-30,2025-05-31,Male,19.0,West,Mobile,Clothing,UPI,7,27.13,172.21,0,97.9,1066,30,0
1107,2024-06-27,2025-05-12,Male,46.0,North,Mobile,Grocery,Credit Card,8,45.8,341.36,1,96.5,368,49,0
1053,2023-03-11,2025-05-28,Female,47.0,North,Desktop,Home & Kitchen,UPI,5,29.11,162.69,0,34.4,842,33,0
2651,2024-02-08,2025-04-21,Male,45.0,West,Mobile,Clothing,Debit Card,6,41.66,241.89,0,13.2,508,70,0
2874,2022-03-14,2025-05-06,Male,27.0,Central,Desktop,Grocery,Debit Card,5,20.24,93.7,1,30.8,1204,55,0
4665,2023-11-08,2025-05-29,Female,18.0,East,Desktop,Home & Kitchen,,6,36.85,241.81,1,44.4,600,32,0
933,2024-08-10,2024-11-30,Other,33.0,East,Mobile,Grocery,Debit Card,6,57.63,387.62,0,0.2,324,212,1
4044,2023-10-10,2024-05-18,Female,19.0,North,Mobile,Clothing,PayPal,6,39.38,228.78,0,25.9,629,408,1
4162,2023-03-08,2025-05-05,Male,42.0,Central,Tablet,Clothing,UPI,9,30.49,258.3,1,87.0,845,56,0
2194,2024-01-30,2025-05-06,Female,34.0,West,Mobile,Books,UPI,8,83.73,738.61,1,32.0,517,55,0
2818,2022-04-29,2025-03-09,Male,45.0,West,Mobile,Beauty,PayPal,4,23.01,80.36,1,89.1,1158,113,1
137,2023-05-06,2025-04-27,Female,57.0,East,Desktop,Grocery,Debit Card,7,42.16,320.79,0,92.1,786,64,0
2715,2024-11-29,2025-03-21,Male,36.0,East,Mobile,Home & Kitchen,Debit Card,5,75.83,370.97,0,92.2,213,101,1
1731,2022-09-25,2025-06-11,Male,32.0,East,Desktop,Clothing,PayPal,5,76.21,408.06,0,50.5,1009,19,0
3990,2022-11-17,2025-06-06,Female,53.0,East,Mobile,Books,Debit Card,4,51.48,233.21,0,13.2,956,24,0
2586,2022-12-09,2025-04-20,Female,58.0,Central,Tablet,Beauty,Credit Card,9,24.29,194.09,0,29.9,934,71,0
802,2023-01-20,2025-04-28,Male,47.0,Central,Mobile,Electronics,UPI,8,27.9,225.26,0,86.1,892,63,0
3278,2023-01-30,2025-04-14,Female,58.0,North,Mobile,Clothing,Cash on Delivery,8,87.7,653.42,0,6.2,882,77,0
2836,2023-06-15,2025-03-23,Female,37.0,North,Mobile,Beauty,Credit Card,5,11.82,66.8,1,45.8,746,99,1
853,2024-09-18,2025-05-24,Male,20.0,East,Desktop,Books,Debit Card,6,41.64,232.52,1,47.0,285,37,0
533,2024-02-16,2024-06-09,Other,35.0,South,Mobile,Electronics,Cash on Delivery,6,56.0,309.92,1,75.9,500,386,1
3842,2024-01-05,2024-05-09,Male,35.0,West,Mobile,Books,Credit Card,7,19.67,139.66,0,34.9,542,417,1
3967,2024-04-08,2024-04-14,Male,47.0,West,Desktop,Home & Kitchen,Credit Card,5,39.06,202.97,1,24.9,448,442,1
192,2024-04-21,2025-03-11,Female,61.0,South,Mobile,Clothing,UPI,6,16.39,92.58,1,77.8,435,111,1
2465,2024-11-11,2025-05-27,Female,31.0,South,Mobile,Grocery,PayPal,11,41.96,518.84,0,44.5,231,34,0
992,2022-10-16,2025-02-01,Female,63.0,West,Mobile,Home & Kitchen,PayPal,9,51.53,531.88,2,96.7,988,149,1
3512,2024-09-29,2025-06-01,Male,20.0,West,Desktop,Electronics,PayPal,4,72.74,301.22,0,54.4,274,29,0
3463,2022-09-20,2025-05-02,Female,62.0,South,Tablet,Grocery,Credit Card,10,36.73,382.53,1,93.0,1014,59,0
604,2023-05-18,2023-12-11,Male,55.0,North,Mobile,Clothing,Credit Card,7,51.21,315.24,0,75.6,774,567,1
540,2023-07-24,2025-06-06,Male,34.0,South,Mobile,Grocery,UPI,8,46.3,374.9,0,95.5,707,24,0
2001,2024-01-23,2024-07-31,Male,30.0,North,Mobile,Clothing,UPI,8,125.79,1132.01,2,95.8,524,334,1
3277,2023-03-10,2023-10-02,Female,55.0,East,Mobile,Clothing,UPI,7,105.59,825.28,0,20.5,843,637,1
3925,2023-08-03,2025-05-10,Other,34.0,Central,Tablet,Home & Kitchen,Cash on Delivery,7,74.1,493.95,0,27.5,697,51,0
4084,2022-10-02,2024-09-25,Female,25.0,South,Tablet,Sports,Credit Card,6,67.22,442.85,1,11.1,1002,278,1
2528,2023-01-18,2024-09-29,Female,39.0,Central,Mobile,Clothing,Credit Card,5,79.18,437.4,2,73.4,894,274,1
4417,2022-04-21,2025-05-09,Male,48.0,North,Desktop,Books,PayPal,6,86.85,453.0,0,68.6,1166,52,0
35,2023-12-06,2025-06-28,Female,31.0,South,Desktop,Clothing,PayPal,8,62.76,515.73,0,54.4,572,2,0
4356,2023-05-14,2025-05-25,Female,27.0,West,Mobile,Books,PayPal,4,79.06,358.5,0,87.0,778,36,0
3018,2022-03-29,2025-06-09,Male,42.0,North,Mobile,Clothing,Debit Card,7,63.7,390.5,2,4.8,1189,21,0
4160,2024-09-07,2025-01-21,Female,35.0,East,Desktop,Electronics,Debit Card,8,64.08,467.28,0,17.3,296,160,1
744,2022-05-03,2025-06-27,Female,37.0,North,Mobile,Electronics,Credit Card,11,54.72,588.48,1,38.9,1154,3,0
4645,2023-01-16,2025-06-09,Female,27.0,East,Desktop,Grocery,UPI,7,37.34,245.93,1,38.4,896,21,0
3807,2023-10-05,2025-05-24,Male,50.0,East,Mobile,Books,PayPal,6,38.29,252.64,0,45.2,634,37,0
2622,2022-10-13,2025-05-14,Female,46.0,South,Mobile,Clothing,UPI,13,80.98,975.36,1,76.4,991,47,0
904,2024-06-27,2024-10-07,Female,25.0,West,Desktop,Clothing,Debit Card,2,63.29,139.44,0,83.5,368,266,1
263,2023-10-06,2025-05-08,Male,22.0,North,Mobile,Books,PayPal,12,58.45,785.78,0,75.6,633,53,0
2451,2022-06-24,2025-06-09,Male,38.0,East,Mobile,Grocery,PayPal,7,61.97,492.54,1,30.8,1102,21,0
1430,2024-11-22,2025-04-11,Female,44.0,West,Mobile,Electronics,UPI,7,42.52,325.53,0,47.8,220,80,0
1077,2023-05-03,2025-04-30,Male,61.0,East,Mobile,Clothing,Cash on Delivery,6,25.7,138.13,0,50.8,789,61,0
2562,2023-01-16,2025-06-11,Female,21.0,South,Desktop,Books,Debit Card,8,26.76,243.79,0,34.7,896,19,0
3100,2022-02-10,2023-12-23,Male,48.0,South,Mobile,Grocery,Debit Card,7,68.46,420.58,0,23.9,1236,555,1
1374,2024-11-07,2025-05-30,Female,46.0,West,Desktop,Clothing,UPI,7,19.48,125.57,2,34.1,235,31,0
4574,2022-12-29,2025-05-18,Female,18.0,North,Desktop,Sports,PayPal,8,48.61,369.19,0,30.3,914,43,0
2342,2023-10-11,2025-05-29,Male,43.0,South,Mobile,Sports,PayPal,9,26.78,207.68,0,61.7,628,32,0
2390,2024-01-10,2024-05-07,Female,59.0,West,Mobile,Grocery,Credit Card,7,19.82,150.8,1,29.6,537,419,1
1662,2024-04-18,2024-09-11,Female,61.0,Central,Tablet,Clothing,Credit Card,5,92.73,488.28,0,43.7,438,292,1
1423,2023-02-13,2024-11-10,Male,47.0,Central,Mobile,Clothing,UPI,5,34.09,185.41,0,99.5,868,232,1
2339,2024-02-18,2025-04-03,Male,30.0,Central,Mobile,Electronics,PayPal,5,24.0,110.47,1,63.1,498,88,0
1441,2023-03-31,2025-04-13,Female,28.0,East,Mobile,Clothing,Debit Card,11,42.78,431.6,0,5.4,822,78,0
3112,2022-10-30,2024-06-13,Male,31.0,West,Mobile,Electronics,Credit Card,8,34.67,299.34,0,34.7,974,382,1
122,2022-08-06,2025-03-05,Female,27.0,Central,Tablet,Electronics,Credit Card,3,111.02,336.59,0,36.0,1059,117,1
790,2024-07-20,2024-11-21,Female,19.0,West,Desktop,Beauty,Credit Card,5,51.69,270.76,0,6.7,345,221,1
182,2024-08-26,2025-06-26,Male,47.0,Central,Mobile,Electronics,UPI,12,55.5,637.54,1,25.6,308,4,0
3118,2024-02-05,2025-04-25,Male,24.0,North,Mobile,Grocery,Cash on Delivery,4,92.83,319.79,1,73.7,511,66,0
2104,2024-06-17,2025-06-27,Female,43.0,South,Desktop,Books,UPI,8,60.36,474.45,0,23.9,378,3,0
2044,2024-03-21,2024-11-18,Male,55.0,West,Tablet,Grocery,Debit Card,5,53.81,283.69,0,22.5,466,224,1
4367,2023-04-16,2025-06-09,Male,20.0,South,Desktop,Sports,Debit Card,6,85.74,587.93,0,39.1,806,21,0
2513,2023-01-13,2025-04-06,Male,44.0,East,Tablet,Grocery,Cash on Delivery,4,43.46,167.31,1,27.6,899,85,0
1032,2022-07-22,2025-05-28,Female,24.0,North,Mobile,Beauty,Credit Card,6,53.73,355.43,3,66.3,1074,33,0
112,2022-08-17,2025-05-09,Male,38.0,East,Mobile,Electronics,Debit Card,6,33.77,216.62,0,96.7,1048,52,0
998,2022-01-29,2025-06-15,Male,43.0,South,Mobile,Electronics,Cash on Delivery,8,56.87,454.18,0,91.2,1248,15,0
1465,2024-08-18,2025-06-04,Other,20.0,North,Desktop,Beauty,Debit Card,5,40.86,231.79,1,6.7,316,26,0
2311,2022-06-10,2024-08-24,Female,56.0,South,Desktop,Beauty,PayPal,7,50.74,356.69,1,12.0,1116,310,1
1565,2024-05-31,2025-03-07,Female,27.0,North,Mobile,Sports,Credit Card,5,40.3,216.55,1,41.1,395,115,1
730,2023-08-14,2023-10-26,Male,27.0,East,Desktop,Sports,PayPal,10,84.77,951.14,1,41.1,686,613,1
1933,2022-03-18,2024-08-10,Female,32.0,East,Mobile,Clothing,PayPal,6,74.49,451.99,0,19.0,1200,324,1
4116,2024-08-19,2024-12-03,Male,57.0,North,Mobile,Home & Kitchen,Credit Card,6,45.27,235.86,1,79.8,315,209,1
4878,2023-12-30,2025-06-18,Female,41.0,Central,Mobile,Electronics,UPI,12,86.93,967.6,0,91.4,548,12,0
2787,2024-08-22,2024-09-27,Female,27.0,South,Mobile,Electronics,PayPal,12,44.16,506.62,0,73.1,312,276,1
2894,2023-08-02,2025-04-05,Female,25.0,East,Mobile,Home & Kitchen,Credit Card,5,47.05,247.49,1,42.9,698,86,0
3866,2022-12-30,2024-04-05,Male,22.0,South,Mobile,Books,Debit Card,9,54.86,438.71,0,93.6,913,451,1
199,2022-08-12,2024-01-06,Female,19.0,South,Desktop,Electronics,UPI,7,67.87,460.5,0,89.8,1053,541,1
3724,2023-10-10,2024-08-08,Male,50.0,South,Desktop,Clothing,PayPal,9,102.68,974.32,0,21.4,629,326,1
3126,2024-06-13,2025-05-03,Female,20.0,South,Mobile,Electronics,Debit Card,4,52.67,228.51,0,43.2,382,58,0
548,2023-04-05,2025-05-27,Female,52.0,West,Mobile,Beauty,UPI,4,69.33,259.3,1,23.8,817,34,0
102,2022-05-11,2025-01-21,Female,61.0,North,Mobile,Beauty,Credit Card,10,39.69,422.93,0,35.1,1146,160,1
2029,2023-02-25,2024-05-25,Male,30.0,East,Mobile,Home & Kitchen,Credit Card,5,123.75,683.96,1,63.5,856,401,1
3622,2022-07-04,2025-06-01,Male,41.0,East,Mobile,Electronics,PayPal,6,32.62,182.99,0,86.1,1092,29,0
565,2022-08-23,2024-06-14,Male,63.0,North,Desktop,Home & Kitchen,UPI,10,18.77,202.2,1,33.4,1042,381,1
3833,2023-07-01,2025-05-20,Female,20.0,North,Mobile,Clothing,PayPal,10,39.37,408.91,0,64.1,730,41,0
695,2022-06-01,2025-05-13,Male,34.0,West,Mobile,Clothing,UPI,6,79.32,458.94,1,91.2,1125,48,0
2471,2024-08-06,2025-06-04,Male,30.0,Central,Mobile,Clothing,UPI,7,50.98,330.92,0,44.2,328,26,0
1645,2022-09-06,2025-06-23,Male,28.0,South,Desktop,Beauty,Credit Card,3,83.41,219.23,0,6.3,1028,7,0
2243,2024-12-25,2025-05-29,Female,24.0,West,Mobile,Grocery,PayPal,5,101.41,477.01,0,51.0,187,32,0
1875,2023-05-20,2024-11-30,Female,47.0,West,Mobile,Clothing,Credit Card,5,68.8,323.62,0,55.5,772,212,1
1114,2023-07-18,2024-03-29,Female,59.0,Central,Desktop,Clothing,PayPal,8,44.5,401.96,1,70.4,713,458,1
749,2022-09-12,2024-02-22,Female,24.0,East,Desktop,Electronics,Credit Card,7,45.05,328.7,1,76.0,1022,494,1
3936,2023-10-19,2025-05-01,Female,54.0,East,Mobile,Clothing,UPI,9,47.84,383.14,1,17.8,620,60,0
2265,2022-06-11,2025-06-27,Female,23.0,North,Desktop,Clothing,Debit Card,5,31.85,167.85,0,75.5,1115,3,0
3620,2024-10-08,2024-10-24,Male,52.0,East,Desktop,Home & Kitchen,Cash on Delivery,4,38.74,173.24,2,15.3,265,249,1
3722,2024-10-17,2025-06-30,Female,20.0,East,Desktop,Home & Kitchen,PayPal,12,68.63,810.93,1,54.1,256,0,0
1658,2024-03-26,2025-04-05,Male,32.0,West,Mobile,Clothing,Debit Card,7,26.82,211.36,0,35.9,461,86,0
705,2024-12-06,2024-12-06,Male,60.0,East,Mobile,Clothing,Cash on Delivery,7,23.93,162.97,0,99.1,206,206,1
669,2023-01-03,2025-05-06,Male,38.0,West,Mobile,Electronics,Credit Card,6,47.44,289.8,0,85.8,909,55,0
1333,2023-12-05,2024-08-09,Male,32.0,North,Mobile,Clothing,Credit Card,7,78.8,469.93,0,26.6,573,325,1
2671,2023-03-10,2025-06-15,Female,38.0,West,Mobile,Beauty,Cash on Delivery,4,43.12,161.65,0,89.6,843,15,0
380,2023-10-05,2025-04-28,Male,32.0,North,Desktop,Books,Credit Card,10,40.29,455.72,1,54.6,634,63,0
1354,2022-07-13,2023-07-22,Female,21.0,Central,Mobile,Sports,Debit Card,4,55.89,198.7,0,71.3,1083,709,1
2645,2023-05-22,2025-02-10,Male,18.0,West,Desktop,Beauty,Credit Card,5,49.64,268.22,1,40.6,770,140,1
1117,2024-12-22,2025-01-10,Male,60.0,East,Mobile,Home & Kitchen,UPI,13,77.6,1120.81,0,36.4,190,171,1
1400,2024-06-15,2025-06-29,Female,26.0,Central,Desktop,Grocery,Debit Card,9,37.41,312.88,1,92.7,380,1,0
2946,2023-04-30,2025-04-06,Male,55.0,West,Mobile,Clothing,Cash on Delivery,7,25.5,189.24,1,70.8,792,85,0
2601,2023-07-03,2025-04-19,Female,51.0,South,Mobile,Electronics,Credit Card,9,63.39,491.66,0,47.4,728,72,0
3311,2024-09-21,2025-05-20,Female,20.0,South,Mobile,Beauty,UPI,7,53.92,378.69,0,58.7,282,41,0
241,2022-04-13,2023-12-27,Female,62.0,North,Desktop,Grocery,Debit Card,9,59.86,567.99,0,80.0,1174,551,1
950,2024-01-06,2025-05-16,Female,40.0,Central,Desktop,Clothing,UPI,5,113.71,510.49,0,61.8,541,45,0
1716,2024-07-17,2025-06-07,Other,25.0,North,Mobile,Grocery,UPI,8,37.07,299.27,0,42.7,348,23,0
4808,2024-01-10,2025-06-05,Female,34.0,South,Desktop,Grocery,Credit Card,8,67.6,563.05,0,44.0,537,25,0
456,2023-05-26,2024-04-03,Female,55.0,North,Desktop,Home & Kitchen,PayPal,5,31.82,154.31,1,35.1,766,453,1
4503,2023-10-28,2024-01-29,Male,52.0,Central,Mobile,Clothing,Debit Card,8,50.88,385.91,0,8.0,611,518,1
1687,2023-08-05,2025-05-05,Female,20.0,South,Mobile,Grocery,Credit Card,12,62.56,668.81,0,24.6,695,56,0
1746,2024-02-26,2025-04-28,Female,41.0,West,Mobile,Clothing,UPI,6,58.12,345.12,0,91.4,490,63,0
2704,2023-09-18,2024-08-14,Male,33.0,North,Mobile,Grocery,Debit Card,9,57.48,449.79,0,74.6,651,320,1
4208,2022-11-03,2024-05-05,Female,62.0,North,Mobile,Sports,Credit Card,8,45.58,400.29,0,89.3,970,421,1
728,2022-03-08,2025-03-23,Female,28.0,West,Mobile,Clothing,UPI,8,34.58,275.71,0,71.7,1210,99,1
4236,2023-04-22,2025-04-12,Male,35.0,South,Tablet,Home & Kitchen,Credit Card,4,19.05,75.98,0,6.7,800,79,0
3362,2022-04-29,2023-11-05,Male,51.0,North,Desktop,Clothing,Debit Card,8,26.99,189.0,0,48.3,1158,603,1
3826,2022-08-07,2024-02-28,Male,22.0,East,Desktop,Electronics,Debit Card,8,63.54,450.4,1,40.7,1058,488,1
928,2024-08-02,2025-05-01,Female,24.0,East,Mobile,Beauty,Credit Card,6,148.95,908.36,0,82.0,332,60,0
823,2022-08-21,2025-05-02,Male,20.0,North,Desktop,Electronics,Debit Card,7,48.06,364.39,1,42.1,1044,59,0
4226,2024-05-28,2025-05-21,Female,60.0,West,Mobile,Clothing,UPI,8,95.4,721.3,0,87.5,398,40,0
2559,2022-10-10,2025-05-21,Male,41.0,East,Mobile,Beauty,UPI,7,91.52,618.73,0,11.5,994,40,0
2977,2023-09-16,2024-09-06,Female,43.0,East,Mobile,Clothing,Debit Card,4,82.03,309.92,0,3.3,653,297,1
197,2024-04-04,2024-12-24,Female,39.0,South,Mobile,Grocery,Debit Card,13,102.55,1526.34,0,62.5,452,188,1
4393,2023-02-28,2023-07-20,Female,47.0,North,Tablet,Home & Kitchen,,9,58.76,518.12,0,3.3,853,711,1
2731,2024-01-23,2025-04-26,Female,59.0,Central,Mobile,Electronics,Credit Card,4,53.18,236.66,0,0.7,524,65,0
1638,2023-08-18,2025-05-10,Male,59.0,South,Mobile,Clothing,Credit Card,7,41.39,296.9,0,3.5,682,51,0
2986,2024-11-17,2025-06-09,Female,44.0,West,Mobile,Home & Kitchen,UPI,11,56.17,549.63,0,50.3,225,21,0
4523,2023-08-20,2025-06-07,Female,21.0,West,Mobile,Electronics,Credit Card,8,50.14,386.59,0,96.9,680,23,0
2398,2023-09-16,2025-05-10,Male,59.0,South,Mobile,Sports,Cash on Delivery,9,63.87,569.91,1,80.2,653,51,0
4910,2023-09-17,2025-06-14,Female,51.0,Central,Desktop,Grocery,Credit Card,7,60.29,402.19,1,6.7,652,16,0
2125,2024-10-12,2025-06-09,Other,51.0,North,Mobile,Clothing,Credit Card,3,23.15,67.69,0,60.5,261,21,0
2548,2023-10-04,2025-05-26,Male,43.0,South,Desktop,Grocery,Debit Card,5,47.54,211.69,1,19.2,635,35,0
25,2023-11-28,2025-05-21,Male,38.0,Central,Mobile,Home & Kitchen,Credit Card,10,35.27,339.81,2,47.9,580,40,0
717,2022-06-16,2025-06-05,Female,29.0,Central,Desktop,Grocery,UPI,7,35.45,277.18,1,20.6,1110,25,0
1678,2024-11-27,2025-05-25,Male,35.0,West,Desktop,Clothing,PayPal,8,62.13,529.18,0,18.6,215,36,0
3091,2024-10-05,2025-05-16,Male,39.0,Central,Desktop,Sports,Cash on Delivery,4,60.95,216.96,1,85.8,268,45,0
1365,2022-09-22,2025-04-29,Female,54.0,South,Mobile,Books,Credit Card,5,23.19,110.65,0,0.5,1012,62,0
4543,2022-07-15,2025-06-27,Male,39.0,Central,Mobile,Beauty,UPI,14,38.04,584.22,0,59.7,1081,3,0
4756,2022-11-14,2024-06-06,Female,22.0,South,Desktop,Home & Kitchen,PayPal,9,52.02,514.86,1,58.3,959,389,1
3703,2024-10-12,2025-04-03,Male,33.0,West,Desktop,Books,Cash on Delivery,5,72.28,312.58,0,36.7,261,88,0
2503,2022-12-03,2025-01-16,Female,59.0,West,Desktop,Books,Credit Card,4,27.76,123.38,1,81.8,940,165,1
637,2023-03-30,2024-10-08,Female,61.0,North,Mobile,Electronics,Debit Card,8,37.15,311.46,2,55.6,823,265,1
431,2023-09-28,2023-12-02,Male,57.0,North,Desktop,Clothing,Debit Card,7,26.49,181.54,1,42.3,641,576,1
721,2022-06-03,2023-08-26,Female,57.0,Central,Mobile,Clothing,Cash on Delivery,4,55.71,256.1,1,25.4,1123,674,1
796,2024-04-07,2024-12-06,Female,45.0,Central,Desktop,Beauty,Debit Card,5,74.63,398.33,1,6.7,449,206,1
4867,2023-09-08,2024-12-25,Male,44.0,South,Desktop,Electronics,Credit Card,6,23.6,125.71,0,5.6,661,187,1
2080,2024-05-18,2025-04-22,Female,34.0,East,Mobile,Home & Kitchen,Debit Card,8,43.21,377.46,1,25.5,408,69,0
4531,2024-04-27,2025-04-11,Male,33.0,South,Desktop,Clothing,Credit Card,6,52.01,332.02,3,78.5,429,80,0
268,2023-09-07,2025-04-11,Female,63.0,North,Mobile,Books,Debit Card,8,100.83,791.86,2,21.0,662,80,0
4951,2023-06-30,2025-06-25,Male,51.0,South,Mobile,Books,Cash on Delivery,9,46.33,464.2,0,10.1,731,5,0
1794,2022-09-21,2025-05-23,Female,47.0,South,Mobile,Beauty,UPI,9,27.77,277.72,1,78.0,1013,38,0
1527,2022-10-04,2023-09-24,Male,46.0,North,Tablet,Clothing,PayPal,9,52.76,540.1,0,5.2,1000,645,1
4738,2024-02-13,2025-05-25,Male,62.0,Central,Desktop,Clothing,Cash on Delivery,8,45.8,332.08,0,3.1,503,36,0
1211,2023-03-18,2025-02-18,Male,24.0,North,Mobile,Home & Kitchen,Debit Card,3,43.04,141.64,0,62.3,835,132,1
100,2022-11-24,2024-10-21,Male,61.0,Central,Mobile,Electronics,UPI,4,101.09,374.64,0,83.5,949,252,1
1768,2022-04-10,2023-12-15,Male,24.0,West,Mobile,Sports,Cash on Delivery,13,22.58,257.35,0,84.6,1177,563,1
4132,2024-02-10,2025-04-06,Male,58.0,North,Mobile,Sports,UPI,7,127.15,913.47,0,71.8,506,85,0
280,2023-12-16,2024-02-12,Female,24.0,South,Mobile,Beauty,Credit Card,12,123.91,1512.59,1,70.8,562,504,1
620,2023-11-29,2025-04-13,Female,35.0,Central,Mobile,Electronics,Credit Card,4,62.35,231.86,1,58.8,579,78,0
2991,2022-03-05,2024-03-27,Male,35.0,East,Tablet,Home & Kitchen,UPI,6,50.77,288.83,0,65.4,1213,460,1
3624,2022-06-03,2025-04-07,Female,58.0,West,Mobile,Grocery,Debit Card,4,24.48,109.09,0,94.6,1123,84,0
513,2024-06-11,2025-03-13,Female,57.0,North,Mobile,Electronics,Credit Card,10,75.64,858.51,1,15.5,384,109,1
1313,2024-07-14,2025-02-09,Female,46.0,East,Mobile,Clothing,Debit Card,8,31.24,261.97,0,75.9,351,141,1
3449,2022-03-14,2025-04-23,Female,52.0,South,Mobile,Home & Kitchen,UPI,10,65.74,651.36,0,97.4,1204,68,0
4656,2024-10-07,2025-03-09,Male,58.0,South,Mobile,Electronics,PayPal,6,20.8,109.38,0,86.2,266,113,1
3802,2022-10-01,2025-02-12,Female,21.0,East,Desktop,Beauty,Credit Card,4,32.87,144.12,1,49.8,1003,138,1
1833,2023-09-23,2025-06-28,Female,51.0,North,Mobile,Home & Kitchen,Cash on Delivery,2,57.96,126.78,0,36.5,646,2,0
3632,2022-04-13,2024-12-18,Male,31.0,East,Mobile,Home & Kitchen,Debit Card,8,47.95,329.2,1,85.0,1174,194,1
4172,2022-03-22,2025-04-10,Other,34.0,West,Mobile,Grocery,PayPal,5,32.52,147.8,2,48.8,1196,81,0
1534,2023-02-13,2025-03-10,Male,34.0,North,Mobile,Books,UPI,5,55.56,298.38,0,1.7,868,112,1
988,2023-11-25,2025-06-26,Male,47.0,North,Tablet,Home & Kitchen,Credit Card,7,40.65,314.65,1,19.8,583,4,0
2271,2023-09-07,2025-04-09,Male,42.0,South,Mobile,Electronics,Cash on Delivery,4,29.49,120.52,0,57.3,662,82,0
1641,2022-12-23,2023-12-31,Female,47.0,Central,Mobile,Sports,UPI,7,86.91,556.96,0,96.9,920,547,1
461,2024-12-23,2025-05-18,Male,35.0,South,Mobile,Beauty,Credit Card,4,40.26,148.19,1,38.4,189,43,0
4098,2022-11-23,2025-04-02,Male,22.0,West,Mobile,Grocery,UPI,2,25.76,54.24,0,84.1,950,89,0
3565,2022-12-13,2025-05-19,Male,38.0,East,Tablet,Books,UPI,8,65.17,445.9,1,71.4,930,42,0
4752,2023-07-18,2025-04-30,Male,24.0,East,Desktop,Books,Debit Card,9,24.9,190.74,0,83.1,713,61,0
4590,2023-09-14,2025-06-27,Female,33.0,South,Desktop,Home & Kitchen,Credit Card,9,42.25,329.79,1,54.6,655,3,0
2426,2023-01-04,2024-02-01,Female,55.0,East,Desktop,Clothing,Debit Card,6,34.25,203.32,0,34.0,908,515,1
718,2022-11-18,2025-06-04,Female,30.0,South,Desktop,Sports,Debit Card,3,41.25,117.8,0,60.9,955,26,0
3725,2022-09-01,2023-12-10,Male,41.0,North,Mobile,Clothing,Credit Card,10,35.82,372.18,0,66.9,1033,568,1
2384,2024-06-09,2024-06-24,Male,43.0,West,Mobile,Grocery,Debit Card,5,66.44,338.58,2,29.5,386,371,1
1376,2022-02-07,2025-05-06,Female,32.0,East,Mobile,Grocery,Credit Card,9,33.9,292.56,0,68.3,1239,55,0
2755,2023-10-07,2025-05-08,Female,43.0,West,Mobile,Electronics,Debit Card,4,101.72,432.17,1,14.8,632,53,0
360,2022-02-18,2023-10-07,Female,30.0,South,Desktop,Home & Kitchen,PayPal,3,90.65,271.92,0,67.2,1228,632,1
3314,2022-12-19,2025-06-23,Male,32.0,East,Desktop,Electronics,Credit Card,10,48.11,513.32,1,16.0,924,7,0
888,2024-03-25,2025-06-16,Male,20.0,Central,Desktop,Beauty,UPI,5,68.59,362.88,1,98.0,462,14,0
2684,2022-02-03,2025-04-29,Male,21.0,North,Desktop,Clothing,UPI,7,58.83,406.46,0,5.6,1243,62,0
842,2023-07-20,2023-10-01,Female,18.0,North,Mobile,Home & Kitchen,UPI,8,56.1,444.32,0,28.8,711,638,1
3550,2024-06-07,2025-05-21,Female,22.0,East,Desktop,Grocery,Debit Card,8,91.19,753.95,1,45.5,388,40,0
1681,2022-12-04,2024-05-20,Male,52.0,South,Mobile,Beauty,UPI,7,41.63,295.32,1,14.8,939,406,1
1306,2023-07-17,2025-06-05,Female,35.0,East,Mobile,Clothing,Debit Card,7,45.34,358.18,0,39.7,714,25,0
4840,2023-11-23,2024-05-30,Male,56.0,East,Mobile,Sports,UPI,7,36.32,258.36,1,83.4,585,396,1
528,2022-10-05,2025-04-25,Male,22.0,North,Desktop,Home & Kitchen,UPI,5,107.79,543.76,0,31.4,999,66,0
1442,2024-07-12,2025-04-22,Male,40.0,West,Desktop,Clothing,Cash on Delivery,10,48.18,445.91,0,58.3,353,69,0
4486,2024-09-02,2025-03-04,Female,20.0,South,Mobile,Home & Kitchen,Debit Card,5,56.45,298.62,1,19.6,301,118,1
2346,2022-01-11,2025-04-10,Female,41.0,North,Tablet,Beauty,PayPal,9,27.66,234.96,0,95.8,1266,81,0
3017,2022-09-08,2025-05-10,Female,37.0,South,Desktop,Home & Kitchen,Debit Card,7,54.33,423.21,0,40.4,1026,51,0
1877,2023-09-04,2025-02-15,Female,26.0,North,Desktop,Sports,Credit Card,8,42.46,304.11,0,58.5,665,135,1
135,2024-01-14,2025-04-30,Female,48.0,West,Desktop,Grocery,Cash on Delivery,4,45.81,186.5,0,51.2,533,61,0
3791,2024-03-04,2025-06-06,Male,25.0,West,Desktop,Clothing,UPI,5,54.06,293.51,0,3.5,483,24,0
3390,2022-04-12,2025-06-03,Female,42.0,North,Mobile,Home & Kitchen,Cash on Delivery,5,16.37,91.29,1,41.9,1175,27,0
3581,2022-09-11,2025-05-01,Female,20.0,Central,Tablet,Home & Kitchen,PayPal,12,67.98,868.99,0,70.0,1023,60,0
4234,2023-06-06,2025-05-26,Female,61.0,West,Mobile,Clothing,PayPal,13,52.08,735.59,0,85.7,755,35,0
2119,2024-04-26,2024-10-23,Male,39.0,North,Desktop,Books,PayPal,9,24.14,235.93,0,7.5,430,250,1
525,2022-02-25,2023-12-09,Female,21.0,West,Tablet,Home & Kitchen,PayPal,7,20.17,140.87,0,93.2,1221,569,1
2920,2023-09-22,2025-05-28,Male,61.0,West,Desktop,Beauty,Credit Card,3,27.06,75.13,0,64.3,647,33,0
911,2023-08-24,2025-05-12,Female,37.0,West,Mobile,Books,UPI,6,44.64,262.1,0,76.2,676,49,0
3229,2022-06-17,2024-12-30,Male,62.0,East,Mobile,Electronics,Credit Card,7,25.59,167.87,0,7.1,1109,182,1
504,2022-01-13,2025-04-24,Female,36.0,Central,Mobile,Books,Credit Card,6,88.86,504.4,1,61.3,1264,67,0
4680,2024-02-28,2025-04-15,Female,64.0,West,Mobile,Home & Kitchen,PayPal,11,44.53,513.51,0,90.5,488,76,0
125,2023-02-12,2025-04-13,Male,49.0,West,Mobile,Clothing,Cash on Delivery,8,65.17,510.9,2,16.3,869,78,0
934,2023-08-13,2025-05-28,Female,55.0,Central,Mobile,Home & Kitchen,PayPal,8,32.8,290.76,1,99.7,687,33,0
1471,2023-03-18,2025-04-08,Female,29.0,East,Mobile,Electronics,Credit Card,7,38.08,238.98,0,50.2,835,83,0
1285,2022-10-30,2025-05-25,Male,50.0,Central,Desktop,Clothing,Credit Card,9,58.76,464.74,0,39.4,974,36,0
4470,2024-05-13,2025-06-20,Female,58.0,East,Mobile,Home & Kitchen,Credit Card,6,35.62,196.31,0,89.8,413,10,0
3059,2024-03-06,2025-02-16,Male,36.0,West,Mobile,Clothing,Cash on Delivery,7,55.0,397.1,2,9.9,481,134,1
4245,2022-08-30,2024-12-17,Male,20.0,East,Desktop,Sports,UPI,5,71.51,384.41,0,2.2,1035,195,1
1095,2023-03-30,2024-03-22,Male,52.0,Central,Mobile,Clothing,PayPal,3,73.86,241.52,0,20.1,823,465,1
2858,2022-11-19,2025-03-12,Male,29.0,West,Tablet,Electronics,Credit Card,6,84.94,453.95,1,53.4,954,110,1
1184,2022-05-23,2025-05-18,Female,42.0,West,Desktop,Electronics,Cash on Delivery,6,83.98,536.16,0,83.7,1134,43,0
225,2024-02-16,2024-10-17,Male,49.0,South,Desktop,Home & Kitchen,UPI,7,62.0,401.6,0,55.6,500,256,1
2367,2023-08-21,2024-02-09,Male,23.0,North,Desktop,Books,Credit Card,6,52.71,276.62,0,34.2,679,507,1
3840,2023-02-22,2025-04-17,Female,50.0,North,Desktop,Sports,Debit Card,9,24.3,246.63,1,44.3,859,74,0
3339,2023-07-06,2023-09-12,Female,53.0,North,Mobile,Beauty,Cash on Delivery,3,33.64,93.21,0,14.6,725,657,1
2956,2022-06-02,2025-06-17,Female,64.0,South,Mobile,Beauty,Debit Card,8,77.48,635.79,1,1.8,1124,13,0
3106,2022-09-25,2023-10-02,Male,64.0,West,Desktop,Grocery,Credit Card,8,32.35,245.89,0,44.9,1009,637,1
1372,2022-07-11,2025-05-07,Male,28.0,South,Desktop,Electronics,UPI,8,94.82,792.22,0,47.9,1085,54,0
3783,2022-04-10,2025-06-09,Male,54.0,South,Desktop,Electronics,Debit Card,7,35.55,215.74,0,80.4,1177,21,0
685,2024-06-21,2025-02-10,Female,21.0,West,Tablet,Clothing,Debit Card,8,62.11,436.84,0,47.1,374,140,1
1967,2024-04-10,2025-04-05,Male,56.0,East,Desktop,Grocery,Cash on Delivery,7,86.9,688.4,0,88.1,446,86,0
828,2023-08-21,2024-12-31,Male,28.0,North,Tablet,Beauty,PayPal,7,26.88,213.4,0,69.6,679,181,1
1262,2024-01-12,2025-04-22,Female,50.0,East,Mobile,Sports,Credit Card,10,46.7,494.59,1,2.6,535,69,0
4886,2023-09-08,2025-05-11,Female,22.0,South,Desktop,Sports,UPI,10,25.34,238.83,1,55.0,661,50,0
3508,2023-07-15,2025-01-24,Male,30.0,Central,Mobile,Home & Kitchen,UPI,4,32.6,129.09,0,43.1,716,157,1
633,2024-07-06,2025-06-16,Female,23.0,South,Mobile,Clothing,Debit Card,8,69.61,500.81,0,88.9,359,14,0
1850,2023-10-05,2025-04-03,Female,57.0,Central,Desktop,Grocery,Credit Card,13,27.52,320.23,0,37.4,634,88,0
1307,2022-04-26,2025-04-05,Female,44.0,East,Mobile,Electronics,Credit Card,11,46.48,492.53,0,70.8,1161,86,0
4200,2024-02-29,2025-04-06,Female,52.0,Central,Mobile,Grocery,Credit Card,4,68.04,304.06,2,93.7,487,85,0
1242,2024-10-21,2025-03-22,Female,37.0,South,Mobile,Clothing,Credit Card,8,99.06,820.44,0,43.1,252,100,1
3493,2023-02-15,2025-05-26,Female,34.0,Central,Mobile,Clothing,Credit Card,8,37.88,334.98,0,16.5,866,35,0
1461,2022-03-20,2025-04-01,Male,49.0,North,Mobile,Grocery,Cash on Delivery,7,34.32,262.79,0,90.8,1198,90,0
1398,2023-01-06,2025-06-20,Male,43.0,West,Mobile,Grocery,UPI,8,82.43,599.21,1,15.8,906,10,0
963,2023-01-25,2024-07-27,Male,44.0,North,Desktop,Home & Kitchen,Debit Card,7,56.62,435.0,0,84.4,887,338,1
4408,2024-10-05,2024-12-15,Male,25.0,West,Mobile,Beauty,Debit Card,8,15.86,131.07,1,92.3,268,197,1
1278,2024-11-11,2025-06-08,Other,22.0,South,Mobile,Beauty,Debit Card,9,53.29,490.41,0,12.1,231,22,0
1876,2023-07-26,2024-07-15,Female,19.0,North,Mobile,Clothing,Credit Card,6,37.49,191.81,0,10.8,705,350,1
746,2023-09-22,2025-05-06,Female,33.0,North,Desktop,Books,PayPal,7,95.27,709.08,1,66.4,647,55,0
2154,2024-07-10,2025-04-27,Female,49.0,North,Desktop,Beauty,Debit Card,7,52.32,350.33,0,40.8,355,64,0
3350,2024-11-21,2025-04-16,Male,30.0,Central,Mobile,Electronics,PayPal,9,65.7,616.9,0,86.2,221,75,0
4119,2022-03-23,2023-12-15,Male,40.0,North,Tablet,Home & Kitchen,UPI,3,52.79,150.08,0,84.0,1195,563,1
142,2024-09-22,2025-06-07,Male,64.0,Central,Mobile,Sports,PayPal,13,85.28,1079.8,0,49.5,281,23,0
1116,2024-02-20,2025-06-20,Female,27.0,North,Mobile,Home & Kitchen,Cash on Delivery,10,46.7,425.65,0,56.9,496,10,0
805,2024-10-17,2025-05-27,Male,43.0,South,Desktop,Clothing,Credit Card,10,57.03,654.86,1,74.9,256,34,0
3115,2024-12-13,2025-01-04,Male,37.0,North,Mobile,Electronics,Credit Card,8,55.77,425.61,0,87.9,199,177,1
530,2023-01-08,2025-04-07,Female,59.0,South,Mobile,Electronics,Debit Card,10,92.4,890.18,0,65.3,904,84,0
4140,2022-01-14,2025-05-30,Female,33.0,West,Desktop,Grocery,UPI,8,52.49,420.0,0,64.2,1263,31,0
201,2023-01-28,2025-05-23,Female,24.0,Central,Mobile,Beauty,Debit Card,7,63.67,425.9,1,23.5,884,38,0
455,2022-04-13,2025-05-19,Male,37.0,East,Desktop,Electronics,Credit Card,9,31.32,259.6,1,79.8,1174,42,0
4979,2022-10-30,2025-04-05,Male,36.0,North,Mobile,Books,Credit Card,6,86.58,594.04,2,27.5,974,86,0
3347,2024-11-23,2025-03-27,Male,23.0,East,Desktop,Electronics,Debit Card,5,53.53,287.79,1,69.0,219,95,1
3713,2023-04-02,2025-05-23,Female,59.0,East,Mobile,Electronics,Credit Card,9,53.06,437.54,0,8.5,820,38,0
2225,2022-06-02,2024-09-07,Male,19.0,South,Desktop,Grocery,Debit Card,11,78.32,772.17,0,17.7,1124,296,1
441,2024-04-28,2024-08-07,Male,60.0,North,Mobile,Grocery,Debit Card,8,62.58,531.08,0,30.0,428,327,1
1885,2023-12-16,2024-12-16,Male,25.0,West,Desktop,Sports,UPI,7,43.67,266.77,0,58.9,562,196,1
4560,2024-06-26,2025-03-28,Other,27.0,East,Mobile,Electronics,UPI,5,38.97,189.09,0,63.3,369,94,1
2897,2022-06-26,2025-06-10,Female,37.0,North,Mobile,Home & Kitchen,Credit Card,9,50.45,430.99,0,10.9,1100,20,0
433,2023-02-12,2025-04-09,Female,60.0,Central,Mobile,Books,Credit Card,7,54.07,365.37,0,77.1,869,82,0
2064,2024-07-07,2025-05-23,Male,46.0,West,Desktop,Clothing,PayPal,7,53.37,350.48,0,40.2,358,38,0
3041,2024-09-08,2025-04-24,Male,50.0,Central,Mobile,Clothing,Cash on Delivery,6,47.41,269.61,0,19.2,295,67,0
2170,2023-03-10,2025-02-11,Male,36.0,North,Desktop,Beauty,UPI,5,45.56,240.16,1,51.5,843,139,1
2155,2024-01-30,2025-04-06,Male,27.0,South,Mobile,Home & Kitchen,Debit Card,8,77.27,639.96,1,22.7,517,85,0
3173,2023-12-21,2024-09-23,Male,51.0,South,Mobile,Grocery,Credit Card,9,102.08,818.27,2,81.6,557,280,1
3809,2023-02-16,2025-05-20,Male,38.0,West,Desktop,Home & Kitchen,Debit Card,5,38.41,205.21,1,29.6,865,41,0
2037,2024-11-17,2024-12-02,Male,45.0,West,Mobile,Grocery,Credit Card,4,33.17,115.67,1,15.8,225,210,1
3862,2023-02-07,2025-06-20,Female,44.0,Central,Mobile,Books,Credit Card,8,84.11,767.06,0,22.5,874,10,0
4193,2023-06-26,2025-06-29,Female,54.0,East,Desktop,Books,Credit Card,7,80.14,583.29,0,12.2,735,1,0
985,2023-06-11,2024-06-14,Female,34.0,West,Desktop,Grocery,Credit Card,5,60.72,337.15,1,16.7,750,381,1
2502,2022-08-12,2025-05-29,Female,49.0,North,Tablet,Home & Kitchen,UPI,7,38.32,293.61,1,7.8,1053,32,0
3917,2023-05-08,2023-07-22,Female,30.0,West,Desktop,Grocery,Debit Card,10,24.99,218.14,1,0.8,784,709,1
2740,2022-12-03,2025-05-29,Male,36.0,Central,Mobile,Books,Debit Card,6,76.63,430.54,1,63.0,940,32,0
1675,2024-10-26,2025-05-12,Female,46.0,East,Mobile,Home & Kitchen,PayPal,7,67.19,438.79,0,22.0,247,49,0
2344,2022-08-07,2025-05-12,Male,44.0,East,Mobile,Clothing,Cash on Delivery,9,42.57,409.72,0,27.3,1058,49,0
1663,2022-06-01,2024-09-13,Female,19.0,West,Mobile,Electronics,Credit Card,4,23.31,101.18,0,17.4,1125,290,1
822,2023-04-06,2025-05-26,Male,21.0,East,Mobile,Clothing,Credit Card,7,119.29,735.75,1,84.0,816,35,0
2005,2024-09-06,2025-04-26,Male,61.0,South,Mobile,Beauty,Debit Card,3,123.93,328.05,0,21.9,297,65,0
4188,2023-03-26,2025-06-05,Female,21.0,West,Mobile,Sports,Credit Card,8,49.72,379.18,0,70.3,827,25,0
1051,2024-07-20,2024-08-10,Female,18.0,South,Desktop,Electronics,UPI,7,50.94,374.34,1,10.9,345,324,1
4009,2023-03-10,2025-06-05,Female,48.0,East,Mobile,Grocery,UPI,9,51.54,475.15,0,4.3,843,25,0
377,2022-08-11,2025-04-28,Female,48.0,East,Mobile,Grocery,Cash on Delivery,7,45.13,281.66,0,0.2,1054,63,0
593,2024-07-30,2024-10-06,,37.0,East,Mobile,Clothing,Debit Card,7,57.76,452.0,1,22.5,335,267,1
3193,2022-07-10,2024-11-05,Female,32.0,West,Desktop,Sports,Debit Card,7,37.1,295.16,0,73.6,1086,237,1
2973,2023-06-27,2024-03-24,Female,20.0,West,Mobile,Home & Kitchen,PayPal,1,16.82,16.66,1,6.6,734,463,1
4613,2023-05-27,2025-06-25,Female,47.0,Central,Mobile,Electronics,PayPal,5,36.75,172.87,0,3.1,765,5,0
164,2023-11-24,2024-04-13,Female,42.0,South,Tablet,Electronics,Cash on Delivery,12,33.08,407.16,0,51.8,584,443,1
1410,2023-05-05,2025-03-15,Female,53.0,South,Mobile,Clothing,Debit Card,6,45.08,237.48,0,65.3,787,107,1
3940,2022-12-09,2025-04-21,Male,49.0,North,Desktop,Clothing,Credit Card,5,25.8,110.51,0,35.5,934,70,0
1377,2024-01-13,2025-04-17,Male,48.0,West,Desktop,Grocery,Debit Card,11,87.37,838.27,0,86.9,534,74,0
1041,2023-04-29,2025-04-09,Female,19.0,South,Tablet,Clothing,Debit Card,8,101.35,782.54,0,98.7,793,82,0
2321,2023-10-31,2024-12-06,Female,33.0,East,Mobile,Beauty,PayPal,4,71.26,312.06,0,11.4,608,206,1
613,2024-10-09,2025-04-04,Female,59.0,Central,Mobile,Sports,Debit Card,4,56.64,235.29,1,23.1,264,87,0
1355,2024-03-02,2025-06-10,Female,22.0,Central,Mobile,Clothing,Debit Card,6,37.16,190.27,0,15.6,485,20,0
4869,2023-03-16,2025-06-07,Female,42.0,West,Mobile,Home & Kitchen,UPI,8,85.94,617.47,0,56.5,837,23,0
1916,2023-11-08,2023-12-14,Female,51.0,North,Mobile,Clothing,UPI,3,91.71,280.35,1,15.5,600,564,1
370,2023-11-10,2025-04-24,Male,39.0,West,Desktop,Home & Kitchen,Debit Card,5,41.18,176.41,0,52.2,598,67,0
2297,2023-01-03,2025-06-19,Male,34.0,East,Mobile,Books,UPI,9,57.64,570.43,1,91.7,909,11,0
419,2024-06-23,2025-05-19,Female,25.0,South,Mobile,Home & Kitchen,UPI,11,24.76,301.9,1,41.0,372,42,0
284,2023-08-07,2025-05-31,Male,27.0,South,Desktop,Grocery,UPI,4,45.85,173.71,0,95.9,693,30,0
3182,2023-08-27,2025-06-25,Male,49.0,East,Mobile,Grocery,PayPal,8,50.42,428.15,0,43.6,673,5,0
872,2022-09-16,2024-06-11,Male,22.0,South,Desktop,Clothing,Credit Card,9,113.76,912.99,0,26.7,1018,384,1
2922,2023-02-25,2025-04-05,Female,46.0,West,Mobile,Clothing,UPI,8,47.3,337.99,0,94.6,856,86,0
355,2024-07-31,2025-06-04,Male,51.0,Central,Tablet,Clothing,Credit Card,10,55.04,490.22,1,79.1,334,26,0
3557,2024-04-06,2025-03-19,Male,56.0,East,Desktop,Books,Credit Card,9,72.5,585.48,0,1.4,450,103,1
2652,2024-07-14,2025-04-14,Male,48.0,West,Mobile,Beauty,Debit Card,8,18.23,163.54,0,97.6,351,77,0
315,2022-11-27,2024-04-26,Female,46.0,South,Mobile,Home & Kitchen,PayPal,7,31.06,242.12,0,88.4,946,430,1
1684,2023-04-07,2024-08-23,Female,28.0,South,Mobile,Home & Kitchen,Debit Card,5,81.93,443.78,0,87.4,815,311,1
1280,2024-12-22,2025-04-06,Female,22.0,South,Tablet,Home & Kitchen,PayPal,9,31.78,307.91,1,19.1,190,85,0
2980,2023-11-03,2025-06-30,Other,40.0,Central,Mobile,Beauty,Cash on Delivery,7,67.99,506.65,0,3.9,605,0,0
2744,2022-11-07,2025-01-07,Male,33.0,South,Mobile,Grocery,Credit Card,5,44.92,210.62,1,58.7,966,174,1
1648,2023-04-30,2023-08-12,Female,53.0,East,Mobile,Clothing,Cash on Delivery,6,35.56,233.5,0,88.5,792,688,1
1742,2022-10-16,2024-07-24,Female,34.0,Central,Desktop,Electronics,UPI,5,37.07,205.68,2,94.0,988,341,1
1597,2024-01-21,2025-05-17,Male,20.0,Central,Mobile,Home & Kitchen,Credit Card,8,41.07,286.92,2,1.3,526,44,0
1740,2024-07-09,2024-12-30,Male,61.0,Central,Tablet,Beauty,Credit Card,6,75.98,519.58,1,93.4,356,182,1
1470,2023-06-09,2024-12-05,Female,36.0,West,Desktop,Beauty,UPI,5,53.45,300.64,0,27.9,752,207,1
3800,2023-08-26,2025-04-10,Female,27.0,South,Desktop,Grocery,UPI,10,42.23,450.21,0,22.5,674,81,0
1602,2024-07-10,2025-06-10,Male,18.0,Central,Mobile,Clothing,Cash on Delivery,9,27.51,251.37,0,80.9,355,20,0
4652,2023-04-22,2024-08-27,Female,36.0,West,Mobile,Beauty,Debit Card,4,35.53,138.08,1,36.0,800,307,1
400,2023-09-26,2024-04-07,Female,61.0,North,Mobile,Electronics,Debit Card,4,35.34,126.13,1,52.5,643,449,1
4068,2023-06-24,2025-05-25,Other,29.0,North,Mobile,Clothing,Debit Card,2,56.32,105.52,0,11.3,737,36,0
459,2022-10-01,2025-05-26,Male,22.0,East,Mobile,Home & Kitchen,Debit Card,8,34.28,249.88,0,38.6,1003,35,0
4117,2024-07-20,2025-03-25,Female,24.0,East,Mobile,Electronics,Cash on Delivery,8,63.53,577.67,1,33.3,345,97,1
3133,2024-02-14,2025-02-28,Female,64.0,North,Mobile,Beauty,UPI,7,60.92,424.41,1,8.1,502,122,1
2912,2024-04-19,2024-07-22,Male,62.0,East,Desktop,Electronics,Credit Card,8,49.25,420.54,0,3.4,437,343,1
2890,2022-04-05,2024-11-17,Female,19.0,West,Mobile,Beauty,UPI,5,27.88,137.37,1,20.6,1182,225,1
376,2022-03-20,2025-04-19,Male,61.0,East,Mobile,Sports,Credit Card,6,68.9,371.53,1,4.2,1198,72,0
2442,2022-06-01,2024-10-10,Female,47.0,East,Mobile,Clothing,Credit Card,10,112.21,1259.41,0,41.0,1125,263,1
884,2022-06-03,2025-05-26,Male,33.0,East,Mobile,Home & Kitchen,UPI,8,33.1,238.71,0,22.0,1123,35,0
2752,2024-02-26,2025-05-11,Female,42.0,South,Mobile,Electronics,UPI,2,49.91,102.48,0,58.2,490,50,0
692,2022-05-14,2025-06-17,Male,53.0,East,Desktop,Sports,UPI,2,19.75,43.52,1,8.3,1143,13,0
1691,2023-07-17,2025-05-08,Male,28.0,North,Mobile,Electronics,PayPal,6,28.11,173.87,0,55.7,714,53,0
9,2024-05-14,2025-05-02,Female,54.0,East,Tablet,Home & Kitchen,Cash on Delivery,7,14.72,108.78,0,5.4,412,59,0
2632,2023-08-16,2024-06-29,Female,32.0,East,Mobile,Home & Kitchen,Debit Card,8,44.99,371.91,0,67.1,684,366,1
2557,2024-03-06,2025-05-06,Female,60.0,North,Mobile,Clothing,Cash on Delivery,9,34.07,350.31,0,3.9,481,55,0
899,2023-04-11,2025-05-31,Male,55.0,West,Mobile,Electronics,UPI,8,83.66,658.24,0,93.9,811,30,0
318,2022-01-20,2025-06-17,Male,32.0,South,Tablet,Electronics,Debit Card,7,27.25,208.12,1,69.3,1257,13,0
4157,2023-11-08,2025-04-06,Female,52.0,West,Desktop,Home & Kitchen,Credit Card,9,31.38,313.09,0,19.2,600,85,0
1724,2023-02-22,2024-05-24,Male,20.0,East,Tablet,Home & Kitchen,UPI,7,15.25,91.03,1,14.7,859,402,1
3109,2023-10-25,2025-06-01,Female,23.0,North,Tablet,Electronics,Cash on Delivery,9,25.03,197.62,1,44.3,614,29,0
4534,2022-02-17,2024-10-12,Male,40.0,North,Desktop,Clothing,UPI,5,47.39,236.78,0,30.1,1229,261,1
509,2023-03-28,2025-04-25,Female,24.0,West,Desktop,Home & Kitchen,UPI,5,58.8,258.61,0,13.9,825,66,0
4895,2022-07-15,2025-04-08,Male,38.0,West,Desktop,Books,Credit Card,8,55.05,446.25,1,77.4,1081,83,0
4305,2022-01-22,2025-04-25,Female,24.0,East,Mobile,Sports,Debit Card,8,82.32,572.28,1,66.2,1255,66,0
4069,2022-06-06,2025-04-09,Female,26.0,South,Desktop,Beauty,Credit Card,9,31.53,322.75,0,51.9,1120,82,0
547,2023-12-18,2025-06-15,Male,41.0,South,Desktop,Sports,UPI,6,34.16,218.2,0,50.5,560,15,0
2895,2023-09-29,2024-03-28,Male,20.0,North,Mobile,Home & Kitchen,Credit Card,5,25.33,145.61,1,6.7,640,459,1
3587,2023-09-09,2025-05-31,Male,18.0,North,Mobile,Beauty,Debit Card,9,59.39,515.24,0,87.3,660,30,0
3051,2022-02-09,2025-04-08,Male,64.0,Central,Desktop,Home & Kitchen,UPI,5,74.41,329.01,0,84.0,1237,83,0
2229,2022-10-09,2025-05-31,Male,51.0,West,Mobile,Clothing,Cash on Delivery,6,123.9,670.94,0,24.4,995,30,0
1775,2022-08-09,2024-03-27,Female,52.0,South,Mobile,Books,Debit Card,7,77.66,481.29,0,69.6,1056,460,1
3355,2024-04-06,2024-05-02,Male,64.0,South,Mobile,Clothing,PayPal,3,92.21,313.17,0,96.2,450,424,1
4729,2022-08-08,2025-05-21,Female,37.0,North,Desktop,Home & Kitchen,Credit Card,3,97.15,311.85,1,31.8,1057,40,0
1845,2022-03-06,2024-05-24,Female,36.0,South,Desktop,Clothing,UPI,9,24.58,188.18,0,5.4,1212,402,1
4360,2022-02-26,2025-06-05,Male,53.0,South,Mobile,Beauty,Credit Card,8,42.09,360.2,0,31.7,1220,25,0
1551,2024-06-13,2024-07-03,Female,35.0,South,Mobile,Beauty,UPI,8,80.43,583.99,1,83.0,382,362,1
3871,2022-09-02,2025-04-26,Male,50.0,South,Mobile,Clothing,Credit Card,7,55.6,331.78,0,63.2,1032,65,0
126,2022-11-10,2025-06-01,Male,59.0,East,Mobile,Home & Kitchen,Credit Card,4,73.16,287.43,0,64.3,963,29,0
2308,2023-11-11,2025-06-12,Female,54.0,South,Mobile,Electronics,Credit Card,8,58.25,426.5,0,77.2,597,18,0
4175,2022-12-07,2024-12-16,Female,24.0,West,Desktop,Home & Kitchen,Cash on Delivery,11,35.1,424.09,0,26.3,936,196,1
3228,2023-08-21,2024-05-02,Male,61.0,East,Desktop,Electronics,UPI,7,29.37,212.67,1,18.0,679,424,1
4658,2023-12-02,2025-05-06,Female,64.0,East,Mobile,Beauty,Credit Card,7,20.69,131.15,2,89.2,576,55,0
1600,2022-03-08,2023-12-28,Female,56.0,West,Mobile,Home & Kitchen,Debit Card,5,36.49,157.56,1,90.7,1210,550,1
4678,2022-09-07,2024-08-14,Female,41.0,South,Mobile,Clothing,Credit Card,7,24.95,163.16,3,32.9,1027,320,1
3869,2022-12-22,2025-06-25,Female,20.0,East,Desktop,Books,Debit Card,7,44.8,269.45,0,16.3,921,5,0
2144,2024-04-25,2025-04-18,Male,34.0,East,Mobile,Electronics,PayPal,16,54.08,922.87,0,65.8,431,73,0
3612,2023-03-02,2025-04-05,Male,21.0,South,Mobile,Home & Kitchen,Debit Card,9,48.27,490.53,0,26.7,851,86,0
1158,2023-12-22,2023-12-23,Female,54.0,East,Tablet,Clothing,Debit Card,5,56.41,241.7,1,0.8,556,555,1
1764,2024-07-25,2025-04-17,Female,29.0,East,Desktop,Electronics,Credit Card,6,76.42,439.59,1,25.8,340,74,0
2290,2023-03-09,2024-11-28,Male,44.0,West,Desktop,Books,UPI,8,77.13,678.99,0,0.0,844,214,1
2675,2023-08-04,2025-05-22,Female,47.0,East,Tablet,Sports,PayPal,7,63.79,446.68,0,91.9,696,39,0
3312,2024-08-26,2025-02-13,Female,31.0,North,Mobile,Beauty,Cash on Delivery,5,45.21,216.98,2,90.4,308,137,1
1159,2022-08-01,2025-02-13,Female,25.0,Central,Desktop,Home & Kitchen,Cash on Delivery,7,38.01,288.54,2,68.5,1064,137,1
4074,2024-04-09,2025-05-11,Female,50.0,North,Desktop,Home & Kitchen,Debit Card,4,55.5,242.33,0,21.3,447,50,0
1417,2023-08-01,2023-08-25,Male,56.0,West,Mobile,Grocery,Debit Card,9,39.94,341.89,0,43.7,699,675,1
4277,2022-07-25,2025-06-01,Male,56.0,Central,Tablet,Sports,Credit Card,6,58.01,306.31,1,94.1,1071,29,0
2924,2023-05-03,2025-06-08,Male,42.0,Central,Desktop,Clothing,Debit Card,9,42.61,425.96,2,81.4,789,22,0
508,2024-05-08,2025-06-18,Female,35.0,East,Desktop,Clothing,UPI,9,32.68,258.26,0,46.8,418,12,0
4403,2022-01-14,2025-06-29,Male,22.0,East,Mobile,Electronics,PayPal,7,28.63,193.73,1,65.6,1263,1,0
245,2022-11-19,2023-10-12,Male,30.0,East,Mobile,Home & Kitchen,UPI,4,29.47,126.34,0,55.5,954,627,1
1169,2023-07-25,2025-06-18,Male,49.0,West,Mobile,Electronics,PayPal,8,27.84,245.81,1,35.2,706,12,0
1416,2024-08-03,2024-12-04,Female,29.0,East,Mobile,Beauty,UPI,4,36.19,138.66,0,4.0,331,208,1
3192,2022-06-03,2025-06-27,Female,60.0,South,Mobile,Books,Cash on Delivery,8,45.99,318.72,0,71.7,1123,3,0
4551,2022-08-01,2025-06-23,Female,34.0,Central,Tablet,Clothing,Credit Card,8,85.6,764.44,1,74.4,1064,7,0
3423,2023-08-02,2025-06-04,Female,33.0,West,Mobile,Clothing,Cash on Delivery,4,73.95,266.72,0,62.4,698,26,0
3692,2024-06-05,2025-06-24,Female,55.0,South,Desktop,Electronics,Credit Card,11,136.67,1325.84,1,95.6,390,6,0
301,2023-02-21,2025-04-20,Male,40.0,West,Desktop,Beauty,Credit Card,7,39.05,299.93,0,86.8,860,71,0
1901,2023-03-15,2025-05-31,Female,22.0,South,Mobile,Home & Kitchen,UPI,8,61.52,488.57,1,15.8,838,30,0
2432,2022-05-22,2025-06-02,Female,58.0,Central,Mobile,Electronics,PayPal,7,51.04,317.31,0,73.7,1135,28,0
1704,2022-04-04,2025-06-30,Female,30.0,West,Tablet,Beauty,Debit Card,8,28.31,211.01,0,38.2,1183,0,0
4748,2023-01-18,2025-06-15,Male,23.0,North,Desktop,Beauty,Credit Card,7,33.9,228.58,1,91.5,894,15,0
4222,2024-05-11,2025-01-02,Female,30.0,East,Desktop,Sports,Credit Card,5,78.52,341.49,1,96.3,415,179,1
2574,2022-01-20,2025-05-01,Male,56.0,Central,Desktop,Electronics,Credit Card,5,26.42,131.99,0,5.7,1257,60,0
2838,2024-02-01,2025-04-11,Male,64.0,East,Mobile,Books,PayPal,9,59.02,517.02,0,65.8,515,80,0
3555,2023-01-21,2025-01-07,Male,41.0,North,Desktop,Grocery,Debit Card,7,98.2,671.27,0,5.4,891,174,1
4398,2022-11-16,2025-05-01,Male,26.0,South,Mobile,Beauty,Debit Card,8,36.86,335.51,0,31.6,957,60,0
863,2024-04-21,2024-08-01,Female,48.0,East,Mobile,Books,Credit Card,6,69.4,367.81,3,49.7,435,333,1
3306,2023-08-09,2024-02-08,Male,56.0,North,Tablet,Home & Kitchen,Credit Card,5,38.64,201.25,1,90.3,691,508,1
1141,2022-05-18,2025-06-15,Female,33.0,Central,Desktop,Home & Kitchen,Credit Card,4,50.69,182.54,0,89.3,1139,15,0
3689,2024-11-29,2025-03-01,Male,22.0,Central,Mobile,Grocery,Debit Card,4,41.68,152.41,0,93.9,213,121,1
2879,2024-05-02,2024-08-03,Female,31.0,South,Desktop,Clothing,UPI,4,78.17,315.83,1,32.9,424,331,1
4389,2023-02-13,2025-05-03,Male,36.0,East,Desktop,Electronics,UPI,9,43.59,366.55,0,2.0,868,58,0
2121,2023-07-18,2025-01-23,Female,37.0,North,Mobile,Beauty,UPI,7,30.78,195.61,0,74.5,713,158,1
2022,2023-02-19,2025-03-04,Female,26.0,North,Desktop,Sports,Debit Card,3,43.81,133.57,1,72.4,862,118,1
2842,2022-03-02,2025-04-17,Female,21.0,East,Mobile,Home & Kitchen,Credit Card,6,25.44,162.53,0,14.9,1216,74,0
4991,2023-02-22,2023-09-01,Other,43.0,North,Mobile,Electronics,Credit Card,4,58.33,255.05,0,17.4,859,668,1
4124,2023-06-24,2025-06-06,Female,38.0,North,Mobile,Books,Cash on Delivery,2,28.96,51.02,0,71.3,737,24,0
2843,2023-11-18,2025-04-15,Female,44.0,West,Mobile,Electronics,UPI,6,88.16,573.33,0,24.0,590,76,0
3024,2024-10-13,2024-10-18,Male,42.0,Central,Desktop,Beauty,Credit Card,12,58.91,812.69,1,82.4,260,255,1
2680,2022-04-10,2024-12-23,Female,26.0,East,Desktop,Beauty,PayPal,7,59.19,402.88,0,83.4,1177,189,1
397,2022-09-13,2025-05-09,Female,37.0,Central,Mobile,Home & Kitchen,UPI,5,26.0,136.14,0,3.4,1021,52,0
929,2023-06-05,2025-04-23,Female,40.0,Central,Tablet,Grocery,Debit Card,6,57.12,338.45,1,62.7,756,68,0
2647,2024-09-29,2025-05-25,Female,18.0,South,Desktop,Grocery,Credit Card,10,77.44,708.78,0,81.3,274,36,0
282,2023-05-16,2023-07-18,Male,25.0,South,Mobile,Grocery,Debit Card,8,42.02,316.8,0,66.9,776,713,1
3773,2024-04-28,2025-04-08,Male,50.0,Central,Desktop,Beauty,UPI,8,71.46,594.42,0,49.5,428,83,0
737,2024-05-20,2025-03-04,Male,62.0,South,Desktop,Electronics,Debit Card,7,41.53,267.4,0,9.6,406,118,1
2778,2024-12-17,2025-03-30,Male,19.0,North,Mobile,Beauty,UPI,9,59.09,480.35,0,87.1,195,92,1
1579,2024-07-04,2025-01-12,Female,57.0,South,Desktop,Home & Kitchen,Debit Card,12,71.12,738.17,0,28.1,361,169,1
340,2022-12-29,2025-06-22,Male,39.0,North,Desktop,Electronics,Cash on Delivery,8,36.55,261.08,0,23.7,914,8,0
2766,2024-11-09,2025-06-07,Female,26.0,Central,Tablet,Books,Debit Card,14,53.05,668.44,0,19.2,233,23,0
462,2023-10-12,2025-05-13,Female,64.0,Central,Desktop,Electronics,Debit Card,9,49.37,398.91,0,54.9,627,48,0
898,2023-08-12,2025-04-02,Female,43.0,South,Mobile,Clothing,Credit Card,7,26.52,170.32,0,2.7,688,89,0
1750,2023-11-02,2025-04-17,Male,41.0,Central,Mobile,Clothing,Cash on Delivery,5,51.83,244.88,0,32.8,606,74,0
4060,2023-09-18,2024-04-29,Other,58.0,East,Tablet,Clothing,UPI,12,62.65,813.4,0,32.6,651,427,1
179,2024-09-21,2025-04-24,Female,35.0,West,Mobile,Grocery,Cash on Delivery,6,96.63,517.0,1,24.5,282,67,0
3551,2022-10-02,2025-03-26,Female,60.0,Central,Tablet,Books,Credit Card,7,94.14,622.96,1,70.7,1002,96,1
2058,2024-04-17,2024-08-08,Male,29.0,South,Desktop,Clothing,Credit Card,10,33.39,364.83,0,95.0,439,326,1
3438,2022-04-27,2025-05-09,Female,39.0,Central,Desktop,Beauty,PayPal,10,64.68,682.31,0,48.0,1160,52,0
1068,2022-10-24,2025-05-27,Male,53.0,Central,Tablet,Electronics,UPI,3,51.01,130.97,1,92.9,980,34,0
803,2024-11-27,2025-05-31,Female,62.0,Central,Tablet,Home & Kitchen,PayPal,9,49.78,454.44,0,29.4,215,30,0
820,2024-04-15,2025-06-12,Male,46.0,South,Mobile,Electronics,Debit Card,7,29.97,209.81,1,8.4,441,18,0
3753,2023-08-21,2025-06-05,Male,58.0,East,Desktop,Electronics,UPI,6,45.01,248.22,0,33.0,679,25,0
2249,2023-08-11,2024-10-29,Female,58.0,East,Tablet,Beauty,UPI,11,79.93,826.15,0,45.8,689,244,1
207,2023-07-25,2025-04-13,Male,40.0,Central,Desktop,Grocery,Cash on Delivery,4,32.45,123.73,0,1.9,706,78,0
1052,2022-07-07,2025-05-05,Female,52.0,West,Tablet,Clothing,UPI,9,49.54,508.13,0,69.1,1089,56,0
452,2022-12-27,2025-06-04,Female,33.0,East,Mobile,Clothing,Credit Card,7,26.5,199.66,0,23.1,916,26,0
1342,2024-12-06,2025-04-19,Male,59.0,South,Mobile,Books,UPI,6,37.24,233.44,0,19.6,206,72,0
2174,2023-05-12,2025-06-02,Female,64.0,East,Mobile,Clothing,Credit Card,10,59.95,637.82,0,27.1,780,28,0
940,2024-05-18,2024-08-14,Female,26.0,West,Mobile,Grocery,UPI,4,70.54,244.49,0,68.3,408,320,1
70,2023-10-27,2025-04-13,Other,29.0,West,Mobile,Grocery,Debit Card,5,48.45,257.19,0,73.0,612,78,0
4466,2022-11-03,2025-05-12,Male,49.0,Central,Desktop,Home & Kitchen,PayPal,7,36.38,226.61,0,88.7,970,49,0
4757,2024-07-09,2025-04-01,Male,21.0,North,Mobile,Books,Credit Card,5,40.63,216.91,0,50.3,356,90,0
2374,2024-02-19,2024-10-12,Male,62.0,Central,Mobile,Electronics,Credit Card,9,33.51,316.93,0,89.8,497,261,1
3775,2022-09-10,2024-04-19,Female,62.0,South,Mobile,Home & Kitchen,PayPal,3,47.13,125.4,2,20.7,1024,437,1
1272,2023-09-28,2025-06-16,Female,49.0,East,Mobile,Home & Kitchen,Debit Card,11,37.24,448.23,0,86.1,641,14,0
1326,2023-10-21,2025-06-03,Male,57.0,West,Mobile,Clothing,PayPal,8,31.19,277.63,1,36.5,618,27,0
4517,2022-06-12,2024-09-26,Female,22.0,South,Desktop,Beauty,Credit Card,9,48.89,417.39,0,36.4,1114,277,1
572,2024-03-23,2025-05-18,Female,35.0,West,Mobile,Sports,Credit Card,8,47.98,355.5,2,56.2,464,43,0
119,2024-10-22,2025-06-17,Female,29.0,West,Mobile,Electronics,Debit Card,6,30.76,160.81,0,24.9,251,13,0
4379,2022-06-05,2025-06-20,Male,41.0,Central,Desktop,Books,UPI,9,55.27,454.86,2,31.1,1121,10,0
3433,2023-09-04,2023-11-30,Female,42.0,East,Desktop,Home & Kitchen,Credit Card,7,44.63,323.21,0,0.5,665,578,1
4977,2022-04-22,2025-06-20,Male,23.0,South,Desktop,Electronics,Credit Card,6,55.34,366.17,0,94.4,1165,10,0
2421,2023-07-29,2025-04-16,Male,28.0,East,Mobile,Books,Credit Card,5,90.21,496.05,0,63.4,702,75,0
859,2023-01-22,2025-04-19,Female,26.0,South,Mobile,Home & Kitchen,UPI,9,44.33,339.67,2,21.3,890,72,0
3777,2024-07-25,2025-05-22,Female,39.0,West,Mobile,Clothing,UPI,5,39.07,181.94,0,87.0,340,39,0
3648,2024-06-15,2025-06-14,Male,33.0,West,Mobile,Clothing,Credit Card,8,53.92,409.0,1,68.8,380,16,0
297,2023-07-12,2025-04-21,Female,33.0,East,Mobile,Clothing,Cash on Delivery,7,53.18,397.21,0,33.0,719,70,0
2162,2022-05-30,2025-06-05,Female,53.0,East,Desktop,Home & Kitchen,UPI,7,23.12,170.09,0,38.4,1127,25,0
277,2024-11-02,2024-11-24,Female,55.0,East,Mobile,Electronics,Credit Card,11,78.32,939.18,0,37.4,240,218,1
1359,2023-11-14,2025-04-18,Male,46.0,West,Tablet,Electronics,UPI,7,69.87,495.3,0,90.7,594,73,0
2041,2024-08-04,2024-11-24,Female,64.0,Central,Mobile,Sports,Cash on Delivery,9,67.2,690.23,0,33.5,330,218,1
3806,2023-09-05,2025-04-23,Female,33.0,East,Desktop,Sports,Credit Card,14,70.85,928.2,0,65.5,664,68,0
1001,2024-07-20,2025-06-19,Male,41.0,East,Mobile,Clothing,Credit Card,10,87.09,795.31,0,66.2,345,11,0
3124,2022-10-07,2025-06-06,Male,47.0,Central,Mobile,Electronics,PayPal,8,30.07,229.19,0,60.3,997,24,0
4725,2022-05-03,2025-03-22,Male,54.0,South,Mobile,Electronics,Cash on Delivery,6,41.11,232.65,0,22.3,1154,100,1
4720,2023-05-25,2025-04-14,Female,56.0,West,Mobile,Grocery,Credit Card,8,21.45,178.2,0,58.8,767,77,0
2389,2022-06-07,2025-02-06,Female,52.0,South,Desktop,Clothing,Debit Card,10,54.46,553.28,0,95.8,1119,144,1
1213,2022-08-22,2025-06-18,Male,20.0,North,Mobile,Beauty,PayPal,9,70.65,561.55,0,9.8,1043,12,0
4833,2024-07-28,2025-03-23,Female,54.0,North,Mobile,Clothing,Credit Card,9,69.46,659.91,0,28.5,337,99,1
194,2022-04-21,2025-05-12,Female,35.0,Central,Mobile,Electronics,Credit Card,11,122.55,1426.87,1,16.8,1166,49,0
4850,2023-10-25,2024-06-23,Male,55.0,North,Desktop,Electronics,Debit Card,7,24.97,188.91,0,20.3,614,372,1
496,2024-05-01,2025-03-19,Male,59.0,East,Mobile,Electronics,Debit Card,6,34.91,180.78,0,41.7,425,103,1
4137,2023-12-08,2025-06-20,Female,61.0,North,Desktop,Sports,Debit Card,9,55.02,568.31,0,80.3,570,10,0
3682,2022-05-10,2025-03-23,Male,50.0,South,Mobile,Clothing,PayPal,10,13.57,140.26,1,55.8,1147,99,1
4544,2022-05-11,2025-04-17,Male,51.0,East,Mobile,Grocery,UPI,5,34.39,166.19,1,78.8,1146,74,0
4500,2022-12-24,2025-06-30,Male,54.0,West,Mobile,Home & Kitchen,UPI,10,29.9,328.76,0,49.7,919,0,0
1788,2022-05-31,2025-06-18,Female,21.0,West,Desktop,Beauty,Credit Card,9,77.44,735.05,1,29.6,1126,12,0
1741,2023-05-23,2023-11-14,Female,47.0,South,Mobile,Sports,Credit Card,6,43.93,233.88,0,18.4,769,594,1
1170,2023-04-09,2025-05-03,Male,50.0,North,Mobile,Clothing,Credit Card,9,92.16,834.61,0,64.0,813,58,0
1256,2022-08-24,2025-06-06,Male,44.0,South,Mobile,Grocery,Debit Card,5,49.72,274.17,0,89.5,1041,24,0
4304,2024-06-18,2025-03-11,Female,18.0,West,Desktop,Sports,Credit Card,8,46.21,332.87,0,51.2,377,111,1
2725,2023-04-14,2025-05-24,Male,51.0,West,Mobile,Grocery,Credit Card,6,67.57,355.38,0,63.9,808,37,0
1309,2024-11-05,2025-06-01,Male,25.0,South,Desktop,Home & Kitchen,PayPal,5,83.01,439.17,3,29.0,237,29,0
4615,2024-03-09,2025-04-05,Male,43.0,West,Tablet,Clothing,Debit Card,7,66.41,422.84,0,26.1,478,86,0
2721,2024-05-14,2024-10-29,Female,37.0,Central,Mobile,Home & Kitchen,PayPal,10,39.86,440.35,1,95.5,412,244,1
2379,2023-07-04,2025-05-28,Male,39.0,North,Mobile,Home & Kitchen,Debit Card,11,69.04,824.14,0,45.8,727,33,0
2554,2024-02-04,2025-05-28,Female,64.0,East,Mobile,Books,Debit Card,8,98.47,830.69,1,37.9,512,33,0
136,2023-09-22,2024-11-14,Male,24.0,South,Mobile,Clothing,PayPal,6,58.74,359.25,1,62.2,647,228,1
978,2023-02-16,2024-12-21,Male,54.0,Central,Desktop,Beauty,UPI,4,46.64,184.65,0,45.8,865,191,1
2734,2024-02-23,2025-05-07,Female,31.0,North,Desktop,Electronics,PayPal,4,84.4,321.54,0,8.7,493,54,0
2020,2022-05-07,2025-04-28,Female,29.0,North,Desktop,Electronics,Debit Card,9,92.24,834.41,1,8.8,1150,63,0
3156,2022-01-24,2025-05-08,Female,56.0,West,Tablet,Electronics,Debit Card,7,38.01,238.49,0,72.0,1253,53,0
2159,2023-07-04,2025-05-23,Male,58.0,South,Mobile,Clothing,Debit Card,6,44.94,231.03,0,89.2,727,38,0
1813,2022-11-02,2025-06-17,Male,42.0,West,Tablet,Sports,Cash on Delivery,4,41.87,144.2,0,54.3,971,13,0
3747,2022-08-22,2025-04-11,Female,50.0,South,Mobile,Clothing,PayPal,9,64.83,526.07,0,66.2,1043,80,0
4849,2024-05-31,2025-05-13,Female,39.0,South,Mobile,Electronics,Debit Card,10,39.11,448.4,0,80.4,395,48,0
3700,2022-11-18,2025-06-06,Male,50.0,South,Desktop,Grocery,PayPal,5,38.56,176.76,0,8.7,955,24,0
3129,2022-12-23,2024-01-21,Female,38.0,East,Mobile,Electronics,Cash on Delivery,7,52.6,417.6,0,65.1,920,526,1
1931,2023-04-21,2025-06-03,Female,51.0,Central,Mobile,Books,Cash on Delivery,9,43.64,389.98,0,76.6,801,27,0
2760,2023-05-24,2025-05-03,Male,64.0,East,Mobile,Sports,Debit Card,5,52.34,249.33,2,0.2,768,58,0
3216,2022-04-22,2025-05-13,Male,41.0,North,Mobile,Grocery,Debit Card,11,37.92,400.85,0,38.8,1165,48,0
755,2024-10-08,2025-05-06,Male,40.0,South,Mobile,Electronics,Credit Card,7,36.54,292.01,1,38.8,265,55,0
4567,2024-01-01,2024-03-09,Male,23.0,West,Mobile,Books,PayPal,6,36.72,221.07,0,79.1,546,478,1
2682,2022-07-23,2025-04-26,Female,54.0,Central,Mobile,Grocery,Debit Card,7,52.49,418.04,0,15.1,1073,65,0
837,2024-02-25,2025-04-17,Female,44.0,Central,Mobile,Books,UPI,3,45.35,138.27,0,42.8,491,74,0
1771,2024-10-10,2025-05-16,Male,51.0,West,Mobile,Electronics,UPI,5,74.11,403.99,1,46.3,263,45,0
2393,2024-10-12,2025-04-11,Male,53.0,West,Mobile,Sports,Debit Card,10,55.32,543.53,1,37.1,261,80,0
3454,2024-09-01,2025-02-28,Male,24.0,West,Mobile,Beauty,Credit Card,6,40.45,226.32,1,67.9,302,122,1
972,2022-09-27,2025-04-21,Female,19.0,North,Tablet,Grocery,Credit Card,6,38.98,233.37,1,23.2,1007,70,0
1380,2023-03-15,2025-06-11,Female,60.0,East,Mobile,Sports,Debit Card,5,25.08,137.43,0,97.1,838,19,0
546,2022-04-17,2025-04-06,Male,45.0,South,Tablet,Clothing,UPI,5,43.22,218.22,0,8.6,1170,85,0
516,2024-03-07,2025-04-25,Male,55.0,North,Mobile,Clothing,UPI,4,79.74,313.35,1,63.2,480,66,0
362,2024-03-27,2025-04-30,Female,44.0,South,Mobile,Grocery,Credit Card,3,29.0,94.87,0,32.3,460,61,0
3078,2022-04-25,2025-03-03,Male,43.0,South,Tablet,Grocery,Cash on Delivery,9,23.73,193.84,0,43.6,1162,119,1
4903,2024-06-08,2024-12-29,Male,50.0,East,Desktop,Home & Kitchen,UPI,4,48.24,189.44,1,14.8,387,183,1
3136,2022-09-18,2025-05-01,Female,59.0,East,Desktop,Sports,UPI,6,66.61,352.09,0,71.1,1016,60,0
3356,2022-10-05,2024-11-23,Male,,South,Desktop,Grocery,Debit Card,6,54.71,344.21,0,42.5,999,219,1
3735,2024-11-07,2025-03-30,Male,28.0,North,Desktop,Home & Kitchen,Debit Card,8,40.38,302.07,1,64.8,235,92,1
1286,2023-04-29,2024-08-29,Female,60.0,South,Mobile,Home & Kitchen,UPI,4,93.56,413.64,2,49.3,793,305,1
3364,2022-03-09,2024-11-06,Male,59.0,South,Desktop,Home & Kitchen,Cash on Delivery,7,42.81,303.09,1,50.1,1209,236,1
4554,2022-06-22,2025-04-06,Female,26.0,West,Mobile,Grocery,Credit Card,8,18.13,134.83,0,51.8,1104,85,0
2646,2024-03-15,2025-04-09,Male,30.0,Central,Desktop,Grocery,Credit Card,7,42.1,290.3,1,90.2,472,82,0
2702,2022-04-17,2025-05-18,Other,49.0,West,Mobile,Sports,PayPal,6,27.11,186.03,1,47.7,1170,43,0
269,2024-07-25,2025-02-13,Male,51.0,West,Desktop,Books,Debit Card,10,79.18,815.34,0,68.7,340,137,1
215,2022-07-11,2025-06-19,Female,28.0,Central,Desktop,Beauty,Credit Card,6,57.16,348.35,0,46.3,1085,11,0
18,2024-05-09,2025-06-28,Female,26.0,North,Mobile,Grocery,Credit Card,8,39.31,352.31,0,21.4,417,2,0
3691,2022-07-15,2023-09-06,Female,22.0,West,Mobile,Clothing,Debit Card,6,21.69,145.95,0,55.5,1081,663,1
1152,2024-04-21,2025-02-23,Female,55.0,West,Desktop,Clothing,UPI,8,83.07,751.63,0,87.2,435,127,1
2788,2022-05-30,2025-04-29,Male,21.0,West,Desktop,Sports,UPI,7,79.86,543.22,0,93.5,1127,62,0
779,2024-04-16,2025-01-21,Female,32.0,North,Tablet,Grocery,UPI,5,66.81,362.56,0,80.0,440,160,1
2587,2022-06-19,2025-04-29,Male,40.0,South,Mobile,Electronics,Debit Card,9,172.94,1708.05,0,81.8,1107,62,0
228,2023-06-28,2025-06-08,Male,53.0,West,Desktop,Grocery,Cash on Delivery,7,53.22,376.43,0,94.2,733,22,0
253,2024-04-06,2025-06-25,Female,59.0,South,Mobile,Books,Credit Card,13,55.03,669.28,0,86.7,450,5,0
644,2023-12-06,2025-06-17,Male,20.0,North,Desktop,Books,UPI,15,48.94,710.74,0,40.5,572,13,0
1505,2022-02-11,2023-12-19,Male,57.0,East,Desktop,Clothing,Credit Card,7,33.77,253.8,0,97.0,1235,559,1
4113,2024-11-26,2025-03-05,Male,42.0,Central,Mobile,Electronics,PayPal,7,50.99,318.18,0,33.4,216,117,1
2329,2024-06-03,2025-01-16,Female,36.0,East,Desktop,Electronics,Credit Card,9,99.99,952.83,0,42.1,392,165,1
3159,2023-05-27,2025-04-27,Female,39.0,East,Desktop,Clothing,Debit Card,7,32.73,252.21,0,75.3,765,64,0
4358,2024-07-28,2025-05-04,Female,46.0,East,Mobile,Electronics,Debit Card,5,39.83,208.22,0,35.0,337,57,0
4772,2023-01-24,2025-06-10,Male,52.0,North,Desktop,Grocery,Debit Card,10,37.4,387.52,0,25.1,888,20,0
2994,2023-05-27,2024-07-23,Male,57.0,Central,Mobile,Electronics,Debit Card,3,49.63,128.81,1,62.6,765,342,1
3116,2024-01-18,2025-01-19,Female,32.0,East,Mobile,Grocery,Credit Card,5,47.63,254.66,1,87.5,529,162,1
4091,2024-10-25,2025-05-31,Female,30.0,Central,Tablet,Clothing,Cash on Delivery,10,36.32,388.02,1,23.9,248,30,0
3279,2022-09-16,2024-05-07,Male,53.0,West,Mobile,Books,Debit Card,5,65.19,345.28,0,76.7,1018,419,1
2990,2022-12-23,2025-05-08,Female,18.0,South,Mobile,Home & Kitchen,UPI,10,41.1,464.11,0,35.7,920,53,0
2334,2023-05-20,2025-03-10,Female,27.0,South,Tablet,Home & Kitchen,Credit Card,10,35.53,350.05,0,14.0,772,112,1
1512,2022-02-03,2024-12-10,Female,39.0,South,Desktop,Clothing,Cash on Delivery,6,42.69,269.09,0,93.2,1243,202,1
1011,2023-03-30,2025-04-02,Male,32.0,East,Mobile,Grocery,Credit Card,6,22.15,124.61,0,7.3,823,89,0
3235,2024-09-28,2025-05-18,Male,20.0,West,Mobile,Beauty,PayPal,10,30.7,332.6,0,7.7,275,43,0
2210,2024-10-19,2025-06-07,Female,36.0,North,Tablet,Beauty,Debit Card,5,52.44,271.11,0,86.2,254,23,0
2493,2024-06-16,2024-08-03,Female,20.0,East,Mobile,Electronics,Debit Card,6,43.82,251.68,0,31.9,379,331,1
3690,2024-12-07,2025-01-26,Male,50.0,West,Mobile,Home & Kitchen,PayPal,10,47.72,522.68,1,39.2,205,155,1
3993,2022-10-07,2025-05-19,Female,30.0,East,Desktop,Electronics,UPI,7,49.61,344.73,0,41.7,997,42,0
3875,2023-07-26,2025-05-04,Male,58.0,South,Desktop,Beauty,UPI,11,32.42,319.82,0,24.8,705,57,0
903,2022-07-25,2025-02-26,Male,25.0,South,Mobile,Beauty,Debit Card,10,60.84,651.89,1,37.6,1071,124,1
1586,2024-04-11,2025-06-14,Male,49.0,North,Desktop,Sports,Credit Card,5,22.98,99.14,0,76.9,445,16,0
3561,2022-09-26,2025-06-21,Male,29.0,West,Mobile,Grocery,Debit Card,10,35.03,320.24,0,73.2,1008,9,0
4690,2024-03-07,2024-11-19,Other,48.0,South,Mobile,Beauty,UPI,12,70.49,825.63,2,99.1,480,223,1
4339,2022-01-10,2025-04-16,Male,36.0,West,Mobile,Clothing,PayPal,10,82.9,751.84,1,64.7,1267,75,0
2781,2023-10-11,2025-04-30,Male,57.0,West,Desktop,Books,Debit Card,7,14.4,111.91,1,22.7,628,61,0
80,2023-03-12,2023-12-28,Male,53.0,South,Mobile,Home & Kitchen,UPI,5,33.17,148.83,0,27.1,841,550,1
3197,2024-06-02,2025-06-24,Female,37.0,West,Mobile,Home & Kitchen,Credit Card,11,25.43,264.97,1,18.9,393,6,0
1390,2024-11-05,2025-04-24,Male,57.0,South,Mobile,Sports,UPI,6,61.03,321.61,0,88.8,237,67,0
4587,2024-04-24,2024-08-10,Male,19.0,Central,Desktop,Electronics,Credit Card,6,49.0,284.55,1,97.8,432,324,1
3087,2022-02-27,2025-06-23,Male,41.0,East,Mobile,Grocery,UPI,4,87.47,333.12,0,58.1,1219,7,0
1131,2024-03-27,2024-07-19,Female,32.0,East,Mobile,Clothing,PayPal,9,81.49,747.55,0,87.0,460,346,1
3818,2023-12-23,2024-12-14,Female,25.0,South,Mobile,Sports,Debit Card,7,37.02,292.44,0,22.5,555,198,1
848,2023-08-03,2025-04-18,Other,18.0,South,Mobile,Sports,UPI,6,37.85,232.48,0,98.9,697,73,0
2221,2023-01-12,2025-04-19,Female,48.0,East,Mobile,Books,UPI,5,62.2,276.81,0,21.6,900,72,0
3015,2022-07-08,2025-05-18,Female,61.0,East,Desktop,Grocery,UPI,9,59.52,487.7,3,55.2,1088,43,0
204,2022-10-15,2024-10-12,Female,41.0,Central,Mobile,Grocery,UPI,7,71.57,447.1,1,24.3,989,261,1
4376,2022-07-10,2025-06-28,Female,24.0,East,Mobile,Clothing,UPI,5,33.97,188.34,0,86.8,1086,2,0
4057,2024-08-05,2024-10-28,Female,43.0,South,Desktop,Electronics,Credit Card,12,68.35,931.87,0,9.3,329,245,1
2320,2024-03-23,2024-04-07,Male,63.0,North,Mobile,Books,Credit Card,8,47.4,377.37,0,29.4,464,449,1
2889,2024-11-22,2025-05-02,Female,33.0,North,Tablet,Clothing,Credit Card,7,41.59,247.49,1,62.9,220,59,0
1466,2024-07-07,2025-06-13,Male,50.0,East,Desktop,Clothing,Credit Card,6,117.36,657.55,0,78.1,358,17,0
3983,2022-06-27,2024-02-25,Male,32.0,Central,Desktop,Beauty,PayPal,5,43.15,216.41,1,0.2,1099,491,1
443,2024-02-26,2024-03-16,Male,61.0,East,Mobile,Electronics,Credit Card,7,44.33,327.39,0,67.2,490,471,1
2353,2022-06-28,2025-05-05,Female,45.0,South,Mobile,Electronics,UPI,9,65.15,549.7,0,2.8,1098,56,0
936,2022-06-01,2023-10-05,Male,55.0,North,Tablet,Electronics,UPI,5,31.01,139.06,1,57.2,1125,634,1
4768,2023-05-05,2025-04-29,Male,54.0,West,Mobile,Grocery,PayPal,9,41.16,333.08,0,83.4,787,62,0
3134,2023-09-21,2024-01-21,Female,26.0,West,Desktop,Sports,Cash on Delivery,12,42.3,542.58,1,14.5,648,526,1
1182,2022-10-21,2024-09-05,Male,63.0,East,Desktop,Home & Kitchen,Debit Card,6,24.92,131.97,0,13.6,983,298,1
3417,2024-12-02,2025-04-01,Male,50.0,South,Mobile,Clothing,Credit Card,4,71.79,316.86,0,30.4,210,90,0
4822,2023-04-19,2025-06-08,Male,29.0,North,Mobile,Grocery,Credit Card,9,19.8,173.68,0,46.2,803,22,0
4786,2023-01-01,2024-09-13,Male,29.0,East,Mobile,Clothing,UPI,7,127.38,766.47,0,80.5,911,290,1
908,2022-04-05,2024-10-25,Male,38.0,West,Mobile,Electronics,UPI,4,30.14,125.64,2,37.3,1182,248,1
1777,2022-10-02,2025-04-10,Female,59.0,East,Desktop,Clothing,UPI,7,64.07,495.66,0,89.5,1002,81,0
3708,2023-05-09,2024-04-26,Male,35.0,East,Mobile,Sports,PayPal,6,36.86,222.89,1,68.7,783,430,1
235,2023-08-31,2025-05-20,Male,43.0,South,Mobile,Clothing,Debit Card,8,34.5,307.89,0,76.2,669,41,0
150,2024-12-16,2025-06-26,Male,41.0,West,Mobile,Grocery,Debit Card,8,63.66,565.21,0,75.6,196,4,0
4176,2023-06-13,2025-05-12,Other,59.0,North,Mobile,Grocery,Debit Card,11,45.35,449.08,0,62.4,748,49,0
1920,2022-01-11,2025-05-01,Male,25.0,East,Tablet,Grocery,Credit Card,5,71.85,313.42,1,18.2,1266,60,0
181,2022-09-28,2025-04-01,Male,43.0,West,Mobile,Electronics,Debit Card,7,89.45,719.72,0,35.5,1006,90,0
4897,2022-03-18,2025-06-04,Male,60.0,East,Desktop,Beauty,PayPal,7,38.76,307.01,0,72.2,1200,26,0
3167,2024-06-16,2024-12-13,Female,30.0,North,Tablet,Grocery,Credit Card,13,107.09,1285.31,0,58.9,379,199,1
1770,2023-07-31,2025-06-13,Male,38.0,East,Mobile,Clothing,Debit Card,8,109.88,915.03,0,25.1,700,17,0
279,2022-09-29,2023-09-22,Female,50.0,North,Tablet,Electronics,Debit Card,4,53.82,246.09,0,64.5,1005,647,1
3660,2024-09-06,2024-09-08,Female,20.0,Central,Desktop,Sports,UPI,11,65.11,705.86,0,93.0,297,295,1
1006,2022-08-10,2025-04-09,Female,53.0,East,Desktop,Beauty,PayPal,8,20.53,155.67,0,66.4,1055,82,0
2984,2023-12-30,2025-05-25,Female,30.0,West,Desktop,Home & Kitchen,Debit Card,5,64.36,365.82,0,61.4,548,36,0
4104,2023-03-25,2024-03-19,Male,63.0,North,Mobile,Books,Debit Card,8,38.82,284.58,0,26.9,828,468,1
27,2022-11-15,2025-04-15,Male,38.0,South,Tablet,Electronics,UPI,7,34.94,237.75,0,62.9,958,76,0
4653,2022-07-04,2025-06-09,Male,51.0,South,Desktop,Beauty,Credit Card,9,65.27,587.7,1,16.2,1092,21,0
1872,2023-06-26,2023-08-02,Male,57.0,South,Tablet,Clothing,UPI,8,88.76,815.64,1,52.6,735,698,1
583,2024-01-29,2025-06-24,Female,63.0,North,Mobile,Electronics,Debit Card,5,33.29,143.33,0,57.4,518,6,0
3853,2024-05-03,2024-08-26,Female,49.0,South,Mobile,Grocery,Credit Card,5,52.7,262.74,0,51.1,423,308,1
1737,2024-08-13,2025-06-15,Male,47.0,West,Tablet,Grocery,Credit Card,5,34.31,169.51,0,18.4,321,15,0
2692,2022-09-28,2025-06-19,Female,27.0,South,Desktop,Grocery,Debit Card,8,52.18,466.52,0,21.7,1006,11,0
3105,2023-02-17,2025-04-11,Male,35.0,South,Mobile,Clothing,UPI,9,124.4,951.75,0,24.3,864,80,0
1464,2022-10-12,2025-04-01,Female,58.0,South,Mobile,Clothing,Credit Card,3,26.73,72.21,0,34.4,992,90,0
1429,2022-07-30,2025-03-30,Female,52.0,South,Desktop,Clothing,PayPal,2,62.91,129.43,0,92.5,1066,92,1
2435,2022-10-13,2023-09-07,Female,57.0,South,Mobile,Books,Credit Card,4,64.83,291.2,1,79.1,991,662,1
3932,2024-09-23,2025-05-11,Male,38.0,West,Desktop,Clothing,UPI,10,78.21,826.52,1,81.2,280,50,0
3554,2024-01-06,2025-05-19,Female,20.0,South,Desktop,Clothing,Credit Card,6,115.63,730.45,0,78.9,541,42,0
4474,2024-12-29,2025-03-10,Male,37.0,East,Mobile,Beauty,Cash on Delivery,2,99.61,181.93,0,28.5,183,112,1
2718,2022-01-17,2025-06-11,Other,28.0,West,Desktop,Clothing,Credit Card,7,70.88,495.82,0,72.8,1260,19,0
505,2023-12-22,2025-05-22,Female,34.0,North,Desktop,Grocery,Debit Card,15,64.5,894.32,0,38.0,556,39,0
58,2023-12-29,2025-04-20,Male,21.0,South,Mobile,Grocery,UPI,7,61.58,493.06,0,45.6,549,71,0
1713,2023-05-17,2025-04-19,Female,38.0,South,Mobile,Books,PayPal,5,83.54,466.7,1,54.1,775,72,0
3563,2022-02-14,2025-06-05,Male,38.0,South,Desktop,Grocery,Credit Card,8,62.95,491.29,0,29.1,1232,25,0
4093,2023-05-05,2024-06-24,Male,40.0,North,Mobile,Electronics,Credit Card,6,23.81,132.58,0,56.1,787,371,1
3694,2024-09-13,2025-01-02,Male,43.0,Central,Desktop,Electronics,Credit Card,10,22.06,245.18,0,3.1,290,179,1
2312,2024-10-22,2025-05-26,Female,37.0,West,Mobile,Home & Kitchen,Credit Card,7,35.64,279.23,0,59.0,251,35,0
4726,2022-05-03,2025-04-23,Male,46.0,West,Mobile,Books,Debit Card,8,75.44,606.84,1,56.9,1154,68,0
4259,2024-01-19,2025-06-08,Male,41.0,West,Mobile,Sports,Credit Card,6,55.21,354.01,1,43.5,528,22,0
1454,2023-04-05,2025-05-15,Female,38.0,Central,Mobile,Clothing,UPI,5,52.62,240.74,2,64.0,817,46,0
3814,2022-12-31,2025-06-14,Female,44.0,North,Tablet,Electronics,UPI,5,64.88,315.9,0,35.3,912,16,0
739,2023-04-06,2025-04-01,Male,62.0,South,Mobile,Sports,Credit Card,5,48.85,256.18,0,86.7,816,90,0
4269,2023-09-21,2024-03-05,Female,64.0,West,Mobile,Clothing,Debit Card,6,40.19,261.4,1,14.6,648,482,1
1475,2022-08-16,2025-06-02,Male,47.0,Central,Mobile,Electronics,Debit Card,8,20.44,171.31,0,98.3,1049,28,0
1569,2022-07-30,2025-05-03,Female,28.0,West,Mobile,Clothing,UPI,11,111.46,1126.21,0,29.4,1066,58,0
3208,2023-07-31,2025-06-25,Female,41.0,South,Mobile,Clothing,UPI,4,35.01,152.86,0,94.3,700,5,0
4617,2023-03-28,2024-08-04,Female,51.0,North,Desktop,Home & Kitchen,PayPal,5,34.28,160.08,0,88.4,825,330,1
1024,2023-04-26,2024-10-17,Other,27.0,West,Mobile,Clothing,Credit Card,6,33.6,219.0,1,59.6,796,256,1
1590,2022-03-05,2025-06-07,Female,44.0,South,Desktop,Beauty,UPI,4,58.16,248.56,0,40.2,1213,23,0
2863,2024-11-08,2025-06-22,Female,59.0,North,Desktop,Electronics,Credit Card,7,38.86,258.89,0,75.9,234,8,0
4911,2024-12-09,2025-01-17,Female,61.0,East,Mobile,Clothing,UPI,14,40.37,480.63,1,65.3,203,164,1
2617,2023-05-01,2025-05-25,Male,33.0,East,Mobile,Home & Kitchen,Credit Card,6,22.55,141.76,0,80.1,791,36,0
1580,2022-03-28,2025-06-10,Female,29.0,North,Desktop,Clothing,PayPal,7,22.16,133.75,0,65.7,1190,20,0
4858,2024-03-24,2025-06-20,Female,43.0,North,Desktop,Clothing,Debit Card,9,74.08,602.68,0,29.7,463,10,0
2173,2024-09-07,2024-12-19,Male,36.0,Central,Mobile,Clothing,PayPal,5,36.54,182.56,0,85.8,296,193,1
4427,2022-09-04,2025-05-17,Male,51.0,West,Mobile,Home & Kitchen,UPI,9,18.22,165.82,2,37.4,1030,44,0
347,2023-07-01,2025-06-15,Female,41.0,Central,Mobile,Clothing,Credit Card,6,52.97,280.29,0,33.9,730,15,0
503,2024-09-03,2024-09-25,Male,53.0,West,Mobile,Grocery,PayPal,12,58.63,655.82,0,61.1,300,278,1
1233,2022-09-03,2025-06-12,Male,61.0,East,Desktop,Sports,Credit Card,8,63.04,548.95,1,80.6,1031,18,0
1644,2023-04-05,2024-05-01,Female,60.0,Central,Mobile,Grocery,Debit Card,6,31.62,191.22,2,95.4,817,425,1
4780,2022-08-15,2025-05-11,Male,57.0,Central,Mobile,Electronics,UPI,2,43.07,73.46,0,64.2,1050,50,0
834,2023-05-15,2025-01-11,Male,55.0,West,Desktop,Beauty,Debit Card,8,25.7,234.91,0,38.4,777,170,1
4354,2024-02-12,2025-05-30,Female,61.0,South,Mobile,Sports,Debit Card,9,33.91,289.91,0,22.7,504,31,0
4108,2023-06-26,2025-05-20,Male,27.0,East,Desktop,Clothing,Credit Card,3,34.84,107.92,0,33.4,735,41,0
2789,2022-02-04,2025-05-23,Female,52.0,South,Mobile,Home & Kitchen,UPI,5,40.01,222.23,0,10.5,1242,38,0
3900,2024-05-01,2024-12-05,Female,51.0,North,Mobile,Books,PayPal,6,47.67,286.89,1,23.3,425,207,1
1165,2022-08-10,2024-10-06,Male,48.0,North,Desktop,Beauty,Debit Card,7,57.97,443.08,0,42.5,1055,267,1
4647,2023-08-01,2025-06-16,Female,53.0,East,Desktop,Clothing,Debit Card,5,29.78,149.53,0,58.2,699,14,0
4362,2022-08-27,2025-04-30,Female,24.0,West,Desktop,Beauty,UPI,7,50.42,317.0,2,2.9,1038,61,0
1548,2023-07-14,2024-05-01,Female,50.0,West,Desktop,Home & Kitchen,UPI,5,42.98,233.58,0,28.6,717,425,1
2765,2024-11-26,2025-03-04,Male,33.0,West,Tablet,Electronics,UPI,4,39.2,160.32,0,100.0,216,118,1
1426,2022-04-17,2025-05-14,Female,38.0,North,Desktop,Clothing,UPI,1,53.95,50.34,1,48.0,1170,47,0
543,2022-06-17,2025-04-23,Male,49.0,West,Desktop,Electronics,PayPal,5,50.9,216.33,0,16.7,1109,68,0
1492,2024-05-29,2025-05-01,Male,33.0,North,Mobile,Clothing,PayPal,4,81.11,337.46,0,63.1,397,60,0
3287,2023-10-17,2025-06-07,Male,32.0,South,Desktop,Books,Credit Card,10,20.38,199.24,0,3.1,622,23,0
2907,2024-10-07,2025-02-19,Other,45.0,West,Mobile,Home & Kitchen,Cash on Delivery,11,22.05,263.21,1,95.6,266,131,1
3975,2022-05-10,2025-06-13,Male,46.0,East,Mobile,Books,Credit Card,5,27.05,125.77,0,80.6,1147,17,0
3562,2023-03-09,2025-05-30,Female,18.0,North,Mobile,Clothing,PayPal,9,70.96,733.14,1,25.7,844,31,0
3123,2023-10-23,2025-04-17,Male,45.0,North,Desktop,Electronics,Debit Card,5,166.17,852.89,1,96.1,616,74,0
1003,2023-06-21,2025-06-14,Female,52.0,West,Desktop,Electronics,Debit Card,7,61.9,418.61,1,11.6,740,16,0
1009,2022-02-21,2025-06-07,Male,33.0,South,Desktop,Sports,UPI,9,70.87,559.61,0,56.4,1225,23,0
3667,2022-08-01,2023-10-23,Female,30.0,Central,Mobile,Clothing,Debit Card,10,41.49,416.99,2,21.8,1064,616,1
2606,2024-05-20,2025-03-29,Female,53.0,Central,Mobile,Electronics,UPI,4,31.64,140.72,0,95.8,406,93,1
566,2022-12-02,2023-08-22,Female,49.0,South,Desktop,Clothing,Credit Card,4,114.83,463.99,0,1.1,941,678,1
264,2023-05-04,2025-05-22,Female,45.0,East,Mobile,Beauty,UPI,10,115.08,1210.4,0,34.5,788,39,0
2573,2024-01-06,2025-03-13,Male,52.0,East,Desktop,Home & Kitchen,Debit Card,9,46.18,418.79,0,67.5,541,109,1
1325,2023-01-21,2024-11-03,Other,24.0,West,Desktop,Beauty,Credit Card,6,82.74,568.79,0,14.8,891,239,1
382,2024-11-13,2025-06-07,Female,45.0,Central,Mobile,Grocery,Credit Card,7,63.16,427.7,0,12.9,229,23,0
3764,2023-02-06,2025-03-09,Male,40.0,North,Mobile,Clothing,Credit Card,6,91.38,530.17,1,38.5,875,113,1
614,2023-10-28,2025-04-09,Male,22.0,East,Mobile,Grocery,PayPal,10,69.39,697.84,0,97.9,611,82,0
4204,2023-02-19,2025-05-08,Female,30.0,South,Desktop,Home & Kitchen,Debit Card,9,35.82,364.74,0,47.8,862,53,0
2901,2023-02-15,2025-04-03,Male,60.0,North,Mobile,Home & Kitchen,UPI,6,60.55,416.79,0,72.1,866,88,0
4638,2023-01-20,2025-06-14,Female,23.0,North,Desktop,Beauty,Debit Card,8,75.85,554.69,0,24.3,892,16,0
2056,2022-03-06,2024-03-11,Female,34.0,North,Desktop,Books,PayPal,6,60.37,312.74,1,98.9,1212,476,1
1103,2024-04-02,2024-12-18,Female,35.0,East,Desktop,Clothing,UPI,5,40.69,214.53,0,98.9,454,194,1
4730,2022-09-15,2024-11-03,Male,43.0,Central,Mobile,Clothing,Credit Card,8,50.54,399.58,0,49.6,1019,239,1
1979,2022-01-14,2025-06-12,Female,55.0,Central,Mobile,Grocery,Debit Card,11,67.68,813.98,0,15.9,1263,18,0
3635,2022-03-22,2025-05-03,Male,33.0,East,Desktop,Beauty,UPI,7,62.46,461.46,2,66.9,1196,58,0
2844,2024-05-29,2025-04-21,Female,61.0,Central,Mobile,Electronics,Cash on Delivery,7,76.59,571.96,0,23.7,397,70,0
3399,2022-02-11,2025-05-23,Male,60.0,North,Tablet,Clothing,Debit Card,8,79.74,594.8,1,73.1,1235,38,0
2499,2022-08-24,2025-05-12,Other,59.0,South,Mobile,Grocery,PayPal,10,73.43,818.12,1,1.2,1041,49,0
1339,2024-06-15,2025-06-14,Male,52.0,South,Mobile,Home & Kitchen,PayPal,9,70.83,594.66,3,44.6,380,16,0
4032,2023-04-26,2023-11-28,Male,57.0,West,Mobile,Grocery,UPI,5,35.33,185.06,0,51.6,796,580,1
2464,2023-03-31,2025-06-06,Female,41.0,East,Desktop,Electronics,Cash on Delivery,13,76.32,844.0,0,58.9,822,24,0
4167,2022-03-30,2023-10-03,Male,56.0,South,Desktop,Clothing,Credit Card,11,41.96,489.46,0,22.6,1188,636,1
1356,2023-08-05,2025-04-10,Female,18.0,Central,Tablet,Clothing,UPI,6,110.59,708.75,0,7.6,695,81,0
3939,2022-07-16,2025-04-16,Male,30.0,West,Desktop,Beauty,Credit Card,7,77.12,599.84,1,93.0,1080,75,0
3236,2023-06-27,2025-04-22,Male,64.0,South,Mobile,Clothing,Credit Card,6,59.05,391.72,0,58.9,734,69,0
1694,2024-12-28,2025-03-13,Male,38.0,Central,Mobile,Clothing,UPI,10,70.38,707.15,0,18.4,184,109,1
1618,2024-11-26,2025-01-08,Female,59.0,Central,Mobile,Electronics,Debit Card,10,46.93,468.95,0,87.3,216,173,1
1903,2023-07-10,2023-08-26,Female,25.0,South,Desktop,Clothing,Credit Card,8,54.28,424.79,0,11.8,721,674,1
2109,2024-10-28,2024-12-12,Male,29.0,East,Mobile,Sports,UPI,7,51.76,346.55,0,51.1,245,200,1
140,2022-06-11,2025-04-08,Other,19.0,South,Desktop,Sports,Cash on Delivery,6,20.99,126.64,1,35.0,1115,83,0
3220,2022-06-29,2024-11-10,Female,63.0,South,Mobile,Beauty,Credit Card,4,90.69,378.71,0,35.5,1097,232,1
33,2022-07-18,2025-05-03,Male,52.0,North,Desktop,Electronics,PayPal,10,172.37,1791.44,0,86.0,1078,58,0
2191,2024-08-19,2025-05-23,Male,42.0,East,Mobile,Books,Credit Card,3,56.37,180.82,1,5.7,315,38,0
115,2022-11-20,2025-05-05,Female,50.0,South,Desktop,Books,Credit Card,5,72.64,355.58,0,37.9,953,56,0
3006,2024-02-02,2025-04-04,Female,53.0,South,Mobile,Electronics,Debit Card,7,115.43,914.08,0,42.3,514,87,0
2993,2024-07-15,2025-04-06,Female,30.0,East,Desktop,Home & Kitchen,Debit Card,5,52.76,295.16,0,5.8,350,85,0
821,2022-07-10,2025-04-24,Female,56.0,West,Mobile,Home & Kitchen,Credit Card,6,53.57,345.28,0,60.2,1086,67,0
3592,2022-10-08,2025-06-18,Male,20.0,West,Desktop,Home & Kitchen,PayPal,10,118.22,1027.02,0,95.6,996,12,0
1348,2024-04-17,2024-08-09,Male,26.0,South,Mobile,Clothing,Credit Card,4,55.2,249.57,0,59.9,439,325,1
1099,2024-07-27,2024-08-28,Female,19.0,East,Mobile,Sports,PayPal,7,24.36,174.51,1,72.0,338,306,1
1364,2024-03-13,2025-04-25,Female,19.0,North,Mobile,Electronics,UPI,4,57.67,247.92,1,66.6,474,66,0
394,2022-05-24,2024-08-31,Female,31.0,East,Tablet,Beauty,Debit Card,9,71.52,560.43,0,77.4,1133,303,1
3028,2022-12-20,2025-04-11,Female,18.0,East,Desktop,Beauty,PayPal,4,29.17,133.34,0,76.6,923,80,0
2971,2023-09-24,2025-06-18,Male,37.0,North,Tablet,Sports,Credit Card,4,30.54,113.35,0,70.1,645,12,0
4477,2023-09-07,2024-05-26,Male,23.0,North,Mobile,Home & Kitchen,Debit Card,3,25.01,69.91,0,6.7,662,400,1
4335,2023-04-09,2025-06-04,Male,62.0,North,Desktop,Grocery,PayPal,4,66.87,254.81,1,61.2,813,26,0
1852,2022-11-07,2025-04-03,Female,21.0,West,Desktop,Home & Kitchen,UPI,4,162.19,631.09,1,95.3,966,88,0
1523,2022-12-25,2025-03-08,Male,33.0,North,Mobile,Home & Kitchen,PayPal,8,28.01,224.56,0,64.1,918,114,1
218,2024-04-12,2025-06-07,Female,58.0,South,Mobile,Electronics,UPI,9,40.21,368.06,0,62.2,444,23,0
3619,2022-08-15,2025-06-18,Female,58.0,East,Desktop,Beauty,Credit Card,5,52.71,294.73,1,63.6,1050,12,0
4310,2022-03-10,2025-06-01,Female,43.0,West,Mobile,Electronics,Credit Card,5,42.34,232.89,0,70.2,1208,29,0
984,2022-12-03,2025-06-02,Male,18.0,South,Mobile,Electronics,UPI,4,51.19,186.85,0,24.9,940,28,0
190,2023-12-27,2024-06-29,Male,19.0,East,Mobile,Grocery,Credit Card,8,47.41,377.42,0,50.3,551,366,1
4066,2022-10-14,2025-06-25,Male,18.0,West,Mobile,Home & Kitchen,Credit Card,16,18.25,267.73,1,83.3,990,5,0
4192,2024-11-12,2025-03-24,Female,20.0,South,Mobile,Grocery,Credit Card,4,30.98,131.99,1,3.8,230,98,1
1622,2023-06-18,2024-06-08,Male,57.0,North,Desktop,Home & Kitchen,UPI,6,62.86,430.26,1,88.3,743,387,1
554,2022-02-11,2025-04-12,Female,37.0,East,Tablet,Grocery,Debit Card,3,66.05,202.87,1,18.8,1235,79,0
4299,2024-12-03,2025-05-05,Male,60.0,West,Mobile,Clothing,UPI,5,63.23,293.99,0,5.5,209,56,0
2782,2022-09-28,2023-12-16,Female,45.0,East,Mobile,Clothing,UPI,5,71.03,379.14,1,31.1,1006,562,1
2941,2024-03-18,2024-06-19,Male,62.0,Central,Mobile,Grocery,Credit Card,10,50.09,560.18,0,45.2,469,376,1
1381,2023-12-01,2025-04-18,Male,33.0,North,Tablet,Grocery,Credit Card,6,56.74,296.13,2,36.2,577,73,0
1254,2024-05-05,2025-04-20,Male,49.0,South,Mobile,Electronics,UPI,4,21.8,87.76,1,3.0,421,71,0
2468,2024-07-01,2025-05-13,Male,28.0,East,Mobile,Books,PayPal,10,39.74,358.88,0,49.0,364,48,0
2475,2022-02-20,2024-09-19,Female,41.0,East,Mobile,Beauty,Credit Card,3,61.15,195.05,0,46.3,1226,284,1
2868,2022-04-05,2025-04-28,Female,41.0,South,Mobile,Beauty,UPI,11,67.22,829.82,0,47.9,1182,63,0
2886,2022-04-18,2024-04-18,Female,47.0,North,Mobile,Home & Kitchen,UPI,9,33.27,328.3,1,71.3,1169,438,1
405,2022-09-18,2025-04-10,Male,19.0,South,Mobile,Electronics,PayPal,6,59.53,340.63,0,70.9,1016,81,0
1784,2022-04-15,2025-01-12,Female,25.0,North,Mobile,Grocery,Credit Card,6,27.19,165.76,2,96.6,1172,169,1
667,2023-04-11,2025-05-06,Male,30.0,West,Desktop,Grocery,Credit Card,10,18.44,177.49,0,34.7,811,55,0
3251,2023-07-05,2025-04-09,Female,54.0,South,Mobile,Home & Kitchen,Credit Card,10,14.99,159.63,2,87.0,726,82,0
1414,2024-01-24,2025-01-08,Male,57.0,West,Mobile,Books,UPI,9,45.63,468.17,0,1.9,523,173,1
4740,2022-10-03,2025-04-06,Female,32.0,West,Desktop,Books,Credit Card,4,21.12,84.02,0,56.9,1001,85,0
3645,2022-12-16,2025-04-16,Female,22.0,West,Mobile,Sports,Credit Card,6,100.1,519.11,0,99.7,927,75,0
1387,2022-06-08,2025-04-27,Female,19.0,East,Desktop,Home & Kitchen,Debit Card,8,39.41,342.08,0,73.1,1118,64,0
3813,2022-09-29,2025-05-26,Male,26.0,North,Mobile,Home & Kitchen,Debit Card,11,107.96,1173.0,1,48.6,1005,35,0
2537,2023-10-04,2025-05-21,Female,64.0,West,Mobile,Clothing,PayPal,6,59.79,378.74,1,55.8,635,40,0
2061,2024-05-10,2024-12-31,Male,25.0,East,Desktop,Electronics,PayPal,12,43.85,576.03,0,41.5,416,181,1
486,2022-11-05,2025-04-24,Female,23.0,North,Mobile,Clothing,Credit Card,7,93.91,602.43,1,98.7,968,67,0
4048,2023-10-04,2025-04-04,Female,38.0,South,Tablet,Clothing,UPI,7,77.41,588.67,0,23.0,635,87,0
3503,2022-12-29,2025-04-14,Other,59.0,East,Desktop,Clothing,PayPal,4,24.0,110.15,0,34.1,914,77,0
4022,2022-05-30,2025-06-29,Male,19.0,Central,Tablet,Beauty,Debit Card,7,57.63,349.91,0,69.5,1127,1,0
2133,2022-11-02,2025-04-19,Female,40.0,East,Mobile,Electronics,UPI,9,43.42,357.29,1,12.6,971,72,0
4212,2022-03-21,2024-08-31,Female,59.0,West,Mobile,Clothing,UPI,6,29.3,151.99,0,40.2,1197,303,1
4433,2023-03-08,2025-05-14,Male,42.0,East,Mobile,Sports,Cash on Delivery,4,60.32,244.24,1,96.8,845,47,0
1598,2024-01-12,2025-06-12,Male,37.0,North,Mobile,Books,Credit Card,11,229.76,2755.34,1,61.0,535,18,0
599,2024-09-17,2025-06-05,Male,31.0,East,Mobile,Grocery,Debit Card,6,65.74,385.28,2,1.4,286,25,0
159,2024-07-13,2025-06-22,Male,53.0,Central,Mobile,Home & Kitchen,Debit Card,4,39.72,135.3,0,72.2,352,8,0
2245,2022-01-25,2024-08-02,Female,25.0,East,Mobile,Clothing,PayPal,7,18.59,127.22,0,38.7,1252,332,1
2959,2022-08-12,2025-04-27,Male,44.0,Central,Mobile,Home & Kitchen,Credit Card,3,68.94,184.78,1,42.1,1053,64,0
4732,2023-04-22,2024-08-19,Male,64.0,Central,Mobile,Clothing,Credit Card,4,96.96,422.99,1,21.2,800,315,1
2531,2023-02-08,2025-04-27,Female,59.0,North,Desktop,Grocery,Credit Card,6,61.42,406.57,0,73.7,873,64,0
2954,2023-07-11,2025-04-13,Male,27.0,West,Desktop,Clothing,PayPal,4,59.37,213.73,1,28.5,720,78,0
2795,2022-05-04,2024-11-13,Male,29.0,West,Tablet,Grocery,Debit Card,4,63.53,261.41,1,31.5,1153,229,1
1124,2023-03-17,2025-04-16,Female,53.0,South,Mobile,Clothing,Debit Card,7,61.79,416.92,0,72.6,836,75,0
4495,2022-02-10,2025-04-02,Female,34.0,Central,Mobile,Books,PayPal,5,129.22,654.1,0,12.9,1236,89,0
227,2024-03-10,2025-03-19,Other,32.0,West,Desktop,Grocery,Debit Card,6,60.54,388.27,0,25.8,477,103,1
3357,2024-12-09,2025-05-23,Female,31.0,East,Mobile,Books,Credit Card,5,91.77,432.76,0,66.8,203,38,0
2453,2023-05-24,2025-06-15,Female,40.0,South,Tablet,Beauty,Credit Card,4,61.78,215.56,1,17.8,768,15,0
556,2023-05-04,2025-04-26,Male,38.0,East,Desktop,Clothing,PayPal,5,32.91,140.49,0,74.8,788,65,0
3595,2024-11-13,2025-02-28,Female,36.0,West,Mobile,Home & Kitchen,Debit Card,9,14.78,120.22,0,27.4,229,122,1
2317,2023-04-21,2023-11-15,Male,38.0,South,Mobile,Sports,Credit Card,7,57.18,407.76,0,58.3,801,593,1
2797,2024-11-03,2025-06-06,Male,34.0,Central,Mobile,Electronics,Debit Card,9,56.36,549.2,0,90.1,239,24,0
2640,2022-09-17,2025-05-04,Female,50.0,South,Mobile,Books,Credit Card,11,19.17,187.94,0,10.7,1017,57,0
708,2024-06-25,2025-06-12,Female,29.0,East,Mobile,Clothing,Credit Card,8,77.49,670.21,2,80.0,370,18,0
4223,2024-01-29,2025-06-29,Female,57.0,North,Mobile,Home & Kitchen,Credit Card,6,26.46,155.03,1,45.8,518,1,0
3715,2024-04-05,2024-10-14,Other,20.0,Central,Desktop,Home & Kitchen,PayPal,11,82.33,999.45,2,86.1,451,259,1
4306,2023-02-18,2024-02-01,Male,18.0,North,Mobile,Electronics,UPI,6,49.58,326.54,0,93.9,863,515,1
2420,2024-02-10,2025-04-04,Male,20.0,Central,Mobile,Grocery,Debit Card,7,29.52,201.26,1,78.1,506,87,0
1172,2022-02-23,2025-06-09,Other,47.0,South,Mobile,Home & Kitchen,UPI,8,64.8,595.49,0,78.1,1223,21,0
1456,2023-10-15,2025-02-18,Female,37.0,West,Desktop,Home & Kitchen,Credit Card,3,61.81,208.25,0,19.5,624,132,1
4062,2022-08-11,2025-04-29,Male,42.0,West,Desktop,Grocery,PayPal,7,107.56,832.65,0,7.0,1054,62,0
4764,2024-02-16,2025-04-02,Male,30.0,South,Mobile,Home & Kitchen,Cash on Delivery,8,21.39,174.29,2,99.0,500,89,0
3084,2023-04-30,2025-05-07,Female,30.0,South,Mobile,Home & Kitchen,Credit Card,8,23.57,173.46,0,75.0,792,54,0
327,2022-03-27,2025-04-18,Female,56.0,Central,Mobile,Sports,PayPal,9,77.06,622.05,1,81.9,1191,73,0
2201,2023-06-19,2024-07-17,Other,28.0,Central,Mobile,Grocery,PayPal,4,99.6,384.83,0,41.5,742,348,1
477,2024-06-19,2024-11-12,Male,62.0,West,Tablet,Home & Kitchen,PayPal,6,82.4,442.44,0,42.1,376,230,1
4023,2023-08-19,2025-06-09,Female,62.0,North,Tablet,Beauty,UPI,8,65.16,583.11,1,30.9,681,21,0
4190,2022-10-20,2025-03-15,Female,64.0,East,Desktop,Home & Kitchen,Cash on Delivery,6,28.39,185.86,0,86.0,984,107,1
2605,2023-03-24,2025-04-17,Male,53.0,South,Tablet,Electronics,UPI,7,24.77,173.56,0,6.7,829,74,0
4928,2022-10-31,2025-06-30,Male,33.0,Central,Desktop,Clothing,UPI,5,87.35,465.32,0,9.1,973,0,0
3031,2023-01-19,2025-05-24,Male,25.0,West,Mobile,Electronics,UPI,3,37.41,128.15,0,67.8,893,37,0
1420,2024-12-16,2025-06-27,Female,63.0,West,Desktop,Books,Cash on Delivery,6,31.51,190.69,0,8.0,196,3,0
2351,2022-07-29,2025-04-23,Female,31.0,West,Mobile,Grocery,Credit Card,6,54.75,291.45,0,12.4,1067,68,0
2800,2024-04-30,2025-04-02,Male,19.0,North,Desktop,Electronics,Credit Card,9,43.83,406.13,1,71.3,426,89,0
3795,2024-05-07,2025-04-03,Male,51.0,West,Mobile,Home & Kitchen,UPI,9,75.15,682.88,0,82.4,419,88,0
524,2024-03-17,2025-05-19,Female,26.0,North,Mobile,Beauty,Credit Card,5,49.48,279.62,1,68.3,470,42,0
993,2023-04-08,2023-08-01,Male,28.0,South,Mobile,Beauty,Credit Card,5,106.91,484.65,0,69.5,814,699,1
1831,2022-08-13,2024-12-02,Other,24.0,South,Mobile,Clothing,Debit Card,6,77.92,471.46,0,44.6,1052,210,1
4655,2022-01-31,2025-04-02,Male,48.0,Central,Tablet,Grocery,Credit Card,5,47.85,269.54,0,27.0,1246,89,0
731,2023-08-03,2025-05-10,Male,59.0,East,Mobile,Sports,UPI,6,48.94,330.61,0,16.4,697,51,0
3498,2023-10-10,2024-09-14,Female,30.0,West,Mobile,Clothing,Debit Card,5,81.89,465.51,0,65.5,629,289,1
2266,2024-02-04,2025-05-28,Female,54.0,North,Tablet,Home & Kitchen,PayPal,5,58.61,272.96,0,66.3,512,33,0
2832,2024-10-13,2025-04-19,Female,29.0,South,Mobile,Home & Kitchen,Debit Card,5,79.13,394.24,2,98.4,260,72,0
1940,2023-01-17,2025-04-25,Male,46.0,East,Mobile,Books,Credit Card,8,66.06,457.9,0,78.4,895,66,0
1397,2022-11-29,2025-05-31,Male,20.0,West,Mobile,Home & Kitchen,PayPal,8,54.24,429.54,0,99.7,944,30,0
752,2024-04-04,2024-09-17,Female,62.0,Central,Mobile,Grocery,Cash on Delivery,7,32.13,250.78,0,4.3,452,286,1
3710,2023-07-24,2025-04-19,Female,59.0,West,Mobile,Books,Cash on Delivery,12,76.28,992.67,0,20.9,707,72,0
489,2022-11-09,2025-06-16,Female,26.0,East,Mobile,Grocery,UPI,8,64.67,575.67,0,13.6,964,14,0
3295,2024-07-27,2025-03-02,Female,41.0,South,Mobile,Clothing,Credit Card,6,14.98,92.74,0,64.7,338,120,1
1017,2022-10-14,2025-06-21,Male,32.0,West,Desktop,Beauty,Credit Card,8,80.94,616.3,1,61.0,990,9,0
2107,2022-04-26,2025-05-13,Female,60.0,East,Mobile,Clothing,Credit Card,9,23.39,184.17,1,49.0,1161,48,0
4728,2022-11-12,2023-12-16,Female,34.0,Central,Desktop,Electronics,UPI,7,104.05,716.28,0,52.7,961,562,1
2004,2022-10-01,2025-04-29,Male,41.0,South,Desktop,Grocery,PayPal,5,28.53,153.28,0,91.0,1003,62,0
2306,2023-05-08,2025-05-07,Male,38.0,Central,Mobile,Electronics,Debit Card,6,42.48,249.35,2,97.3,784,54,0
3200,2022-11-18,2025-06-03,Male,43.0,North,Mobile,Clothing,Debit Card,4,20.19,84.38,0,66.4,955,27,0
3893,2024-12-12,2025-05-24,Female,40.0,East,Mobile,Home & Kitchen,UPI,5,76.74,374.89,0,92.5,200,37,0
1725,2023-11-28,2024-07-22,Female,29.0,East,Mobile,Clothing,UPI,9,65.21,644.03,0,14.0,580,343,1
11,2022-03-03,2025-06-22,Male,22.0,North,Desktop,Books,UPI,7,48.37,386.06,1,32.2,1215,8,0
2098,2022-03-10,2025-06-27,Female,22.0,East,Desktop,Grocery,UPI,6,84.4,481.07,0,7.3,1208,3,0
979,2022-09-28,2025-04-24,Female,37.0,South,Desktop,Beauty,Cash on Delivery,5,42.01,192.58,2,61.2,1006,67,0
775,2024-10-04,2025-02-23,Female,54.0,West,Mobile,Books,Credit Card,8,47.58,383.38,0,41.9,269,127,1
760,2023-10-23,2024-11-09,Female,19.0,South,Mobile,Electronics,Cash on Delivery,7,48.97,394.18,0,44.6,616,233,1
1612,2023-07-25,2025-05-21,Female,24.0,North,Mobile,Clothing,Credit Card,4,33.24,146.67,1,20.3,706,40,0
3114,2022-08-16,2025-04-18,Male,27.0,North,Desktop,Electronics,UPI,5,44.29,198.08,0,6.9,1049,73,0
2811,2022-11-15,2024-09-17,Male,57.0,East,Desktop,Sports,UPI,6,22.41,124.62,1,57.6,958,286,1
2076,2022-01-08,2025-04-29,Female,43.0,North,Desktop,Home & Kitchen,Credit Card,6,43.3,249.99,0,26.5,1269,62,0
111,2023-11-28,2025-05-21,Male,23.0,Central,Mobile,Clothing,Cash on Delivery,8,38.52,267.75,0,40.3,580,40,0
4100,2022-10-27,2025-04-28,Male,27.0,North,Mobile,Electronics,UPI,5,44.44,226.83,0,98.9,977,63,0
4275,2024-07-03,2025-04-01,Female,52.0,North,Mobile,Clothing,Cash on Delivery,8,32.91,298.37,0,10.9,362,90,0
491,2022-05-12,2025-02-21,Male,19.0,Central,Mobile,Beauty,Cash on Delivery,3,45.02,146.71,0,64.1,1145,129,1
1191,2024-05-09,2025-06-13,Male,19.0,South,Tablet,Grocery,Credit Card,7,36.44,277.99,0,24.7,417,17,0
3598,2022-08-22,2025-02-25,Female,50.0,South,Mobile,Grocery,Cash on Delivery,7,34.25,245.37,1,79.9,1043,125,1
4935,2023-06-22,2023-10-02,Female,45.0,West,Desktop,Home & Kitchen,Cash on Delivery,6,18.43,124.9,0,96.8,739,637,1
1480,2022-04-08,2025-04-04,Male,30.0,North,Tablet,Grocery,Cash on Delivery,12,31.51,323.79,0,55.1,1179,87,0
2542,2023-12-22,2024-11-18,Female,18.0,North,Tablet,Books,UPI,5,49.13,253.68,1,28.9,556,224,1
2411,2024-09-08,2025-04-15,Female,58.0,South,Mobile,Clothing,UPI,8,37.09,312.26,1,73.8,295,76,0
1907,2023-05-06,2025-03-17,Female,40.0,East,Desktop,Electronics,Credit Card,9,28.78,262.0,0,6.8,786,105,1
4416,2022-09-20,2025-06-21,Female,46.0,Central,Mobile,Electronics,UPI,5,102.89,444.6,1,32.3,1014,9,0
1299,2023-10-10,2025-04-26,Female,55.0,East,Mobile,Beauty,UPI,4,73.4,280.21,2,64.8,629,65,0
2073,2024-12-19,2025-06-16,Male,46.0,West,Mobile,Electronics,Credit Card,11,73.72,751.12,1,32.5,193,14,0
3426,2024-09-13,2025-01-06,Female,18.0,East,Desktop,Home & Kitchen,PayPal,10,24.57,274.37,1,0.1,290,175,1
72,2023-04-15,2024-08-11,Male,19.0,North,Desktop,Clothing,Credit Card,9,80.25,641.48,0,95.6,807,323,1
3376,2023-05-11,2025-04-12,Female,43.0,West,Mobile,Home & Kitchen,UPI,9,53.88,453.47,0,97.0,781,79,0
4521,2023-10-05,2025-04-19,Female,56.0,West,Desktop,Beauty,Debit Card,8,56.07,415.43,0,5.2,634,72,0
1853,2024-04-25,2025-06-01,Female,36.0,West,Desktop,Sports,Debit Card,4,98.97,387.12,0,18.1,431,29,0
1943,2022-01-19,2025-05-15,Female,46.0,West,Mobile,Clothing,PayPal,11,78.66,865.96,0,14.6,1258,46,0
1255,2023-08-16,2025-05-31,Female,43.0,North,Mobile,Clothing,Cash on Delivery,6,63.16,401.28,0,73.2,684,30,0
3127,2024-09-24,2025-06-18,Female,60.0,Central,Desktop,Sports,Credit Card,4,39.97,173.86,0,3.2,279,12,0
185,2024-04-13,2024-08-12,Male,46.0,Central,Desktop,Home & Kitchen,Credit Card,12,41.79,556.83,0,73.6,443,322,1
825,2022-08-29,2025-01-10,Female,28.0,East,Desktop,Grocery,Credit Card,7,56.66,454.32,1,82.7,1036,171,1
387,2022-04-01,2025-06-06,Male,34.0,South,Desktop,Grocery,PayPal,7,68.39,498.29,0,68.1,1186,24,0
1720,2024-06-19,2024-07-23,Male,51.0,East,Desktop,Clothing,Debit Card,10,114.72,1030.62,1,6.4,376,342,1
3614,2023-11-09,2025-04-20,Female,,Central,Mobile,Beauty,Debit Card,9,87.54,856.56,0,21.4,599,71,0
4292,2023-06-23,2025-06-11,Male,41.0,East,Desktop,Electronics,Debit Card,5,27.8,157.73,1,39.8,738,19,0
4879,2022-11-16,2025-05-20,Male,61.0,South,Tablet,Beauty,Credit Card,8,103.94,936.45,1,62.2,957,41,0
469,2024-07-10,2025-06-07,Male,20.0,South,Mobile,Books,UPI,5,53.13,239.88,0,48.6,355,23,0
1419,2024-10-26,2025-04-17,Male,19.0,East,Desktop,Clothing,Credit Card,9,100.51,932.83,0,0.7,247,74,0
3005,2024-03-31,2025-04-25,Female,27.0,North,Desktop,Home & Kitchen,Credit Card,4,60.74,227.68,0,96.0,456,66,0
537,2023-11-01,2024-08-29,Female,28.0,Central,Tablet,Books,PayPal,5,36.7,207.83,1,86.4,607,305,1
2219,2022-10-14,2025-04-13,Female,24.0,East,Desktop,Books,Debit Card,8,52.94,402.52,0,65.8,990,78,0
342,2022-02-20,2023-09-15,Male,26.0,East,Mobile,Electronics,PayPal,6,41.19,237.0,1,85.6,1226,654,1
2904,2023-05-12,2025-06-14,Male,29.0,East,Mobile,Books,Cash on Delivery,10,38.54,342.62,0,29.0,780,16,0
3832,2023-02-14,2024-09-29,Female,25.0,North,Mobile,Home & Kitchen,Credit Card,6,16.64,114.51,1,90.2,867,274,1
1996,2024-04-10,2024-11-09,Female,57.0,Central,Tablet,Beauty,UPI,5,60.47,311.01,1,41.3,446,233,1
1620,2022-08-30,2024-06-02,Female,34.0,West,Mobile,Clothing,Credit Card,7,15.52,108.1,0,10.1,1035,393,1
3330,2023-09-29,2025-04-28,Female,21.0,West,Desktop,Clothing,Debit Card,8,70.96,492.38,0,28.5,640,63,0
2555,2022-10-17,2025-04-25,Male,37.0,South,Mobile,Beauty,Debit Card,7,43.79,316.56,0,55.5,987,66,0
2884,2022-09-02,2025-06-02,Male,34.0,East,Desktop,Clothing,UPI,6,44.2,295.96,0,86.2,1032,28,0
4573,2022-10-04,2025-04-04,Male,27.0,East,Mobile,Home & Kitchen,Debit Card,8,26.82,231.14,0,98.0,1000,87,0
1928,2023-08-08,2025-05-16,Female,44.0,South,Mobile,Home & Kitchen,PayPal,7,33.45,218.11,0,28.0,692,45,0
2668,2024-03-25,2025-04-09,Female,26.0,South,Mobile,Clothing,UPI,12,40.5,481.22,0,46.8,462,82,0
720,2022-12-22,2025-05-23,Female,50.0,West,Desktop,Books,UPI,5,24.3,126.98,2,54.8,921,38,0
1084,2024-05-12,2024-09-16,Female,34.0,South,Mobile,Home & Kitchen,Credit Card,10,71.41,768.99,0,52.2,414,287,1
2624,2023-02-28,2025-06-17,Female,27.0,South,Desktop,Clothing,UPI,4,57.09,260.12,0,67.9,853,13,0
3424,2023-09-04,2025-05-03,Male,47.0,West,Mobile,Clothing,Debit Card,8,132.23,1158.1,0,23.7,665,58,0
750,2024-08-17,2025-04-11,Female,56.0,West,Desktop,Electronics,Cash on Delivery,4,44.87,203.36,2,88.8,317,80,0
4528,2024-01-14,2025-05-28,Female,58.0,East,Desktop,Electronics,Cash on Delivery,8,80.61,639.73,1,27.6,533,33,0
3215,2022-11-11,2024-04-20,Male,36.0,North,Tablet,Grocery,Credit Card,6,100.41,662.23,1,41.7,962,436,1
2714,2023-04-09,2024-01-09,Male,22.0,South,Mobile,Beauty,UPI,5,36.67,187.79,3,71.4,813,538,1
1559,2024-01-23,2025-06-09,Female,52.0,North,Mobile,Clothing,Credit Card,10,72.69,823.16,0,43.2,524,21,0
1082,2022-04-18,2025-06-02,Male,43.0,East,Desktop,Books,UPI,12,83.01,918.41,2,4.8,1169,28,0
921,2022-12-25,2025-06-16,Female,46.0,West,Mobile,Clothing,Credit Card,11,45.67,451.27,0,56.8,918,14,0
3219,2024-05-25,2025-01-23,Female,45.0,East,Desktop,Sports,UPI,6,27.5,188.16,1,6.5,401,158,1
1854,2023-02-22,2025-05-22,Female,45.0,West,Mobile,Beauty,Credit Card,9,108.58,1093.01,0,33.5,859,39,0
3029,2023-12-26,2025-04-07,Female,34.0,Central,Desktop,Home & Kitchen,UPI,4,60.5,274.96,0,30.5,552,84,0
4765,2023-01-15,2025-06-24,Female,32.0,Central,Mobile,Home & Kitchen,Cash on Delivery,7,73.77,590.53,0,68.2,897,6,0
849,2023-09-04,2025-05-19,Female,42.0,North,Tablet,Electronics,Credit Card,4,38.0,141.77,0,68.5,665,42,0
1604,2024-02-01,2025-05-23,Male,23.0,Central,Tablet,Electronics,UPI,7,68.18,546.0,0,87.5,515,38,0
3909,2023-08-25,2025-06-05,Female,39.0,North,Desktop,Beauty,UPI,11,54.78,651.82,0,8.7,675,25,0
4651,2022-01-17,2024-07-25,Male,33.0,South,Mobile,Electronics,UPI,7,26.62,162.15,0,66.5,1260,340,1
4323,2023-12-25,2025-05-20,Female,53.0,South,Mobile,Electronics,Credit Card,8,67.59,486.15,2,57.1,553,41,0
2709,2022-01-03,2025-04-09,Male,32.0,East,Mobile,Home & Kitchen,Debit Card,5,27.46,154.64,1,75.0,1274,82,0
4414,2024-03-25,2025-04-09,Female,52.0,North,Desktop,Grocery,Credit Card,5,27.2,118.17,1,88.8,462,82,0
4404,2022-03-28,2023-11-05,Male,46.0,South,Mobile,Electronics,PayPal,13,39.68,500.82,0,37.1,1190,603,1
4494,2023-12-06,2025-05-11,Female,24.0,North,Tablet,Sports,Credit Card,7,57.07,391.98,0,30.4,572,50,0
4845,2023-10-08,2025-04-03,Male,22.0,South,Mobile,Beauty,Credit Card,4,35.26,143.08,3,21.2,631,88,0
4516,2022-05-27,2025-04-29,Male,21.0,South,Mobile,Clothing,Cash on Delivery,7,86.04,596.92,0,24.9,1130,62,0
1295,2024-10-08,2025-06-08,Female,56.0,West,Mobile,Grocery,PayPal,8,43.83,302.92,0,5.9,265,22,0
2190,2022-07-21,2025-04-08,Female,41.0,North,Desktop,Books,Credit Card,7,71.21,493.71,0,75.4,1075,83,0
1532,2023-02-17,2025-05-05,Female,42.0,Central,Mobile,Electronics,Credit Card,4,53.1,183.94,0,12.3,864,56,0
4898,2024-02-21,2024-04-28,Male,61.0,East,Mobile,Books,Debit Card,6,56.74,350.86,0,64.1,495,428,1
1388,2023-08-29,2025-06-26,Male,55.0,Central,Mobile,Home & Kitchen,PayPal,4,62.27,222.03,0,2.9,671,4,0
4609,2023-01-22,2025-05-20,Female,58.0,East,Desktop,Beauty,UPI,7,68.09,480.69,0,97.6,890,41,0
1252,2024-05-29,2025-05-08,Female,44.0,East,Desktop,Books,UPI,7,54.73,326.78,0,22.8,397,53,0
1893,2023-08-18,2025-06-12,Female,36.0,West,Mobile,Clothing,Debit Card,10,68.81,761.71,0,43.1,682,18,0
569,2022-02-22,2025-01-18,Female,35.0,West,Mobile,Home & Kitchen,Cash on Delivery,12,131.3,1371.7,0,19.6,1224,163,1
3183,2022-02-11,2023-10-13,Male,36.0,Central,Desktop,Electronics,Credit Card,12,36.42,398.39,0,1.6,1235,626,1
437,2023-05-17,2025-04-11,Male,30.0,West,Mobile,Sports,Debit Card,8,65.28,451.3,0,5.4,775,80,0
1560,2024-11-29,2025-05-28,Female,54.0,West,Mobile,Grocery,Debit Card,7,43.53,292.45,0,47.0,213,33,0
3056,2023-12-06,2024-09-05,Female,41.0,West,Mobile,Clothing,Credit Card,3,37.6,122.18,2,30.0,572,298,1
656,2022-09-02,2025-04-12,Male,27.0,East,Desktop,Electronics,Credit Card,10,46.38,464.34,0,7.8,1032,79,0
3534,2023-12-07,2025-05-09,Male,63.0,South,Mobile,Home & Kitchen,Credit Card,11,60.56,706.59,0,48.9,571,52,0
781,2023-10-20,2025-06-13,Female,61.0,West,Desktop,Grocery,UPI,3,45.51,116.14,0,35.2,619,17,0
3465,2023-01-10,2025-06-06,Male,47.0,East,Desktop,Electronics,PayPal,5,74.04,387.82,2,2.1,902,24,0
3633,2022-07-24,2024-04-18,Male,31.0,South,Mobile,Grocery,Credit Card,4,55.14,212.71,0,48.3,1072,438,1
1198,2022-06-23,2025-01-26,Female,49.0,West,Desktop,Sports,Debit Card,6,32.0,208.77,1,18.4,1103,155,1
2541,2023-12-14,2025-06-12,Female,33.0,Central,Desktop,Clothing,Debit Card,7,50.1,298.2,0,71.5,564,18,0
4081,2024-03-14,2025-05-06,Female,35.0,West,Tablet,Sports,UPI,6,120.96,713.57,0,37.3,473,55,0
1988,2023-06-20,2025-05-18,Female,50.0,East,Mobile,Electronics,UPI,6,60.34,339.8,1,21.1,741,43,0
846,2023-07-02,2025-04-26,Male,45.0,West,Desktop,Electronics,PayPal,7,70.38,483.33,0,19.5,729,65,0
603,2023-10-23,2025-06-20,Male,37.0,South,Tablet,Home & Kitchen,PayPal,5,24.87,140.71,2,32.4,616,10,0
3594,2022-08-03,2023-12-30,Female,54.0,South,Desktop,Beauty,Cash on Delivery,6,63.11,348.45,0,98.0,1062,548,1
2558,2024-05-06,2025-06-09,Male,27.0,North,Mobile,Home & Kitchen,Credit Card,8,48.26,357.41,0,54.2,420,21,0
109,2022-08-23,2025-06-12,Male,25.0,Central,Tablet,Clothing,Credit Card,5,26.6,120.42,0,66.0,1042,18,0
793,2023-06-01,2025-05-04,Female,58.0,East,Desktop,Clothing,Credit Card,13,27.25,345.3,1,39.8,760,57,0
2932,2023-04-20,2025-06-01,Female,42.0,South,Mobile,Electronics,Debit Card,7,58.46,404.39,0,41.8,802,29,0
4250,2023-10-09,2025-06-18,Female,46.0,East,Mobile,Electronics,Cash on Delivery,4,26.5,92.74,0,74.1,630,12,0
1303,2024-08-18,2025-05-05,Male,55.0,Central,Mobile,Electronics,Credit Card,9,47.78,438.27,0,42.4,316,56,0
829,2024-11-08,2025-01-28,Female,44.0,North,Mobile,Electronics,Debit Card,4,31.31,134.4,0,65.6,234,153,1
152,2023-03-10,2025-06-29,Male,47.0,North,Mobile,Home & Kitchen,Cash on Delivery,4,34.77,146.29,1,67.5,843,1,0
3665,2022-05-01,2025-04-17,Female,62.0,Central,Mobile,Electronics,UPI,8,39.58,298.96,1,95.2,1156,74,0
3071,2023-04-22,2025-04-21,Female,31.0,West,Mobile,Clothing,UPI,6,56.27,371.63,0,24.4,800,70,0
3548,2024-12-09,2025-04-23,Female,29.0,West,Mobile,Sports,UPI,5,135.56,763.7,1,91.0,203,68,0
4366,2023-03-28,2025-05-13,Female,55.0,East,Tablet,Sports,UPI,8,49.26,433.22,0,98.7,825,48,0
2085,2024-08-01,2024-08-25,Female,29.0,North,Mobile,Grocery,Debit Card,4,59.9,259.44,0,73.1,333,309,1
2074,2022-09-18,2023-08-27,Female,,West,Desktop,Sports,Credit Card,9,58.32,549.18,1,8.3,1016,673,1
3926,2022-02-20,2025-05-10,Male,47.0,South,Mobile,Books,Credit Card,6,48.17,328.61,0,94.7,1226,51,0
398,2023-09-08,2025-06-25,Male,36.0,South,Mobile,Books,UPI,7,45.09,353.02,0,87.5,661,5,0
167,2023-03-28,2025-05-30,Male,36.0,North,Desktop,Home & Kitchen,Cash on Delivery,9,93.36,715.85,0,6.1,825,31,0
3685,2022-01-26,2025-04-07,Female,25.0,Central,Mobile,Clothing,UPI,4,83.05,342.77,1,16.2,1251,84,0
1226,2023-02-23,2025-04-08,Female,51.0,South,Desktop,Clothing,Debit Card,8,43.9,369.07,1,58.0,858,83,0
1797,2024-02-04,2025-04-02,Female,,North,Mobile,Clothing,Credit Card,7,56.49,344.01,0,91.9,512,89,0
1643,2024-11-07,2025-06-19,Female,52.0,East,Desktop,Home & Kitchen,UPI,6,36.01,195.43,1,84.1,235,11,0
143,2022-05-22,2024-02-29,Female,50.0,North,Mobile,Sports,Debit Card,6,69.64,470.91,0,36.2,1135,487,1
1241,2023-04-17,2025-04-13,Female,26.0,North,Mobile,Electronics,Credit Card,5,64.98,320.51,2,81.5,805,78,0
1987,2022-01-24,2025-06-05,Female,28.0,West,Mobile,Beauty,Debit Card,6,32.8,176.34,0,40.2,1253,25,0
3047,2024-05-08,2024-12-16,Male,42.0,North,Tablet,Electronics,UPI,10,23.7,211.27,0,34.6,418,196,1
2224,2022-03-11,2025-04-25,Male,48.0,North,Tablet,Home & Kitchen,Debit Card,8,55.8,457.03,1,8.7,1207,66,0
238,2022-05-05,2025-06-19,Male,46.0,East,Desktop,Clothing,PayPal,4,53.9,226.75,1,49.3,1152,11,0
990,2024-08-17,2024-10-24,Female,64.0,East,Desktop,Clothing,Credit Card,11,32.66,352.64,0,82.3,317,249,1
4201,2022-09-28,2024-10-11,Female,60.0,Central,Mobile,Clothing,UPI,10,55.36,583.89,1,30.1,1006,262,1
1759,2024-10-15,2025-04-26,Male,39.0,South,Mobile,Home & Kitchen,Credit Card,10,54.46,482.84,1,58.9,258,65,0
1022,2022-08-26,2024-05-04,Male,52.0,West,Tablet,Books,UPI,7,92.44,572.46,0,61.1,1039,422,1
4933,2022-04-11,2025-05-24,Female,21.0,North,Mobile,Grocery,UPI,9,66.55,615.76,2,59.5,1176,37,0
867,2024-02-20,2025-03-05,Male,38.0,South,Mobile,Beauty,UPI,7,36.23,219.02,0,42.5,496,117,1
4453,2024-03-31,2025-05-03,Female,52.0,Central,Mobile,Electronics,PayPal,6,18.49,126.46,1,42.7,456,58,0
2322,2022-03-02,2025-05-21,Female,37.0,South,Desktop,Books,Debit Card,8,59.73,464.97,2,10.2,1216,40,0
4390,2023-04-26,2025-05-25,Male,43.0,West,Mobile,Home & Kitchen,PayPal,7,69.0,421.54,1,97.0,796,36,0
2982,2022-07-06,2025-05-01,Male,33.0,North,Mobile,Home & Kitchen,Cash on Delivery,8,191.62,1619.44,0,54.5,1090,60,0
1698,2022-11-12,2023-10-11,Male,36.0,South,Mobile,Sports,Credit Card,4,60.11,244.04,0,93.3,961,628,1
2415,2023-10-16,2025-05-04,Female,32.0,North,Mobile,Beauty,Credit Card,9,46.05,401.55,0,37.7,623,57,0
2218,2022-12-13,2023-10-03,Male,51.0,West,Desktop,Books,PayPal,6,48.0,287.07,0,25.5,930,636,1
3034,2024-07-02,2025-04-04,Male,58.0,South,Mobile,Home & Kitchen,Debit Card,9,50.99,506.49,0,14.4,363,87,0
3977,2022-05-29,2025-05-19,Male,45.0,North,Desktop,Electronics,Credit Card,6,36.4,248.57,0,45.9,1128,42,0
4194,2022-12-10,2025-05-18,Female,39.0,East,Mobile,Clothing,Credit Card,7,62.12,387.78,0,45.1,933,43,0
1583,2023-07-17,2025-06-25,Female,60.0,South,Mobile,Home & Kitchen,Credit Card,4,51.27,192.48,0,97.6,714,5,0
804,2024-01-11,2025-04-27,Female,44.0,North,Mobile,Grocery,UPI,11,45.73,429.79,1,2.9,536,64,0
1227,2023-09-10,2024-06-14,Male,43.0,North,Mobile,Grocery,Debit Card,4,56.43,255.6,0,86.3,659,381,1
1204,2023-07-12,2025-04-02,Male,61.0,Central,Desktop,Electronics,UPI,7,63.57,383.54,0,43.9,719,89,0
3162,2023-06-10,2025-05-03,Male,62.0,South,Mobile,Electronics,Credit Card,7,44.62,300.38,0,7.8,751,58,0
3745,2024-01-15,2025-05-05,Male,42.0,West,Desktop,Electronics,UPI,9,55.46,437.44,2,97.3,532,56,0
2790,2022-05-19,2024-03-27,Other,27.0,East,Desktop,Home & Kitchen,Cash on Delivery,5,26.26,122.64,0,52.2,1138,460,1
2846,2024-12-08,2025-03-27,Male,55.0,South,Mobile,Clothing,Credit Card,7,48.94,346.1,0,68.7,204,95,1
4708,2022-01-31,2025-06-23,Male,50.0,South,Mobile,Beauty,Credit Card,5,30.65,161.38,0,6.4,1246,7,0
402,2023-10-31,2025-04-10,Female,61.0,North,Desktop,Grocery,Debit Card,6,88.44,558.71,0,54.5,608,81,0
2748,2022-06-27,2025-04-07,Male,28.0,Central,Mobile,Grocery,PayPal,8,51.32,414.4,0,69.5,1099,84,0
3863,2023-02-01,2025-05-24,Male,42.0,North,Desktop,Beauty,UPI,9,31.18,264.08,1,72.9,880,37,0
1268,2024-03-31,2025-06-04,Male,33.0,Central,Mobile,Grocery,Debit Card,3,48.59,147.12,0,18.3,456,26,0
806,2024-06-24,2025-05-09,Female,24.0,North,Mobile,Beauty,PayPal,10,34.92,383.75,0,58.9,371,52,0
1444,2022-02-24,2024-08-31,Male,57.0,North,Desktop,Electronics,UPI,6,73.26,469.34,0,72.4,1222,303,1
960,2023-04-17,2023-08-11,Female,19.0,West,Tablet,Home & Kitchen,Credit Card,7,50.53,339.06,0,95.5,805,689,1
4065,2023-07-29,2025-04-18,Female,59.0,South,Mobile,Grocery,UPI,7,46.26,279.33,0,23.9,702,73,0
186,2023-01-25,2025-05-03,Female,20.0,West,Mobile,Home & Kitchen,UPI,11,23.69,247.99,0,96.1,887,58,0
4923,2022-07-04,2025-05-15,Female,46.0,South,Mobile,Grocery,PayPal,4,88.55,366.3,1,41.5,1092,46,0
2086,2023-12-10,2025-06-10,Female,49.0,East,Mobile,Home & Kitchen,Credit Card,7,23.12,138.83,3,59.8,568,20,0
97,2022-04-07,2024-11-03,Female,43.0,West,Tablet,Home & Kitchen,Credit Card,13,33.86,454.19,2,58.4,1180,239,1
2746,2024-06-25,2025-03-23,Female,42.0,West,Mobile,Clothing,Credit Card,2,94.12,187.27,0,83.1,370,99,1
4739,2024-01-04,2025-06-12,Male,52.0,East,Mobile,Clothing,UPI,6,58.16,377.15,0,14.6,543,18,0
2120,2023-09-08,2025-01-04,Female,25.0,Central,Mobile,Books,Credit Card,3,36.33,121.25,0,41.5,661,177,1
3669,2024-09-15,2024-09-19,Male,51.0,East,Mobile,Beauty,Credit Card,9,61.8,485.02,0,31.9,288,284,1
2545,2023-09-02,2025-06-25,Male,36.0,North,Mobile,Grocery,Debit Card,2,22.62,43.65,0,89.8,667,5,0
670,2023-09-12,2024-04-15,Male,41.0,West,Mobile,Electronics,UPI,7,119.91,932.11,0,71.6,657,441,1
1753,2022-11-23,2025-05-06,Male,55.0,East,Mobile,Books,UPI,8,54.96,457.36,0,58.9,950,55,0
3641,2022-07-14,2024-12-16,Male,56.0,North,Mobile,Electronics,Cash on Delivery,4,47.95,173.47,0,16.1,1082,196,1
2600,2022-08-22,2025-05-27,Male,48.0,West,Mobile,Electronics,Credit Card,9,105.84,830.1,0,21.6,1043,34,0
4371,2024-11-23,2025-04-27,Male,48.0,East,Desktop,Home & Kitchen,Credit Card,5,142.62,703.39,0,11.7,219,64,0
1660,2024-12-12,2025-03-20,Male,60.0,East,Mobile,Clothing,PayPal,3,49.62,148.47,0,52.1,200,102,1
3379,2024-07-02,2025-01-05,Male,50.0,East,Desktop,Beauty,UPI,3,27.09,93.35,0,82.1,363,176,1
2878,2023-05-24,2025-06-06,Male,50.0,Central,Tablet,Home & Kitchen,Debit Card,6,46.6,270.08,0,53.7,768,24,0
2630,2023-10-25,2023-11-26,Male,38.0,Central,Mobile,Home & Kitchen,Debit Card,11,51.51,588.1,0,45.5,614,582,1
3264,2023-04-28,2025-03-12,Male,47.0,South,Tablet,Grocery,Cash on Delivery,7,86.68,645.36,0,86.7,794,110,1
1378,2023-09-25,2024-08-16,Female,59.0,North,Desktop,Beauty,Debit Card,4,115.22,469.22,0,33.4,644,318,1
3060,2023-07-08,2025-02-22,Female,25.0,North,Desktop,Home & Kitchen,Debit Card,2,58.23,125.21,0,32.1,723,128,1
2754,2024-05-29,2025-06-20,Male,48.0,West,Desktop,Home & Kitchen,UPI,7,39.8,289.33,0,37.8,397,10,0
3238,2024-03-04,2025-04-06,Female,42.0,South,Tablet,Home & Kitchen,PayPal,4,77.69,314.01,0,64.4,483,85,0
3908,2024-01-09,2025-05-19,Male,49.0,South,Mobile,Home & Kitchen,Cash on Delivery,6,60.69,367.47,0,37.5,538,42,0
3505,2022-04-29,2025-06-22,Female,25.0,Central,Mobile,Electronics,UPI,1,39.72,34.2,2,7.4,1158,8,0
4599,2022-01-18,2025-04-12,Male,56.0,Central,Tablet,Sports,Cash on Delivery,11,45.27,475.51,0,88.0,1259,79,0
1180,2022-01-13,2025-06-02,Female,19.0,South,Mobile,Grocery,UPI,8,41.68,369.68,0,34.7,1264,28,0
2688,2024-07-23,2025-05-27,Male,26.0,West,Mobile,Home & Kitchen,UPI,10,111.03,1039.69,0,58.2,342,34,0
4636,2023-07-12,2025-04-27,Female,23.0,South,Desktop,Beauty,UPI,14,48.31,590.75,0,78.7,719,64,0
944,2023-02-12,2023-10-06,Female,43.0,Central,Mobile,Electronics,PayPal,9,41.49,329.73,1,79.8,869,633,1
3976,2022-04-04,2025-06-11,Female,27.0,East,Mobile,Clothing,Cash on Delivery,8,69.01,526.89,0,44.9,1183,19,0
4612,2024-03-19,2024-09-28,Male,49.0,East,Mobile,Home & Kitchen,Debit Card,11,76.65,806.69,2,68.6,468,275,1
242,2024-09-03,2025-04-10,Female,44.0,North,Mobile,Clothing,PayPal,9,76.85,710.35,0,50.1,300,81,0
1790,2024-10-29,2025-06-09,Female,53.0,North,Mobile,Home & Kitchen,PayPal,9,40.42,417.47,0,77.8,244,21,0
1927,2023-10-20,2025-06-07,Female,54.0,West,Desktop,Clothing,Debit Card,5,38.18,215.08,1,23.1,619,23,0
527,2024-05-27,2025-06-17,Male,31.0,West,Mobile,Home & Kitchen,Debit Card,6,15.69,104.0,2,36.4,399,13,0
4872,2023-07-20,2025-04-09,Male,26.0,West,Tablet,Clothing,Debit Card,16,45.8,786.4,0,54.6,711,82,0
2521,2024-03-07,2025-05-11,Female,36.0,Central,Mobile,Clothing,Cash on Delivery,4,106.14,402.26,0,57.1,480,50,0
2791,2022-01-29,2024-02-21,Female,64.0,Central,Desktop,Electronics,Credit Card,7,41.89,261.72,0,91.4,1248,495,1
2253,2023-01-03,2024-05-18,Female,43.0,North,Mobile,Beauty,Credit Card,7,88.35,572.25,0,88.9,909,408,1
4086,2024-10-23,2024-11-06,Male,60.0,North,Mobile,Beauty,Credit Card,7,39.89,280.31,0,47.1,250,236,1
2137,2024-08-27,2025-03-26,Male,20.0,South,Desktop,Home & Kitchen,Credit Card,3,18.07,54.36,1,42.3,307,96,1
3285,2022-10-30,2025-05-18,Male,44.0,Central,Mobile,Clothing,Credit Card,5,44.43,239.15,1,88.1,974,43,0
430,2023-04-27,2023-11-27,Male,48.0,Central,Mobile,Books,PayPal,3,75.8,223.14,0,69.1,795,581,1
4917,2023-03-29,2024-07-12,Male,34.0,North,Mobile,Electronics,UPI,10,39.17,391.06,0,25.0,824,353,1
2067,2022-06-14,2025-04-29,Male,34.0,South,Mobile,Home & Kitchen,PayPal,5,74.16,398.63,0,20.9,1112,62,0
2326,2023-04-13,2024-07-22,Female,41.0,South,Mobile,Clothing,Credit Card,4,86.26,361.16,0,10.7,809,343,1
3787,2022-12-29,2025-06-22,Female,48.0,East,Mobile,Grocery,Debit Card,9,50.18,465.9,0,83.9,914,8,0
4159,2024-09-13,2025-04-05,Female,56.0,North,Desktop,Electronics,UPI,5,84.4,471.82,1,26.6,290,86,0
1479,2022-09-07,2023-11-02,Female,56.0,West,Mobile,Home & Kitchen,Credit Card,5,87.74,401.79,0,77.8,1027,606,1
339,2022-11-29,2025-05-13,Male,40.0,North,Desktop,Clothing,PayPal,5,55.29,302.14,0,20.7,944,48,0
2075,2023-04-02,2025-04-05,Female,53.0,South,Desktop,Beauty,UPI,8,41.15,372.18,0,98.2,820,86,0
2012,2023-05-22,2023-11-16,Male,44.0,North,Mobile,Clothing,Cash on Delivery,8,50.62,458.25,0,40.4,770,592,1
254,2022-09-03,2025-06-09,Male,42.0,North,Desktop,Clothing,PayPal,7,60.76,415.28,0,98.1,1031,21,0
321,2022-11-02,2025-06-10,Female,33.0,South,Mobile,Beauty,Debit Card,9,27.42,228.09,0,22.7,971,20,0
2049,2022-04-03,2025-06-28,Female,54.0,South,Mobile,Beauty,PayPal,10,22.09,226.74,0,42.7,1184,2,0
947,2022-08-07,2025-06-18,Male,45.0,West,Mobile,Home & Kitchen,Cash on Delivery,9,42.18,329.03,0,86.0,1058,12,0
2807,2023-09-27,2025-04-08,Female,64.0,South,Desktop,Electronics,Debit Card,7,32.01,255.91,0,65.6,642,83,0
1085,2024-12-13,2025-01-02,Female,33.0,North,Mobile,Clothing,Credit Card,9,61.75,585.27,0,54.2,199,179,1
1192,2024-07-18,2024-10-18,Female,58.0,North,Mobile,Clothing,UPI,4,62.6,218.14,0,22.1,347,255,1
621,2023-07-27,2025-05-28,Male,19.0,South,Mobile,Electronics,Cash on Delivery,8,105.65,850.75,1,65.7,704,33,0
2099,2024-07-03,2025-03-08,Female,35.0,East,Mobile,Electronics,Credit Card,8,32.44,261.32,1,65.1,362,114,1
751,2023-09-15,2024-05-10,Male,34.0,South,Mobile,Clothing,Debit Card,9,46.4,432.73,1,53.7,654,416,1
3139,2024-03-12,2025-06-21,Female,62.0,Central,Mobile,Home & Kitchen,PayPal,9,72.14,729.6,0,32.5,475,9,0
3854,2023-10-03,2025-05-13,Female,55.0,West,Desktop,Electronics,UPI,6,11.7,67.76,0,97.1,636,48,0
1865,2024-02-11,2025-05-06,Other,58.0,North,Desktop,Books,UPI,5,95.69,449.37,1,1.2,505,55,0
1959,2024-07-28,2025-06-02,Female,20.0,South,Mobile,Beauty,Debit Card,6,57.59,334.47,1,46.0,337,28,0
3181,2022-03-10,2025-05-24,Male,50.0,West,Mobile,Electronics,Credit Card,6,30.79,157.61,0,1.0,1208,37,0
2728,2022-07-29,2025-04-21,Male,26.0,South,Mobile,Books,UPI,7,136.07,842.42,0,13.5,1067,70,0
1778,2023-06-26,2024-04-01,Male,45.0,Central,Mobile,Electronics,UPI,6,41.87,241.47,0,99.2,735,455,1
578,2022-09-05,2025-05-01,Female,53.0,South,Mobile,Sports,Credit Card,4,83.3,307.21,1,7.5,1029,60,0
1668,2024-08-12,2025-03-17,Female,55.0,North,Mobile,Electronics,Cash on Delivery,10,32.39,349.07,0,0.2,322,105,1
1396,2022-11-12,2025-04-28,Female,18.0,East,Mobile,Clothing,UPI,4,76.31,264.89,1,23.2,961,63,0
2184,2023-09-24,2025-04-24,Male,24.0,South,Desktop,Beauty,UPI,7,69.48,508.65,0,26.3,645,67,0
1806,2022-04-03,2025-04-25,Female,45.0,Central,Mobile,Home & Kitchen,Credit Card,8,35.24,305.78,0,76.0,1184,66,0
4353,2024-06-25,2025-04-14,Male,47.0,East,Desktop,Sports,Debit Card,8,74.97,595.04,0,58.5,370,77,0
271,2022-05-29,2025-06-14,Female,56.0,North,Mobile,Home & Kitchen,Credit Card,7,48.24,287.35,1,23.7,1128,16,0
171,2023-04-14,2025-04-14,Female,36.0,North,Desktop,Clothing,UPI,5,42.63,201.65,0,58.6,808,77,0
2042,2023-09-24,2023-11-15,Female,56.0,West,Mobile,Sports,PayPal,8,76.22,646.13,0,0.5,645,593,1
3066,2023-07-30,2025-04-22,Male,40.0,West,Desktop,Grocery,UPI,12,62.18,820.77,1,45.5,701,69,0
3497,2022-10-21,2025-06-09,Female,26.0,West,Tablet,Grocery,UPI,7,69.94,526.53,1,75.2,983,21,0
1816,2023-11-03,2024-08-17,Female,45.0,North,Mobile,Grocery,UPI,11,76.44,881.66,0,55.5,605,317,1
3568,2022-03-18,2025-04-11,Female,20.0,East,Mobile,Clothing,UPI,4,71.67,288.81,0,28.8,1200,80,0
2519,2024-07-09,2024-09-17,Female,26.0,South,Desktop,Electronics,Debit Card,4,45.98,210.73,0,30.5,356,286,1
1497,2023-01-19,2024-06-05,Female,56.0,South,Desktop,Beauty,PayPal,4,48.62,191.19,0,79.3,893,390,1
2812,2023-11-01,2025-06-19,Female,59.0,North,Desktop,Clothing,PayPal,8,66.92,522.79,0,21.3,607,11,0
1276,2022-12-11,2023-12-02,Male,59.0,East,Desktop,Electronics,Credit Card,3,42.25,128.67,0,11.5,932,576,1
3816,2023-10-23,2025-04-17,Female,61.0,West,Tablet,Clothing,Credit Card,10,74.51,673.0,2,39.8,616,74,0
1787,2023-08-15,2024-09-25,Female,25.0,Central,Mobile,Home & Kitchen,Debit Card,7,63.15,454.17,0,48.5,685,278,1
4456,2023-01-04,2024-07-14,Male,19.0,East,Desktop,Electronics,Debit Card,6,42.71,225.8,0,87.0,908,351,1
4316,2024-01-07,2025-03-04,Male,50.0,West,Desktop,Home & Kitchen,PayPal,9,47.7,442.2,0,95.6,540,118,1
3223,2023-02-13,2025-05-03,Male,53.0,Central,Desktop,Home & Kitchen,Credit Card,7,109.52,710.56,0,59.0,868,58,0
3860,2023-04-07,2025-06-20,Female,34.0,East,Mobile,Beauty,Debit Card,3,78.22,236.92,0,19.8,815,10,0
2171,2023-01-25,2024-05-31,Female,20.0,West,Desktop,Home & Kitchen,Cash on Delivery,4,104.97,390.19,0,44.2,887,395,1
2302,2024-03-26,2025-05-19,Female,22.0,East,Mobile,Grocery,Debit Card,6,52.57,352.3,0,16.3,461,42,0
2454,2023-12-29,2025-03-24,Male,38.0,North,Mobile,Beauty,Cash on Delivery,7,58.01,448.71,0,18.3,549,98,1
2457,2024-03-29,2025-05-03,Male,29.0,Central,Mobile,Electronics,Credit Card,9,56.81,548.04,0,65.7,458,58,0
296,2022-11-15,2024-07-24,Female,35.0,South,Mobile,Electronics,Cash on Delivery,7,37.27,268.51,0,75.1,958,341,1
1071,2022-12-24,2025-05-11,Male,58.0,North,Mobile,Sports,Debit Card,4,39.98,173.98,2,31.0,919,50,0
54,2024-07-17,2025-04-11,Female,51.0,South,Mobile,Grocery,Credit Card,13,24.23,281.75,0,47.9,348,80,0
4071,2022-02-08,2025-05-17,Male,58.0,North,Mobile,Electronics,PayPal,5,35.42,196.49,0,3.9,1238,44,0
4672,2024-08-20,2024-11-15,Female,23.0,South,Mobile,Grocery,Credit Card,10,57.04,643.9,2,99.5,314,227,1
3004,2023-02-10,2025-05-03,Female,58.0,North,Desktop,Home & Kitchen,Cash on Delivery,4,42.8,157.45,0,54.4,871,58,0
4383,2023-12-26,2025-04-21,Female,61.0,North,Mobile,Home & Kitchen,PayPal,6,70.71,441.18,0,80.2,552,70,0
2007,2024-07-20,2025-02-22,Male,19.0,West,Desktop,Clothing,Credit Card,6,108.01,712.76,2,12.3,345,128,1
302,2023-06-25,2025-06-04,Female,29.0,West,Mobile,Home & Kitchen,Debit Card,7,55.22,411.05,0,32.8,736,26,0
366,2023-07-26,2025-04-14,Male,61.0,Central,Desktop,Clothing,UPI,7,79.85,560.57,0,80.5,705,77,0
103,2024-02-28,2025-04-20,Male,27.0,West,Tablet,Beauty,Debit Card,13,78.46,1147.44,1,93.6,488,71,0
4479,2022-04-08,2025-04-23,Female,61.0,South,Mobile,Electronics,Debit Card,7,89.97,697.01,0,76.6,1179,68,0
2461,2022-01-22,2025-06-15,Other,18.0,South,Mobile,Beauty,Cash on Delivery,9,39.28,320.74,0,37.3,1255,15,0
3097,2022-04-26,2025-05-23,Other,45.0,Central,Mobile,Clothing,Credit Card,8,37.78,295.61,0,97.6,1161,38,0
3304,2022-08-05,2025-06-11,Male,50.0,West,Mobile,Home & Kitchen,UPI,8,59.13,496.3,1,95.0,1060,19,0
2882,2022-06-09,2025-06-01,Female,49.0,East,Mobile,Books,PayPal,9,37.84,389.94,0,37.4,1117,29,0
2939,2024-11-01,2024-12-31,Female,25.0,North,Mobile,Books,Cash on Delivery,1,24.75,25.02,0,10.3,241,181,1
1488,2024-11-21,2024-11-27,Female,50.0,West,Mobile,Clothing,UPI,4,50.79,172.84,0,50.5,221,215,1
2985,2024-03-22,2024-07-16,Female,45.0,East,Mobile,Home & Kitchen,,10,14.14,156.92,0,1.4,465,349,1
375,2023-06-28,2025-04-13,Male,48.0,West,Mobile,Home & Kitchen,UPI,11,25.23,243.38,0,78.5,733,78,0
1214,2023-12-08,2025-04-11,Female,30.0,South,Mobile,Clothing,Debit Card,4,155.3,707.63,0,64.8,570,80,0
545,2022-02-09,2024-01-05,Female,32.0,East,Desktop,Grocery,Debit Card,5,94.96,463.3,2,9.7,1237,542,1
1352,2022-05-15,2025-06-02,Female,28.0,Central,Mobile,Home & Kitchen,Credit Card,3,41.85,117.03,0,91.7,1142,28,0
292,2022-10-03,2025-06-20,Male,27.0,Central,Tablet,Clothing,PayPal,9,39.42,359.58,1,39.0,1001,10,0
3310,2024-02-24,2025-04-13,Male,45.0,South,Mobile,Beauty,Debit Card,6,88.07,557.51,1,42.6,492,78,0
390,2024-11-30,2025-06-27,Female,36.0,North,Tablet,Sports,PayPal,2,59.79,128.17,0,12.6,212,3,0
4382,2023-10-05,2024-10-26,Male,46.0,South,Desktop,Home & Kitchen,UPI,7,78.41,565.0,0,73.3,634,247,1
4568,2023-10-29,2025-05-18,Male,43.0,North,Mobile,Home & Kitchen,Cash on Delivery,8,27.52,200.0,0,7.9,610,43,0
1871,2023-12-27,2025-04-26,Female,60.0,South,Tablet,Electronics,UPI,7,24.88,182.73,0,93.6,551,65,0
3341,2022-07-02,2025-06-22,Female,43.0,North,Mobile,Clothing,Credit Card,8,25.67,216.66,0,27.3,1094,8,0
248,2022-06-14,2023-07-14,Female,47.0,East,Mobile,Home & Kitchen,Credit Card,8,38.53,329.58,1,20.1,1112,717,1
4446,2023-01-12,2025-06-27,Other,48.0,South,Mobile,Clothing,Cash on Delivery,3,22.72,66.46,0,37.0,900,3,0
2165,2024-09-08,2025-06-21,Male,57.0,South,Mobile,Grocery,Debit Card,9,33.91,293.87,0,50.6,295,9,0
2736,2022-10-20,2025-06-18,Female,43.0,North,Mobile,Grocery,Debit Card,12,77.9,889.57,0,45.3,984,12,0
3684,2023-10-06,2025-04-16,Male,45.0,North,Tablet,Beauty,PayPal,4,16.4,59.37,0,1.9,633,75,0
4663,2024-08-07,2025-05-26,Male,52.0,Central,Tablet,Clothing,PayPal,8,122.27,1058.89,0,7.8,327,35,0
411,2024-04-11,2025-05-22,Male,30.0,South,Mobile,Electronics,PayPal,7,60.73,487.78,1,98.2,445,39,0
2006,2022-11-10,2024-06-19,Female,34.0,Central,Desktop,Grocery,UPI,6,38.02,206.3,0,42.6,963,376,1
4318,2022-01-01,2024-07-20,Male,29.0,West,Mobile,Clothing,Debit Card,5,132.27,576.68,0,16.5,1276,345,1
1895,2023-08-13,2025-04-17,Female,44.0,Central,Mobile,Electronics,Credit Card,12,33.94,420.5,0,90.2,687,74,0
1185,2022-10-18,2025-04-05,Male,30.0,South,Mobile,Electronics,PayPal,7,45.98,306.38,0,43.1,986,86,0
3485,2022-09-03,2025-04-01,Female,39.0,East,Desktop,Sports,UPI,6,29.67,184.4,1,74.5,1031,90,0
833,2024-08-25,2025-04-07,Male,48.0,West,Desktop,Electronics,Debit Card,8,113.73,792.99,0,42.9,309,84,0
2228,2024-04-24,2025-06-12,Female,28.0,East,Mobile,Books,PayPal,5,34.29,161.08,0,36.3,432,18,0
1804,2024-10-21,2025-06-29,Male,56.0,North,Desktop,Clothing,Credit Card,13,64.63,862.24,0,37.9,252,1,0
691,2022-08-22,2025-04-15,Male,34.0,South,Desktop,Grocery,Credit Card,10,40.44,438.37,0,13.3,1043,76,0
4109,2024-01-27,2025-05-09,Female,19.0,Central,Mobile,Home & Kitchen,PayPal,8,44.53,315.27,0,12.1,520,52,0
3254,2022-07-18,2024-09-15,Male,55.0,East,Desktop,Electronics,UPI,7,89.08,653.67,0,12.6,1078,288,1
3063,2023-10-16,2024-02-26,Female,44.0,North,Mobile,Electronics,UPI,6,62.57,337.44,0,33.2,623,490,1
4395,2023-02-20,2025-06-21,Female,20.0,North,Mobile,Grocery,Credit Card,9,33.07,300.89,0,92.5,861,9,0
4216,2022-07-10,2024-11-28,Female,57.0,South,Mobile,Electronics,UPI,6,40.66,259.6,1,92.7,1086,214,1
1076,2024-01-04,2025-04-29,Male,53.0,Central,Mobile,Clothing,PayPal,3,70.15,190.37,1,27.9,543,62,0
2798,2023-08-10,2025-06-16,Female,33.0,West,Tablet,Grocery,UPI,6,23.89,122.55,0,71.2,690,14,0
3259,2022-05-05,2025-04-25,Male,27.0,West,Tablet,Grocery,UPI,11,16.87,188.49,1,1.6,1152,66,0
2440,2024-05-16,2024-11-17,Male,24.0,Central,Mobile,Beauty,Cash on Delivery,6,30.45,184.86,0,15.2,410,225,1
2112,2023-10-16,2024-02-04,Male,37.0,East,Mobile,Clothing,UPI,8,88.5,793.36,2,98.7,623,512,1
770,2024-11-28,2025-06-13,Female,64.0,East,Mobile,Home & Kitchen,PayPal,6,63.61,401.24,0,61.6,214,17,0
2799,2024-10-23,2025-06-28,Other,52.0,South,Mobile,Home & Kitchen,PayPal,4,108.1,460.1,0,37.9,250,2,0
3504,2023-10-04,2024-10-03,Male,61.0,North,Tablet,Home & Kitchen,UPI,7,58.44,386.99,0,37.7,635,270,1
1947,2023-08-06,2025-02-18,Male,22.0,North,Desktop,Sports,Credit Card,7,54.01,352.85,0,52.7,694,132,1
555,2022-11-09,2025-04-20,Female,18.0,North,Mobile,Electronics,Credit Card,13,54.74,752.1,1,7.8,964,71,0
753,2023-07-12,2024-02-10,Female,28.0,East,Mobile,Beauty,Cash on Delivery,6,48.5,331.89,0,27.2,719,506,1
3873,2022-03-25,2025-05-18,Male,61.0,Central,Mobile,Clothing,Debit Card,6,47.44,293.54,0,63.4,1193,43,0
2544,2022-12-20,2024-05-15,Female,56.0,South,Mobile,Home & Kitchen,Credit Card,11,56.08,559.56,0,17.3,923,411,1
1042,2024-01-13,2025-04-29,Female,58.0,East,Desktop,Clothing,PayPal,5,98.28,456.8,0,62.9,534,62,0
3946,2024-05-18,2025-06-06,Male,35.0,East,Mobile,Home & Kitchen,Credit Card,10,52.07,532.68,0,84.5,408,24,0
4724,2023-11-25,2025-05-11,Male,33.0,East,Mobile,Electronics,Debit Card,7,69.44,475.64,0,61.8,583,50,0
364,2023-07-25,2024-06-10,Female,33.0,East,Desktop,Home & Kitchen,UPI,8,85.6,697.1,1,59.0,706,385,1
3651,2024-02-03,2025-05-29,Female,63.0,East,Mobile,Grocery,Debit Card,8,92.54,745.09,0,53.3,513,32,0
1136,2023-10-03,2024-04-18,Male,46.0,South,Mobile,Books,Debit Card,5,44.13,219.47,0,16.7,636,438,1
3301,2022-11-03,2024-09-25,Male,35.0,East,Mobile,Sports,UPI,9,36.24,347.16,0,50.6,970,278,1
4014,2023-01-12,2024-08-05,Male,63.0,North,Mobile,Grocery,Debit Card,5,67.51,315.42,1,46.0,900,329,1
551,2022-03-05,2025-05-26,Female,36.0,Central,Mobile,Sports,Debit Card,6,57.04,338.07,0,58.6,1213,35,0
3020,2022-04-14,2025-06-23,Female,38.0,North,Mobile,Grocery,Credit Card,8,47.34,323.59,0,82.4,1173,7,0
4710,2023-07-20,2025-04-23,Female,54.0,Central,Desktop,Home & Kitchen,UPI,8,51.81,410.6,0,79.8,711,68,0
1623,2024-07-02,2025-04-18,Female,53.0,Central,Tablet,Electronics,UPI,7,56.1,401.51,0,97.5,363,73,0
3960,2023-05-31,2025-03-22,Male,24.0,South,Desktop,Sports,UPI,6,70.72,431.73,0,13.3,761,100,1
2633,2023-07-02,2023-08-01,Male,21.0,West,Desktop,Grocery,Credit Card,4,51.06,208.55,0,25.9,729,699,1
3754,2024-12-05,2025-02-23,Female,59.0,East,Mobile,Beauty,Debit Card,9,19.73,189.87,1,12.1,207,127,1
3882,2024-08-13,2025-05-27,Female,34.0,South,Mobile,Electronics,UPI,10,29.06,307.78,0,82.8,321,34,0
843,2024-04-29,2025-06-29,Male,52.0,East,Desktop,Clothing,Cash on Delivery,5,67.44,372.23,0,76.9,427,1,0
2496,2022-05-18,2025-04-03,Female,31.0,East,Mobile,Sports,UPI,4,81.48,285.8,1,17.5,1139,88,0
2069,2023-12-14,2025-06-13,Male,36.0,North,Mobile,Grocery,PayPal,4,72.08,275.39,0,18.9,564,17,0
4835,2022-08-02,2025-05-31,Female,52.0,West,Mobile,Books,Debit Card,11,34.37,377.91,0,97.9,1063,30,0
880,2022-02-01,2024-06-20,Male,43.0,South,Desktop,Sports,Debit Card,12,46.82,489.7,0,64.0,1245,375,1
4512,2022-12-10,2024-09-22,Male,45.0,Central,Mobile,Home & Kitchen,Credit Card,5,44.67,203.8,0,84.0,933,281,1
2742,2023-12-21,2025-05-29,Male,46.0,North,Tablet,Home & Kitchen,Cash on Delivery,9,89.67,919.7,1,57.0,557,32,0
864,2022-03-31,2023-08-17,Male,27.0,West,Mobile,Electronics,Debit Card,7,35.76,262.51,1,65.8,1187,683,1
3569,2024-02-08,2025-04-11,Female,61.0,Central,Tablet,Clothing,Cash on Delivery,6,77.87,406.44,0,51.9,508,80,0
3256,2023-12-06,2025-04-18,Male,64.0,West,Mobile,Electronics,Debit Card,7,49.82,347.98,0,24.0,572,73,0
2403,2023-11-06,2025-04-18,Male,48.0,West,Mobile,Grocery,PayPal,7,59.64,437.81,0,62.0,602,73,0
2060,2022-10-05,2025-06-26,Female,44.0,West,Desktop,Beauty,PayPal,7,46.98,297.87,1,47.3,999,4,0
4405,2024-09-14,2025-05-14,Other,52.0,North,Mobile,Beauty,PayPal,10,51.03,444.8,0,11.0,289,47,0
1912,2023-04-22,2024-10-07,Female,42.0,East,Desktop,Grocery,Credit Card,5,80.55,411.71,2,95.1,800,266,1
2739,2022-01-18,2025-04-19,Female,34.0,South,Desktop,Home & Kitchen,Credit Card,9,146.58,1233.24,0,82.5,1259,72,0
4101,2024-09-17,2025-05-09,Female,36.0,Central,Desktop,Clothing,PayPal,11,67.06,682.17,0,35.0,286,52,0
1074,2022-09-27,2025-04-26,Male,19.0,East,Mobile,Grocery,Credit Card,8,57.71,448.79,0,63.8,1007,65,0
1754,2024-10-17,2025-05-28,Male,51.0,East,Mobile,Grocery,Debit Card,7,28.81,225.67,1,18.2,256,33,0
1160,2024-11-05,2025-05-30,Male,61.0,East,Desktop,Electronics,Cash on Delivery,5,25.01,121.45,1,22.0,237,31,0
59,2023-03-06,2025-05-26,Male,35.0,East,Desktop,Electronics,Debit Card,7,59.62,379.12,0,8.3,847,35,0
1327,2024-09-01,2025-04-13,Male,42.0,East,Mobile,Beauty,Credit Card,8,110.4,897.23,0,45.6,302,78,0
4264,2024-09-15,2025-05-19,Male,52.0,East,Desktop,Clothing,UPI,10,31.7,327.76,0,40.3,288,42,0
2295,2023-07-29,2025-05-29,Male,54.0,Central,Mobile,Sports,UPI,6,96.71,612.07,0,5.9,702,32,0
2970,2024-07-14,2025-04-28,Female,47.0,South,Mobile,Grocery,Cash on Delivery,4,27.32,102.79,0,97.8,351,63,0
1239,2024-02-18,2025-05-31,Female,51.0,East,Desktop,Home & Kitchen,Credit Card,9,44.15,342.92,1,9.5,498,30,0
2399,2022-01-14,2025-06-05,Female,56.0,South,Desktop,Grocery,Credit Card,10,18.18,190.54,0,2.3,1263,25,0
3095,2022-03-19,2024-11-24,Male,44.0,South,Mobile,Electronics,UPI,5,76.01,352.5,0,21.7,1199,218,1
4397,2023-12-31,2025-01-21,Male,24.0,West,Mobile,Beauty,Debit Card,9,41.16,336.13,0,98.3,547,160,1
3385,2023-06-14,2025-05-29,Male,18.0,North,Desktop,Home & Kitchen,UPI,9,51.7,435.64,0,47.5,747,32,0
1514,2022-05-19,2025-05-26,Male,58.0,East,Tablet,Grocery,,8,56.68,507.0,0,2.8,1138,35,0
2197,2022-04-04,2024-05-15,Male,24.0,North,Mobile,Home & Kitchen,PayPal,11,24.44,272.3,0,46.9,1183,411,1
3507,2024-07-14,2025-06-14,Other,59.0,Central,Mobile,Beauty,PayPal,10,30.58,340.39,0,62.2,351,16,0
2713,2022-09-29,2025-05-02,Male,63.0,North,Desktop,Clothing,Debit Card,5,40.57,219.55,1,9.0,1005,59,0
1069,2022-09-24,2024-10-27,Male,35.0,Central,Tablet,Electronics,PayPal,9,55.32,456.01,0,75.3,1010,246,1
2196,2024-04-27,2025-04-22,Male,47.0,South,Mobile,Clothing,UPI,7,22.7,141.15,0,17.7,429,69,0
3846,2024-03-07,2025-06-02,Female,64.0,West,Mobile,Electronics,Credit Card,5,34.16,148.75,1,25.2,480,28,0
77,2022-05-16,2025-05-07,Female,38.0,West,Tablet,Beauty,Credit Card,7,49.81,321.08,0,42.9,1141,54,0
517,2023-11-20,2025-06-16,Male,42.0,East,Mobile,Clothing,Debit Card,4,60.2,216.53,1,24.2,588,14,0
3895,2023-01-12,2025-04-26,Female,27.0,East,Mobile,Home & Kitchen,Debit Card,7,41.43,282.93,0,3.1,900,65,0
1800,2022-10-23,2024-12-23,Male,51.0,North,Mobile,Grocery,UPI,3,36.76,114.88,0,65.5,981,189,1
4851,2023-05-08,2025-04-11,Other,36.0,North,Mobile,Grocery,Credit Card,8,44.66,408.1,0,78.3,784,80,0
4139,2024-09-14,2025-04-07,Female,50.0,West,Mobile,Beauty,UPI,9,43.87,438.73,0,8.2,289,84,0
2501,2023-12-04,2025-04-15,Female,49.0,South,Mobile,Electronics,Credit Card,5,48.35,260.29,0,62.6,574,76,0
4846,2023-10-27,2024-12-30,Male,29.0,North,Desktop,Electronics,Credit Card,7,88.36,538.82,0,9.0,612,182,1
4865,2023-09-11,2023-11-26,Male,44.0,East,Desktop,Home & Kitchen,Credit Card,5,80.83,379.32,0,34.9,658,582,1
193,2024-08-14,2025-04-20,Female,45.0,West,Mobile,Beauty,Debit Card,6,41.94,236.35,0,81.2,320,71,0
3788,2022-12-22,2025-06-15,Male,29.0,West,Mobile,Electronics,PayPal,6,42.54,239.59,0,93.4,921,15,0
1039,2024-06-27,2024-09-11,Male,54.0,West,Mobile,Beauty,Credit Card,6,159.78,1004.8,1,77.4,368,292,1
2179,2023-08-03,2025-05-18,Female,60.0,Central,Mobile,Clothing,Debit Card,3,64.16,166.77,0,34.0,697,43,0
1960,2023-06-11,2025-04-21,Female,28.0,East,Mobile,Electronics,UPI,6,33.59,202.63,1,68.9,750,70,0
4550,2022-06-20,2025-03-22,Female,40.0,South,Mobile,Electronics,Debit Card,6,46.85,285.93,0,2.5,1106,100,1
4125,2022-12-23,2024-02-19,Female,18.0,South,Tablet,Grocery,Debit Card,5,42.14,221.21,0,16.9,920,497,1
2506,2022-12-24,2025-01-30,Male,18.0,Central,Desktop,Beauty,Cash on Delivery,6,75.15,419.08,0,37.5,919,151,1
1304,2024-06-24,2024-10-16,Female,59.0,South,Mobile,Beauty,UPI,5,67.71,306.87,0,95.5,371,257,1
627,2023-05-10,2025-05-20,Male,21.0,West,Desktop,Clothing,UPI,7,16.54,103.95,0,74.9,782,41,0
3055,2024-09-19,2025-04-08,Female,46.0,South,Desktop,Grocery,Debit Card,6,131.4,837.76,0,5.4,284,83,0
4458,2023-04-14,2025-04-14,Male,48.0,South,Mobile,Home & Kitchen,Debit Card,9,33.14,315.73,0,80.8,808,77,0
1100,2022-03-05,2023-12-17,Male,58.0,South,Tablet,Books,PayPal,10,76.01,782.99,0,21.5,1213,561,1
4527,2024-06-30,2025-06-06,Female,54.0,West,Desktop,Sports,PayPal,5,66.53,286.72,1,79.9,365,24,0
1909,2022-04-14,2025-06-03,Male,24.0,South,Mobile,Grocery,Credit Card,4,67.59,258.1,0,70.9,1173,27,0
4817,2022-06-09,2024-10-10,Female,,South,Mobile,Books,UPI,5,43.85,244.82,1,5.9,1117,263,1
3827,2022-02-21,2023-10-27,Male,33.0,Central,Desktop,Grocery,Debit Card,11,127.22,1485.08,0,46.3,1225,612,1
4179,2024-04-10,2024-08-16,Male,29.0,West,Mobile,Clothing,UPI,7,29.51,222.39,1,17.9,446,318,1
1911,2023-04-08,2025-05-25,Male,37.0,North,Mobile,Books,UPI,7,60.05,367.94,0,48.2,814,36,0
2199,2022-10-26,2025-05-08,Female,24.0,Central,Desktop,Electronics,UPI,4,50.3,183.5,0,43.7,978,53,0
4449,2023-03-08,2025-04-09,Male,31.0,East,Desktop,Clothing,UPI,8,45.7,366.51,0,93.5,845,82,0
3661,2024-05-13,2025-03-09,Female,51.0,South,Desktop,Electronics,UPI,11,28.64,307.35,1,72.6,413,113,1
4913,2023-10-16,2025-04-08,Female,33.0,South,Desktop,Clothing,Cash on Delivery,5,33.07,152.02,0,51.8,623,83,0
310,2022-04-01,2025-06-26,Male,52.0,Central,Mobile,Clothing,Debit Card,10,36.09,379.42,0,26.9,1186,4,0
1413,2023-02-02,2025-05-22,Male,34.0,West,Mobile,Clothing,Credit Card,10,33.94,352.83,2,14.1,879,39,0
776,2022-07-06,2023-11-19,Male,47.0,West,Mobile,Sports,Debit Card,4,48.77,186.53,0,76.1,1090,589,1
485,2022-10-11,2024-08-22,Female,40.0,East,Tablet,Beauty,Debit Card,7,73.95,571.45,0,39.6,993,312,1
4616,2024-02-14,2024-08-16,Male,53.0,East,Desktop,Clothing,Cash on Delivery,7,21.1,169.01,1,52.9,502,318,1
368,2024-11-09,2025-01-09,Female,53.0,Central,Mobile,Clothing,UPI,4,58.37,214.28,0,76.8,233,172,1
571,2024-02-08,2025-04-13,Female,46.0,South,Mobile,Electronics,PayPal,6,92.76,589.65,1,57.8,508,78,0
3038,2023-08-28,2024-04-13,Other,26.0,Central,Desktop,Sports,UPI,7,43.13,312.8,0,90.7,672,443,1
650,2023-09-20,2025-04-23,Female,46.0,South,Mobile,Electronics,UPI,10,79.86,842.01,1,89.2,649,68,0
2867,2023-05-16,2024-12-02,Female,36.0,South,Mobile,Electronics,Debit Card,6,34.76,185.52,0,37.4,776,210,1
442,2023-02-03,2025-05-09,Other,53.0,Central,Mobile,Books,UPI,9,37.61,298.23,0,42.3,878,52,0
1594,2022-09-16,2025-06-26,Male,26.0,North,Mobile,Clothing,UPI,4,51.76,216.94,0,24.9,1018,4,0
2264,2024-03-23,2025-06-13,Male,21.0,North,Mobile,Grocery,UPI,8,54.82,387.85,1,8.3,464,17,0
897,2023-04-26,2025-05-28,Male,55.0,North,Desktop,Grocery,Credit Card,7,64.74,386.2,0,46.7,796,33,0
3829,2022-10-25,2023-11-07,Female,35.0,Central,Mobile,Sports,Debit Card,2,58.21,118.64,1,18.5,979,601,1
1542,2022-03-16,2025-04-09,Male,36.0,East,Mobile,Beauty,Credit Card,5,38.01,206.46,1,64.1,1202,82,0
1405,2024-06-28,2025-05-16,Female,38.0,West,Mobile,Clothing,Debit Card,5,74.49,341.5,1,77.2,367,45,0
3460,2023-08-25,2024-10-01,Female,37.0,East,Mobile,Beauty,UPI,5,21.55,100.61,0,34.2,675,272,1
2893,2024-08-10,2025-05-08,Female,60.0,North,Desktop,Home & Kitchen,PayPal,7,57.27,441.61,0,9.3,324,53,0
4227,2023-04-15,2025-03-19,Male,48.0,North,Mobile,Clothing,UPI,6,20.79,106.16,0,92.8,807,103,1
3744,2024-08-26,2025-05-24,Male,26.0,North,Tablet,Books,Credit Card,5,43.2,196.98,1,18.8,308,37,0
4940,2022-09-25,2025-04-03,Female,31.0,South,Tablet,Clothing,Credit Card,8,71.1,521.2,0,12.2,1009,88,0
2910,2022-11-05,2025-06-18,Male,47.0,South,Mobile,Home & Kitchen,UPI,3,46.05,146.77,0,40.1,968,12,0
2032,2024-11-11,2025-03-07,Female,48.0,West,Desktop,Electronics,Debit Card,6,28.52,182.47,1,74.3,231,115,1
946,2024-09-16,2025-06-25,Male,60.0,North,Mobile,Home & Kitchen,Credit Card,8,54.46,380.34,0,0.4,287,5,0
1690,2023-02-07,2025-05-07,Female,45.0,South,Desktop,Books,UPI,8,66.71,534.44,0,67.6,874,54,0
4337,2024-07-20,2025-06-19,Female,23.0,South,Mobile,Clothing,Credit Card,11,72.99,886.39,1,77.4,345,11,0
73,2022-03-07,2024-01-29,Male,25.0,South,Mobile,Books,UPI,4,98.55,441.79,1,96.6,1211,518,1
4180,2022-02-08,2025-06-24,Male,52.0,Central,Mobile,Clothing,Cash on Delivery,10,28.65,306.54,0,43.8,1238,6,0
3316,2024-04-05,2025-05-12,Female,41.0,East,Desktop,Clothing,PayPal,9,47.27,381.63,0,0.8,451,49,0
995,2024-01-20,2025-06-03,Male,39.0,South,Desktop,Home & Kitchen,PayPal,8,38.31,303.08,0,16.7,527,27,0
763,2022-07-07,2024-03-03,Male,42.0,Central,Mobile,Sports,UPI,5,85.88,420.5,0,32.6,1089,484,1
2138,2023-05-09,2025-04-02,Female,55.0,Central,Desktop,Home & Kitchen,Credit Card,6,80.43,512.66,1,98.6,783,89,0
174,2023-11-08,2025-05-11,Male,18.0,Central,Mobile,Electronics,PayPal,4,73.68,329.52,1,17.9,600,50,0
2066,2024-02-09,2025-06-09,Female,33.0,West,Mobile,Beauty,Debit Card,6,71.14,473.17,0,33.4,507,21,0
1735,2023-10-16,2025-04-10,Male,49.0,South,Mobile,Grocery,PayPal,6,49.79,322.74,0,3.4,623,81,0
4501,2023-08-06,2025-06-18,Female,64.0,Central,Mobile,Electronics,Cash on Delivery,7,119.76,887.79,0,4.1,694,12,0
3934,2023-08-31,2025-06-01,Male,27.0,South,Desktop,Beauty,Debit Card,7,44.3,279.16,0,30.4,669,29,0
2512,2024-04-09,2024-05-25,Female,24.0,West,Desktop,Books,Debit Card,13,42.67,511.86,0,45.2,447,401,1
3642,2022-04-04,2025-06-29,Female,50.0,South,Mobile,Home & Kitchen,UPI,7,41.64,314.77,0,41.4,1183,1,0
2352,2022-09-29,2025-05-31,Female,29.0,North,Mobile,Clothing,PayPal,7,32.52,204.62,0,54.5,1005,30,0
1776,2024-06-01,2025-05-08,Male,46.0,West,Mobile,Beauty,Debit Card,6,80.69,475.3,0,48.4,394,53,0
4018,2022-08-23,2025-05-03,Female,40.0,East,Mobile,Grocery,UPI,10,26.19,228.51,1,94.9,1042,58,0
839,2024-11-06,2025-04-13,Female,28.0,East,Desktop,Electronics,PayPal,3,33.23,97.5,0,44.5,236,78,0
865,2023-10-14,2024-10-09,Male,29.0,South,Mobile,Clothing,Credit Card,6,32.62,185.48,0,78.9,625,264,1
3352,2022-05-15,2025-06-18,Male,48.0,West,Mobile,Books,UPI,12,69.67,711.68,1,86.2,1142,12,0
3446,2024-05-07,2025-04-08,Female,49.0,East,Desktop,Home & Kitchen,Credit Card,6,40.99,280.38,0,65.4,419,83,0
1904,2023-07-11,2025-01-21,Male,59.0,Central,Mobile,Clothing,UPI,6,19.62,133.38,2,81.0,720,160,1
299,2023-03-08,2025-04-12,Female,53.0,East,Mobile,Home & Kitchen,Cash on Delivery,5,104.99,551.31,0,64.8,845,79,0
372,2022-08-25,2025-04-12,Male,29.0,North,Tablet,Beauty,UPI,3,22.34,73.49,0,94.3,1040,79,0
1900,2024-09-08,2025-04-13,Female,49.0,Central,Desktop,Beauty,Debit Card,9,16.74,133.53,0,57.2,295,78,0
1294,2022-12-29,2025-04-23,Female,30.0,West,Mobile,Clothing,PayPal,9,38.36,374.59,1,16.1,914,68,0
267,2022-09-26,2025-05-25,Female,51.0,South,Mobile,Beauty,Debit Card,6,16.54,113.09,0,22.0,1008,36,0
3204,2023-02-25,2025-06-15,Female,49.0,North,Mobile,Electronics,UPI,11,24.34,290.52,0,65.1,856,15,0
1785,2023-02-03,2025-04-26,Female,59.0,Central,Mobile,Grocery,Credit Card,6,39.58,228.89,1,99.9,878,65,0
1030,2022-11-13,2025-05-19,Female,59.0,North,Desktop,Home & Kitchen,Credit Card,5,67.71,294.58,0,13.9,960,42,0
520,2024-08-15,2025-06-25,Male,29.0,North,Desktop,Electronics,Credit Card,9,65.72,621.58,1,38.5,319,5,0
2805,2023-07-23,2025-04-08,Female,35.0,North,Mobile,Home & Kitchen,Credit Card,8,53.57,427.25,0,92.3,708,83,0
2447,2024-11-03,2025-01-24,Male,51.0,East,Mobile,Clothing,Debit Card,5,93.85,507.86,1,23.3,239,157,1
2706,2024-05-29,2025-04-28,Female,18.0,East,Desktop,Electronics,Credit Card,5,44.86,245.84,0,12.5,397,63,0
1915,2024-04-26,2025-06-18,Male,41.0,North,Desktop,Sports,Debit Card,4,131.95,557.74,0,25.3,430,12,0
3467,2022-07-02,2025-06-29,Male,58.0,Central,Desktop,Electronics,UPI,6,27.41,179.03,0,13.0,1094,1,0
3701,2024-11-01,2025-04-06,Female,25.0,North,Desktop,Electronics,UPI,4,75.23,288.48,0,44.2,241,85,0
1610,2024-03-26,2025-01-16,Female,43.0,North,Mobile,Grocery,PayPal,5,45.26,228.85,0,94.7,461,165,1
3731,2022-03-15,2024-03-12,Male,36.0,Central,Desktop,Sports,Debit Card,7,44.66,306.99,1,47.1,1203,475,1
3179,2024-07-13,2025-05-14,Female,62.0,North,Mobile,Grocery,PayPal,6,46.2,271.37,0,98.1,352,47,0
396,2023-10-05,2024-02-01,Female,53.0,West,Desktop,Clothing,Debit Card,7,22.34,161.98,1,89.6,634,515,1
95,2024-10-07,2025-06-13,Female,,Central,Mobile,Clothing,PayPal,6,21.82,147.58,1,19.9,266,17,0
2660,2024-09-26,2025-06-19,Female,28.0,East,Mobile,Clothing,UPI,6,78.68,429.81,0,49.1,277,11,0
4320,2022-06-27,2025-04-14,Female,49.0,East,Mobile,Clothing,Credit Card,7,67.61,538.66,0,73.8,1099,77,0
1786,2024-01-13,2024-12-22,Female,62.0,South,Mobile,Clothing,UPI,7,19.79,159.2,1,75.9,534,190,1
1984,2023-07-01,2025-06-09,Female,24.0,West,Mobile,Clothing,Debit Card,7,43.03,256.05,0,17.6,730,21,0
1937,2022-03-16,2025-06-15,Male,64.0,South,Desktop,Grocery,Debit Card,10,65.22,659.19,1,51.5,1202,15,0
4045,2024-05-27,2024-06-04,Male,33.0,West,Mobile,Sports,UPI,8,119.9,1067.4,1,43.5,399,391,1
2972,2024-08-06,2025-02-20,Male,54.0,South,Mobile,Electronics,Credit Card,4,102.08,444.52,0,94.9,328,130,1
4152,2022-11-19,2025-06-15,Male,45.0,West,Desktop,Home & Kitchen,Credit Card,12,51.05,660.82,0,58.9,954,15,0
2841,2022-08-30,2025-04-28,Male,,Central,Mobile,Electronics,Debit Card,9,55.23,442.1,1,38.7,1035,63,0
3218,2022-01-08,2023-07-20,Male,62.0,West,Mobile,Home & Kitchen,PayPal,6,44.47,296.61,2,30.5,1269,711,1
4712,2024-03-21,2024-09-14,Male,27.0,West,Desktop,Home & Kitchen,Debit Card,11,75.14,768.18,0,77.2,466,289,1
3171,2024-10-06,2025-06-10,Female,38.0,West,Mobile,Electronics,Debit Card,12,64.82,732.55,0,75.8,267,20,0
2917,2023-11-18,2025-06-24,Female,63.0,South,Mobile,Beauty,Debit Card,9,88.99,829.63,0,36.8,590,6,0
3211,2022-07-16,2025-04-18,Male,29.0,North,Tablet,Beauty,UPI,7,80.29,518.86,0,45.8,1080,73,0
882,2024-04-19,2025-01-23,Female,22.0,East,Desktop,Home & Kitchen,PayPal,10,43.81,501.1,0,31.9,437,158,1
1432,2023-08-07,2025-05-12,Female,41.0,Central,Mobile,Books,Credit Card,5,48.45,229.14,1,78.0,693,49,0
3042,2022-05-05,2025-04-13,Other,19.0,North,Desktop,Sports,Debit Card,9,88.76,709.72,0,88.2,1152,78,0
3003,2022-09-25,2025-05-09,Male,53.0,South,Desktop,Clothing,Credit Card,10,48.43,435.86,1,70.9,1009,52,0
113,2023-08-25,2025-05-09,Female,56.0,South,Mobile,Clothing,PayPal,7,94.54,695.49,0,69.3,675,52,0
2366,2022-01-26,2025-05-21,Male,60.0,North,Tablet,Home & Kitchen,PayPal,4,31.36,107.28,0,31.9,1251,40,0
1322,2024-08-05,2025-04-29,Male,31.0,North,Tablet,Beauty,UPI,6,74.65,403.95,0,9.8,329,62,0
3307,2023-12-06,2025-04-05,Male,27.0,South,Tablet,Clothing,PayPal,11,80.25,822.66,0,19.0,572,86,0
2577,2023-02-04,2025-04-01,Other,59.0,North,Mobile,Electronics,UPI,7,67.41,421.78,0,22.4,877,90,0
948,2023-05-01,2023-10-04,Female,45.0,West,Tablet,Home & Kitchen,UPI,5,75.46,357.53,0,18.5,791,635,1
4298,2024-03-31,2025-04-15,Male,33.0,North,Desktop,Grocery,Credit Card,7,168.89,1259.09,0,37.9,456,76,0
1588,2024-11-16,2025-05-28,Male,23.0,Central,Mobile,Electronics,UPI,4,40.23,167.36,0,80.1,226,33,0
1178,2023-11-27,2024-05-31,Male,26.0,North,Tablet,Home & Kitchen,Debit Card,6,71.23,372.75,0,62.8,581,395,1
2642,2023-05-27,2023-08-27,Male,56.0,North,Desktop,Beauty,Credit Card,8,54.64,476.92,0,91.6,765,673,1
3625,2022-07-27,2025-04-12,Male,46.0,East,Desktop,Books,UPI,8,60.07,532.26,0,35.6,1069,79,0
2593,2023-04-06,2025-05-17,Female,58.0,North,Mobile,Beauty,Credit Card,8,34.57,266.21,0,35.6,816,44,0
631,2024-09-02,2025-03-15,Female,56.0,North,Mobile,Electronics,Cash on Delivery,8,23.32,188.33,0,20.5,301,107,1
3733,2022-07-06,2025-05-10,Male,64.0,Central,Tablet,Clothing,Credit Card,6,63.26,351.3,0,67.2,1090,51,0
3527,2023-10-22,2025-05-07,Other,50.0,North,Mobile,Clothing,UPI,7,50.15,388.85,0,3.6,617,54,0
4722,2024-10-20,2025-06-02,Male,37.0,West,Mobile,Home & Kitchen,Debit Card,6,54.86,290.76,0,38.3,253,28,0
1615,2022-02-23,2025-04-22,Male,41.0,North,Desktop,Grocery,Debit Card,9,68.69,645.65,0,10.6,1223,69,0
3334,2023-04-12,2025-06-16,Male,63.0,South,Desktop,Clothing,Debit Card,7,48.12,376.91,1,32.2,810,14,0
4994,2024-09-16,2024-11-21,Female,46.0,South,Tablet,Beauty,Debit Card,8,55.81,463.63,0,19.0,287,221,1
2157,2023-01-26,2025-06-09,Male,55.0,West,Mobile,Grocery,UPI,9,54.21,560.12,1,13.8,886,21,0
1743,2022-07-18,2025-06-27,Female,49.0,South,Desktop,Electronics,UPI,7,42.38,340.34,0,7.0,1078,3,0
4229,2024-02-20,2024-12-13,Male,59.0,West,Mobile,Electronics,Credit Card,12,65.38,704.11,1,89.1,496,199,1
3439,2024-04-07,2025-04-20,Female,27.0,West,Desktop,Grocery,Cash on Delivery,7,67.28,416.45,1,76.1,449,71,0
1878,2023-04-06,2025-01-23,Female,64.0,South,Desktop,Sports,UPI,7,79.37,557.0,0,83.4,816,158,1
3500,2022-06-15,2025-04-19,Female,33.0,South,Desktop,Clothing,PayPal,5,36.66,157.37,0,0.9,1111,72,0
2090,2022-08-20,2024-07-05,Male,32.0,South,Mobile,Grocery,PayPal,4,66.42,295.73,0,50.7,1045,360,1
4465,2022-10-26,2025-04-09,Female,20.0,North,Mobile,Grocery,Cash on Delivery,8,47.52,435.41,1,37.6,978,82,0
2163,2023-01-21,2025-04-28,Male,54.0,Central,Mobile,Electronics,UPI,5,42.04,235.59,0,36.9,891,63,0
3656,2024-03-30,2025-05-05,Male,27.0,Central,Desktop,Home & Kitchen,Debit Card,6,51.16,348.99,2,63.4,457,56,0
1924,2024-09-04,2025-02-12,Male,63.0,North,Mobile,Home & Kitchen,Credit Card,5,39.67,184.35,0,12.8,299,138,1
288,2024-12-19,2025-05-01,Female,32.0,Central,Tablet,Sports,PayPal,6,38.03,232.84,0,88.0,193,60,0
3475,2023-06-18,2024-12-29,Female,21.0,North,Mobile,Grocery,Credit Card,3,86.47,262.97,1,56.2,743,183,1
4345,2022-05-29,2025-05-07,Female,41.0,North,Mobile,Home & Kitchen,Cash on Delivery,10,65.37,635.67,0,21.9,1128,54,0
3329,2023-09-13,2024-08-01,Male,18.0,West,Mobile,Grocery,UPI,9,59.13,524.96,0,79.8,656,333,1
2370,2022-06-23,2025-06-20,Female,29.0,West,Mobile,Home & Kitchen,UPI,6,43.6,271.24,0,77.8,1103,10,0
3650,2022-07-10,2023-10-27,Other,42.0,North,Desktop,Beauty,Debit Card,8,82.82,670.19,0,35.4,1086,612,1
3202,2022-07-27,2023-11-17,Female,45.0,Central,Mobile,Home & Kitchen,UPI,15,16.28,252.25,0,59.6,1069,591,1
1110,2023-10-22,2024-02-26,Male,29.0,East,Tablet,Clothing,PayPal,6,31.74,214.22,0,8.5,617,490,1
1225,2022-01-16,2025-04-01,Male,56.0,West,Desktop,Beauty,Credit Card,8,73.72,520.85,1,85.1,1261,90,0
4412,2024-11-12,2025-04-29,Male,30.0,North,Desktop,Electronics,PayPal,6,38.74,246.96,1,0.4,230,62,0
4801,2022-05-26,2024-11-11,Male,27.0,Central,Desktop,Grocery,Cash on Delivery,7,87.38,702.63,1,84.3,1131,231,1
3478,2022-08-30,2024-08-17,Female,38.0,South,Tablet,Grocery,Credit Card,6,51.03,338.04,1,64.1,1035,317,1
526,2022-06-21,2025-06-25,Male,41.0,East,Desktop,Clothing,Credit Card,7,60.7,453.8,1,61.6,1105,5,0
3468,2023-04-01,2025-06-02,Female,55.0,West,Mobile,Grocery,UPI,7,77.11,493.26,0,72.4,821,28,0
4396,2023-05-27,2025-05-19,Female,60.0,West,Tablet,Sports,Debit Card,8,35.15,278.84,2,9.6,765,42,0
3010,2022-02-14,2024-11-02,Male,61.0,West,Desktop,Electronics,Debit Card,9,46.15,468.04,1,94.9,1232,240,1
507,2024-03-09,2025-06-12,Female,56.0,East,Desktop,Beauty,Credit Card,2,53.6,91.74,0,78.7,478,18,0
4899,2022-06-10,2025-06-15,Male,62.0,Central,Desktop,Electronics,Credit Card,8,18.14,144.47,0,28.5,1116,15,0
2063,2024-02-23,2024-04-28,Female,59.0,Central,Desktop,Electronics,UPI,4,47.94,194.55,2,94.3,493,428,1
1224,2022-04-23,2024-12-30,Female,28.0,North,Mobile,Sports,Debit Card,10,92.4,884.25,1,77.0,1164,182,1
2445,2024-03-31,2025-04-12,Male,28.0,West,Tablet,Books,PayPal,3,78.5,241.51,1,71.7,456,79,0
3388,2022-02-26,2025-05-17,Female,41.0,South,Mobile,Electronics,Debit Card,9,47.87,459.74,0,75.0,1220,44,0
2792,2023-06-21,2024-05-26,Other,28.0,South,Desktop,Electronics,Credit Card,6,26.98,177.56,0,88.6,740,400,1
1696,2024-10-26,2025-05-23,Male,60.0,West,Desktop,Grocery,UPI,7,51.28,326.22,0,67.0,247,38,0
1450,2023-04-28,2024-03-24,Female,54.0,South,Mobile,Books,Debit Card,3,31.83,81.93,1,49.0,794,463,1
1627,2023-02-14,2025-05-05,Male,42.0,South,Desktop,Home & Kitchen,UPI,7,81.8,537.64,1,15.7,867,56,0
1265,2022-08-05,2025-05-02,Male,36.0,North,Desktop,Grocery,UPI,4,65.52,283.94,1,99.8,1060,59,0
4423,2023-12-13,2025-06-06,Female,28.0,North,Mobile,Clothing,Credit Card,12,46.71,497.44,0,31.7,565,24,0
878,2024-12-13,2024-12-13,Female,55.0,East,Mobile,Grocery,Debit Card,5,90.38,398.33,1,29.2,199,199,1
3442,2022-02-22,2023-11-17,Female,29.0,South,Desktop,Electronics,Debit Card,9,30.38,293.96,0,65.0,1224,591,1
2726,2024-02-24,2025-04-19,Male,43.0,East,Mobile,Home & Kitchen,Credit Card,5,62.36,306.55,1,8.2,492,72,0
14,2023-04-22,2024-06-27,Male,20.0,South,Desktop,Grocery,Debit Card,4,51.82,205.45,0,78.3,800,368,1
482,2023-11-19,2025-05-14,Female,62.0,South,Desktop,Clothing,PayPal,7,51.54,398.59,0,2.1,589,47,0
2992,2024-04-08,2025-04-11,Female,26.0,North,Mobile,Beauty,Debit Card,9,91.08,847.82,0,66.1,448,80,0
4197,2022-05-21,2025-01-26,Male,58.0,East,Mobile,Books,Credit Card,7,83.87,554.37,0,19.8,1136,155,1
3566,2022-09-10,2025-05-22,Female,35.0,North,Mobile,Grocery,UPI,7,17.0,122.53,0,17.0,1024,39,0
2425,2023-02-14,2025-01-04,Male,27.0,South,Mobile,Home & Kitchen,Credit Card,5,105.68,573.84,0,15.5,867,177,1
3937,2024-11-18,2025-06-01,Male,32.0,West,Desktop,Electronics,UPI,8,39.13,314.13,2,50.0,224,29,0
3224,2022-07-18,2025-05-04,Male,59.0,West,Mobile,Home & Kitchen,UPI,9,71.33,682.66,0,46.9,1078,57,0
4771,2024-03-04,2024-04-28,Male,20.0,East,Mobile,Beauty,Credit Card,3,39.18,114.27,0,31.0,483,428,1
858,2023-10-22,2025-05-23,Male,22.0,South,Tablet,Electronics,Cash on Delivery,6,108.02,659.93,0,9.2,617,38,0
2552,2022-08-28,2024-07-05,Male,19.0,South,Mobile,Sports,PayPal,8,59.02,423.38,0,97.2,1037,360,1
47,2023-04-12,2024-04-05,Male,48.0,North,Desktop,Electronics,Debit Card,6,63.91,341.22,1,72.1,810,451,1
2315,2022-07-20,2025-05-29,Other,53.0,Central,Mobile,Clothing,Cash on Delivery,6,48.02,271.58,0,54.9,1076,32,0
3445,2023-06-16,2025-01-07,Other,49.0,West,Tablet,Clothing,UPI,7,48.16,368.2,0,70.7,745,174,1
2386,2024-05-12,2025-05-03,Female,41.0,North,Mobile,Home & Kitchen,Debit Card,7,51.76,413.44,0,82.7,414,58,0
900,2022-07-05,2023-11-21,Male,63.0,North,Mobile,Sports,UPI,7,72.64,539.95,0,56.2,1091,587,1
1023,2022-07-19,2025-05-29,Female,30.0,North,Desktop,Electronics,Debit Card,6,35.81,187.97,0,27.5,1077,32,0
233,2022-11-14,2024-12-29,Female,28.0,South,Mobile,Home & Kitchen,Debit Card,8,29.21,254.34,0,25.4,959,183,1
942,2024-07-24,2024-10-09,Female,41.0,North,Mobile,Electronics,Credit Card,4,19.53,82.65,0,48.4,341,264,1
4668,2022-04-25,2025-04-06,Female,35.0,West,Desktop,Beauty,Credit Card,2,49.12,87.94,0,29.2,1162,85,0
4736,2023-01-31,2025-06-12,Male,51.0,North,Mobile,Sports,PayPal,6,26.44,148.63,0,41.5,881,18,0
4877,2024-07-31,2025-06-14,Female,33.0,Central,Mobile,Grocery,Cash on Delivery,6,42.46,273.91,1,3.3,334,16,0
4422,2024-10-26,2025-06-10,Female,29.0,South,Mobile,Home & Kitchen,Credit Card,8,54.86,457.25,1,92.3,247,20,0
4669,2023-06-30,2025-06-15,Female,43.0,West,Mobile,Grocery,Debit Card,5,64.06,348.2,0,75.9,731,15,0
3130,2024-01-01,2025-05-09,Female,54.0,East,Desktop,Beauty,Credit Card,7,60.57,435.01,0,91.0,546,52,0
2222,2022-05-01,2025-04-11,Female,46.0,East,Mobile,Home & Kitchen,Credit Card,6,59.57,401.78,0,30.7,1156,80,0
1166,2023-12-19,2025-04-11,Female,62.0,South,Mobile,Home & Kitchen,UPI,9,41.82,398.22,1,52.2,559,80,0
205,2024-05-14,2025-05-07,Female,29.0,North,Mobile,Clothing,Credit Card,4,44.83,167.48,0,84.8,412,54,0
4106,2023-04-20,2025-06-17,Female,62.0,West,Desktop,Beauty,Credit Card,9,92.55,820.92,0,75.5,802,13,0
3695,2023-12-10,2025-06-05,Male,18.0,West,Mobile,Home & Kitchen,PayPal,10,75.58,752.27,0,35.2,568,25,0
4450,2024-05-08,2025-06-12,Female,21.0,East,Mobile,Electronics,UPI,8,53.74,462.35,0,81.0,418,18,0
1163,2024-09-14,2025-06-14,Male,22.0,North,Tablet,Books,Credit Card,5,41.17,207.51,0,53.8,289,16,0
3683,2023-06-20,2025-04-25,Female,22.0,South,Desktop,Home & Kitchen,PayPal,6,52.38,354.62,0,84.5,741,66,0
2730,2023-10-04,2025-06-25,Female,48.0,West,Tablet,Electronics,UPI,6,109.1,595.15,2,42.4,635,5,0
1601,2022-11-11,2025-04-22,Male,50.0,West,Mobile,Clothing,Credit Card,15,79.35,1025.69,1,62.0,962,69,0
87,2023-05-21,2025-04-22,Female,38.0,Central,Mobile,Sports,Credit Card,9,46.36,449.66,0,34.1,771,69,0
1870,2023-12-03,2025-04-07,,23.0,South,Mobile,Home & Kitchen,Credit Card,3,63.48,205.75,2,11.2,575,84,0
4829,2023-01-02,2025-05-06,Male,53.0,West,Mobile,Home & Kitchen,Credit Card,6,59.79,392.97,0,35.0,910,55,0
3888,2023-09-09,2024-07-03,Female,20.0,East,Desktop,Home & Kitchen,UPI,6,23.55,126.72,0,84.2,660,362,1
4783,2022-05-17,2023-10-08,Female,24.0,South,Desktop,Electronics,Debit Card,3,38.85,120.22,0,67.4,1140,631,1
622,2023-07-20,2025-05-15,Male,27.0,South,Mobile,Books,Cash on Delivery,5,29.82,134.89,0,32.6,711,46,0
4637,2024-10-04,2025-06-26,Male,22.0,West,Desktop,Clothing,Credit Card,8,24.64,223.76,0,87.8,269,4,0
3836,2023-05-29,2023-11-23,Male,57.0,North,Mobile,Home & Kitchen,Credit Card,10,77.18,851.38,1,47.1,763,585,1
3456,2024-11-04,2025-05-13,Male,44.0,West,Mobile,Beauty,PayPal,7,92.14,736.15,2,13.2,238,48,0
365,2022-05-23,2025-05-07,Female,47.0,South,Desktop,Grocery,Debit Card,5,34.15,159.31,0,90.2,1134,54,0
2883,2024-02-03,2025-04-27,Male,50.0,South,Mobile,Clothing,Debit Card,7,60.2,437.31,0,64.5,513,64,0
3942,2022-01-16,2023-12-15,Female,64.0,West,Desktop,Electronics,Debit Card,6,30.48,164.81,1,19.8,1261,563,1
1293,2022-06-04,2025-06-24,Female,33.0,North,Mobile,Beauty,Cash on Delivery,9,52.92,511.89,0,87.3,1122,6,0
2969,2023-03-02,2025-04-27,,29.0,East,Mobile,Home & Kitchen,PayPal,12,80.87,995.18,0,39.7,851,64,0
2938,2022-07-15,2025-05-18,Female,42.0,Central,Mobile,Home & Kitchen,Credit Card,6,43.57,223.16,0,5.8,1081,43,0
2765,2024-11-26,2025-03-04,Male,33.0,West,Tablet,Electronics,UPI,4,39.2,160.32,0,100.0,216,118,1
3748,2022-07-19,2025-04-17,Male,19.0,North,Desktop,Home & Kitchen,UPI,7,57.51,402.96,2,91.7,1077,74,0
1037,2024-01-29,2024-07-23,Male,43.0,North,Mobile,Beauty,PayPal,5,65.39,317.95,0,24.0,518,342,1
4491,2024-01-10,2025-05-27,Male,27.0,North,Mobile,Grocery,PayPal,4,23.95,101.58,0,3.9,537,34,0
1654,2022-09-23,2025-06-28,Male,48.0,East,Mobile,Home & Kitchen,UPI,8,50.05,340.62,0,29.0,1011,2,0
3035,2022-11-01,2023-09-12,Male,52.0,East,Desktop,Beauty,UPI,9,42.59,381.44,0,25.6,972,657,1
4028,2024-09-24,2025-06-16,Male,49.0,East,Mobile,Home & Kitchen,PayPal,9,35.94,316.22,0,86.2,279,14,0
4563,2024-12-14,2025-04-25,Female,39.0,Central,Desktop,Home & Kitchen,PayPal,9,120.91,973.51,0,5.3,198,66,0
2856,2022-12-08,2025-01-28,Female,26.0,West,Mobile,Clothing,UPI,6,30.58,168.35,0,16.9,935,153,1
221,2023-03-14,2025-04-22,Female,59.0,West,Tablet,Home & Kitchen,UPI,6,47.09,320.0,2,3.4,839,69,0
2402,2024-02-18,2024-10-22,Male,53.0,West,Mobile,Beauty,UPI,7,67.3,528.04,0,19.6,498,251,1
4021,2024-08-02,2024-11-19,Male,43.0,West,Mobile,Clothing,Credit Card,8,28.68,207.86,1,25.0,332,223,1
4882,2024-01-22,2025-06-07,Male,57.0,East,Tablet,Sports,UPI,8,59.73,451.55,0,9.9,525,23,0
4737,2022-02-13,2023-07-25,Female,24.0,West,Mobile,Grocery,Credit Card,8,58.02,478.36,1,74.0,1233,706,1
2957,2023-02-20,2023-09-03,Female,18.0,West,Mobile,Clothing,PayPal,10,61.0,524.25,0,45.9,861,666,1
2008,2024-02-05,2025-05-03,,30.0,West,Mobile,Home & Kitchen,Debit Card,10,76.83,862.99,0,36.7,511,58,0
2166,2023-03-04,2023-09-30,Other,57.0,Central,Mobile,Books,Credit Card,4,27.61,123.34,0,40.8,849,639,1
40,2024-02-15,2024-10-12,Male,63.0,North,Desktop,Electronics,PayPal,4,55.65,217.12,0,40.1,501,261,1
1193,2023-11-30,2025-06-03,Male,61.0,West,Mobile,Electronics,Debit Card,4,80.88,338.55,0,81.4,578,27,0
4178,2024-11-24,2025-01-12,Female,47.0,North,Desktop,Clothing,PayPal,5,23.74,133.67,1,90.9,218,169,1
4365,2024-02-23,2025-05-11,Male,64.0,South,Mobile,Clothing,PayPal,7,49.66,350.32,0,64.8,493,50,0
564,2022-12-10,2025-06-12,Male,35.0,South,Desktop,Grocery,Debit Card,6,31.8,214.39,1,81.2,933,18,0
3490,2022-04-21,2024-09-12,Male,60.0,West,Tablet,Electronics,Debit Card,8,67.52,494.87,2,41.0,1166,291,1
2539,2024-03-14,2025-04-24,Female,33.0,Central,Desktop,Electronics,Cash on Delivery,8,111.52,782.65,1,18.1,473,67,0
3542,2022-05-14,2025-04-25,Female,43.0,Central,Tablet,Grocery,Credit Card,13,45.93,676.66,0,83.7,1143,66,0
3830,2022-04-19,2025-04-25,Male,18.0,South,Desktop,Home & Kitchen,Debit Card,5,51.9,239.86,0,91.1,1168,66,0
3558,2022-02-09,2025-06-02,Female,43.0,Central,Mobile,Beauty,Cash on Delivery,6,48.21,280.03,1,55.5,1237,28,0
523,2022-02-25,2025-01-01,Female,46.0,South,Desktop,Sports,Debit Card,2,87.22,167.24,0,32.8,1221,180,1
4010,2024-04-25,2025-06-22,Male,48.0,West,Mobile,Grocery,Debit Card,4,30.82,114.31,1,76.8,431,8,0
4547,2022-02-23,2025-04-29,Male,32.0,West,Desktop,Beauty,Debit Card,6,46.27,258.54,1,24.1,1223,62,0
3046,2022-10-09,2025-05-04,Female,43.0,Central,Mobile,Grocery,UPI,4,57.87,212.69,0,49.9,995,57,0
2226,2022-04-10,2024-03-23,Male,56.0,South,Mobile,Electronics,UPI,5,72.62,357.88,0,38.2,1177,464,1
2260,2024-12-14,2025-06-26,Male,60.0,West,Desktop,Grocery,Debit Card,5,33.64,145.65,0,30.1,198,4,0
4378,2023-12-02,2024-08-25,Female,46.0,North,Mobile,Grocery,Credit Card,5,88.76,409.71,0,45.5,576,309,1
3699,2022-01-24,2025-05-18,Female,50.0,South,Tablet,Beauty,UPI,12,36.05,493.33,1,50.2,1253,43,0
3837,2022-10-27,2025-04-28,Female,36.0,North,Desktop,Electronics,UPI,5,49.0,261.34,0,86.2,977,63,0
4646,2022-07-29,2025-05-04,Female,51.0,North,Mobile,Electronics,UPI,3,32.88,104.34,0,88.9,1067,57,0
2658,2024-01-26,2025-05-31,Female,30.0,North,Mobile,Grocery,Cash on Delivery,7,89.68,660.45,0,76.2,521,30,0
4593,2024-12-07,2025-04-24,Female,34.0,North,Mobile,Electronics,Credit Card,10,127.41,1392.66,0,47.6,205,67,0
4203,2022-02-03,2025-02-14,Male,64.0,North,Mobile,Home & Kitchen,PayPal,8,29.2,215.69,0,78.8,1243,136,1
2527,2022-07-28,2023-08-15,Male,58.0,North,Mobile,Electronics,Debit Card,4,58.39,257.97,2,61.3,1068,685,1
3391,2022-11-30,2025-04-17,Male,18.0,South,Tablet,Clothing,Credit Card,5,25.82,128.48,0,89.3,943,74,0
577,2023-09-10,2025-06-27,Male,24.0,West,Mobile,Grocery,Debit Card,9,43.09,415.44,0,95.4,659,3,0
1651,2024-01-10,2024-02-25,Male,36.0,South,Mobile,Grocery,Credit Card,5,63.94,323.0,0,45.4,537,491,1
3407,2023-09-18,2025-05-06,Female,29.0,East,Mobile,Grocery,Credit Card,9,21.19,206.69,1,10.7,651,55,0
1961,2023-01-17,2025-05-09,Male,29.0,East,Mobile,Clothing,PayPal,4,85.09,337.72,0,87.3,895,52,0
4721,2022-11-19,2025-04-16,Male,27.0,North,Desktop,Sports,UPI,10,118.74,1270.8,1,9.2,954,75,0
552,2023-05-22,2024-12-04,Female,62.0,South,Mobile,Grocery,UPI,3,38.36,109.71,1,83.5,770,208,1
1636,2023-12-13,2024-10-25,Male,25.0,West,Desktop,Electronics,Credit Card,5,28.04,156.6,0,61.2,565,248,1
1275,2023-11-14,2025-04-04,Female,22.0,West,Mobile,Sports,Credit Card,15,36.39,610.42,0,51.6,594,87,0
1817,2023-10-15,2024-09-20,Male,22.0,East,Mobile,Beauty,Cash on Delivery,6,40.88,257.77,1,51.5,624,283,1
756,2024-06-15,2025-04-22,Female,44.0,Central,Mobile,Home & Kitchen,UPI,3,48.8,158.57,0,62.6,380,69,0
3766,2022-09-05,2025-05-28,Male,43.0,West,Mobile,Home & Kitchen,PayPal,3,52.67,136.87,0,23.8,1029,33,0
2635,2022-07-15,2025-06-30,Female,27.0,West,Desktop,Books,UPI,4,52.07,192.26,0,59.7,1081,0,0
1328,2024-10-23,2025-05-03,Female,30.0,West,Mobile,Beauty,UPI,10,44.3,433.73,0,95.1,250,58,0
640,2023-09-20,2024-11-21,Male,23.0,Central,Tablet,Clothing,Debit Card,8,69.45,484.03,1,24.1,649,221,1
4288,2024-08-23,2024-12-26,Female,30.0,North,Mobile,Electronics,Cash on Delivery,5,70.54,369.54,4,99.7,311,186,1
44,2023-01-29,2025-06-10,Female,34.0,West,Desktop,Grocery,Credit Card,5,46.07,231.34,1,13.4,883,20,0
8,2022-06-28,2025-02-05,Female,60.0,West,Mobile,Clothing,PayPal,9,27.08,246.03,0,93.4,1098,145,1
481,2023-07-11,2025-05-31,Female,61.0,North,Desktop,Electronics,Debit Card,9,121.66,1112.41,2,75.9,720,30,0
4622,2024-11-24,2025-03-11,Female,22.0,South,Mobile,Clothing,Cash on Delivery,9,82.71,805.01,0,44.8,218,111,1
472,2023-07-22,2025-05-22,Female,52.0,East,Mobile,Electronics,UPI,11,68.8,808.72,0,16.6,709,39,0
422,2024-11-12,2025-04-19,Female,,South,Mobile,Sports,Debit Card,10,34.88,327.25,0,60.8,230,72,0
3772,2022-08-09,2024-03-08,Female,62.0,South,Tablet,Books,Cash on Delivery,8,59.58,516.89,0,52.0,1056,479,1
3649,2023-07-04,2025-04-10,Female,48.0,South,Tablet,Sports,Debit Card,6,17.92,96.23,0,4.9,727,81,0
4391,2023-05-11,2025-05-13,Male,54.0,South,Desktop,Clothing,UPI,8,71.76,517.21,1,14.2,781,48,0
655,2023-10-09,2025-05-31,Male,21.0,South,Mobile,Beauty,UPI,7,68.14,467.48,0,26.9,630,30,0
3989,2024-08-28,2024-12-23,Male,33.0,North,Desktop,Electronics,Cash on Delivery,5,64.35,318.75,1,41.4,306,189,1
4511,2022-10-24,2024-03-13,Male,30.0,East,Desktop,Home & Kitchen,Credit Card,7,99.96,737.21,1,92.9,980,474,1
3149,2023-05-03,2025-04-17,Female,60.0,West,Mobile,Clothing,UPI,8,41.03,287.93,0,79.3,789,74,0
465,2024-05-23,2025-01-06,Female,36.0,North,Desktop,Electronics,Debit Card,7,48.15,361.93,2,74.2,403,175,1
3065,2022-03-02,2025-04-25,Female,52.0,South,Mobile,Books,PayPal,7,40.26,304.83,0,46.9,1216,66,0
1692,2022-09-14,2025-06-13,Female,56.0,Central,Mobile,Sports,Credit Card,4,23.25,99.79,1,12.5,1020,17,0
1034,2024-04-15,2024-12-30,Male,20.0,South,Mobile,Electronics,Credit Card,4,48.18,165.76,0,62.4,441,182,1
698,2022-11-02,2025-04-09,Female,30.0,North,Mobile,Clothing,PayPal,5,67.83,292.13,0,69.4,971,82,0
2231,2022-05-20,2025-04-04,Female,21.0,South,Desktop,Electronics,Credit Card,7,61.47,437.46,1,60.8,1137,87,0
4961,2023-10-19,2024-08-22,Female,62.0,East,Desktop,Grocery,Debit Card,6,57.7,310.37,0,82.1,620,312,1
3280,2022-03-29,2024-02-14,Female,44.0,South,Mobile,Grocery,Debit Card,3,40.81,118.29,1,78.4,1189,502,1
66,2024-08-04,2025-06-19,Female,51.0,Central,Mobile,Sports,Debit Card,12,63.54,743.78,0,15.6,330,11,0
3336,2023-09-08,2025-06-23,Female,28.0,West,Mobile,Clothing,Debit Card,5,43.75,204.58,0,64.5,661,7,0
3859,2024-06-26,2025-04-21,Male,29.0,South,Mobile,Home & Kitchen,PayPal,9,54.76,434.68,0,38.5,369,70,0
2481,2022-08-26,2025-05-24,Male,18.0,North,Tablet,Clothing,Debit Card,9,28.05,282.31,0,2.9,1039,37,0
1433,2022-06-21,2025-04-03,Female,48.0,Central,Mobile,Grocery,Credit Card,7,91.59,633.39,2,51.4,1105,88,0
3466,2023-11-19,2024-08-16,Female,52.0,West,Mobile,Beauty,Credit Card,2,56.14,97.12,1,68.8,589,318,1
3774,2022-04-06,2025-06-16,Female,44.0,East,Mobile,Clothing,Credit Card,8,70.63,552.03,0,34.1,1181,14,0
4105,2024-09-25,2025-06-21,Male,52.0,East,Mobile,Home & Kitchen,Cash on Delivery,9,41.73,403.74,1,46.3,278,9,0
2093,2022-02-02,2024-03-10,Male,61.0,North,Desktop,Beauty,Debit Card,6,86.26,594.93,1,16.3,1244,477,1
3062,2022-02-23,2025-05-19,Male,19.0,North,Mobile,Electronics,PayPal,5,32.99,162.85,1,47.3,1223,42,0
996,2022-07-04,2025-04-15,Male,61.0,North,Mobile,Home & Kitchen,PayPal,8,45.2,338.54,1,75.5,1092,76,0
2372,2024-12-03,2025-05-01,Female,40.0,Central,Mobile,Sports,UPI,10,32.5,310.28,0,41.8,209,60,0
4742,2022-03-22,2025-06-26,Male,43.0,South,Desktop,Home & Kitchen,Debit Card,6,30.44,206.69,0,78.8,1196,4,0
4302,2022-12-25,2025-05-26,Female,20.0,North,Mobile,Clothing,UPI,4,18.76,78.11,2,9.5,918,35,0
4734,2023-12-13,2025-04-04,Female,38.0,South,Desktop,Beauty,Debit Card,10,36.26,354.45,0,15.5,565,87,0
1781,2024-01-20,2025-05-24,Male,35.0,North,Mobile,Electronics,UPI,5,45.87,222.52,1,64.6,527,37,0
2110,2023-08-16,2025-05-17,Other,45.0,West,Mobile,Books,Debit Card,10,18.08,164.49,0,15.4,684,44,0
4375,2023-08-12,2025-04-30,Female,60.0,South,Mobile,Electronics,Cash on Delivery,11,39.82,465.18,1,47.8,688,61,0
3382,2023-12-18,2024-07-28,Male,47.0,West,Mobile,Grocery,UPI,4,64.42,293.49,1,44.2,560,337,1
130,2022-01-02,2025-04-04,Female,40.0,East,Desktop,Clothing,Credit Card,8,45.61,329.88,0,46.6,1275,87,0
3151,2023-10-17,2025-04-10,Female,24.0,Central,Desktop,Clothing,UPI,9,52.6,501.13,0,2.6,622,81,0
3396,2023-07-06,2023-10-02,Other,59.0,Central,Desktop,Electronics,PayPal,4,57.2,262.57,0,56.4,725,637,1
850,2024-09-29,2024-12-14,Female,60.0,West,Mobile,Electronics,Cash on Delivery,7,39.67,244.06,0,24.4,274,198,1
3707,2023-10-19,2025-04-03,Female,40.0,North,Mobile,Books,Debit Card,6,24.23,153.94,0,96.1,620,88,0
4254,2022-11-13,2025-04-02,Female,55.0,West,Tablet,Home & Kitchen,Debit Card,6,30.38,163.14,2,80.6,960,89,0
3644,2022-10-11,2025-06-22,Male,46.0,West,Mobile,Beauty,Debit Card,15,19.23,315.61,0,39.9,993,8,0
4452,2024-01-18,2025-04-14,Female,53.0,South,Tablet,Beauty,Credit Card,4,144.75,492.4,0,33.1,529,77,0
2286,2022-07-15,2025-05-31,Male,35.0,Central,Mobile,Grocery,Credit Card,3,18.91,64.98,0,26.5,1081,30,0
3627,2023-04-19,2025-05-03,Male,20.0,East,Desktop,Home & Kitchen,Debit Card,9,75.66,689.47,1,31.6,803,58,0
3032,2023-07-18,2024-01-27,Male,,South,Mobile,Beauty,Cash on Delivery,6,69.83,461.82,1,91.2,713,520,1
3206,2024-04-18,2025-05-17,Female,31.0,North,Mobile,Home & Kitchen,Credit Card,7,98.14,657.89,0,15.1,438,44,0
78,2023-03-09,2025-05-22,Male,37.0,North,Mobile,Electronics,Debit Card,10,48.42,544.15,1,10.4,844,39,0
4798,2022-04-11,2025-04-08,Female,28.0,East,Mobile,Clothing,Credit Card,5,147.57,715.28,0,51.5,1176,83,0
1923,2024-09-01,2024-11-01,Female,52.0,East,Tablet,Grocery,UPI,5,47.75,211.99,1,31.4,302,241,1
3941,2024-12-28,2025-01-31,Female,62.0,North,Mobile,Home & Kitchen,UPI,8,73.9,526.72,0,51.6,184,150,1
3811,2023-08-19,2025-02-05,Female,26.0,South,Mobile,Books,Cash on Delivery,8,98.42,841.39,1,25.2,681,145,1
2571,2024-07-12,2024-12-04,Male,26.0,East,Mobile,Clothing,PayPal,8,39.81,317.51,0,39.0,353,208,1
4825,2023-01-24,2025-04-26,Female,29.0,North,Mobile,Clothing,Debit Card,9,59.0,485.59,1,68.7,888,65,0
2103,2024-04-03,2025-04-17,Male,49.0,East,Desktop,Grocery,Debit Card,6,117.27,693.72,1,72.4,453,74,0
3420,2022-01-16,2025-05-30,Male,37.0,North,Mobile,Home & Kitchen,Cash on Delivery,8,41.81,371.47,0,54.4,1261,31,0
4667,2022-10-27,2025-05-01,Male,45.0,East,Desktop,Home & Kitchen,UPI,9,20.92,186.22,0,88.3,977,60,0
3698,2022-04-22,2025-06-22,Female,43.0,West,Desktop,Electronics,UPI,2,52.18,103.05,0,86.3,1165,8,0
4794,2024-03-06,2025-06-24,Male,54.0,East,Tablet,Books,Credit Card,10,33.91,357.6,0,63.0,481,6,0
1482,2024-05-09,2025-05-26,Male,20.0,West,Desktop,Electronics,UPI,9,42.63,355.51,0,37.3,417,35,0
4184,2024-07-08,2024-12-18,Male,42.0,South,Mobile,Beauty,Debit Card,10,34.77,303.0,1,7.4,357,194,1
383,2022-08-25,2023-07-16,Female,33.0,North,Mobile,Home & Kitchen,Debit Card,10,64.74,723.92,2,34.5,1040,715,1
4384,2023-03-24,2025-06-08,Female,22.0,West,Mobile,Clothing,Credit Card,9,29.03,270.59,0,12.2,829,22,0
4430,2023-10-09,2023-11-17,Female,21.0,North,Desktop,Grocery,UPI,10,39.2,403.8,0,95.6,630,591,1
4004,2024-03-18,2025-03-15,Male,36.0,North,Mobile,Sports,UPI,10,80.04,715.3,0,36.5,469,107,1
4838,2024-04-02,2024-10-28,Male,58.0,South,Mobile,Electronics,Credit Card,8,51.56,367.77,0,51.8,454,245,1
4372,2022-01-20,2025-04-13,Male,45.0,West,Mobile,Clothing,UPI,7,27.18,166.62,0,56.8,1257,78,0
559,2022-08-23,2025-04-22,Female,27.0,West,Tablet,Clothing,Credit Card,5,32.77,170.91,0,20.2,1042,69,0
836,2022-10-24,2023-09-26,Male,19.0,East,Desktop,Books,Debit Card,7,37.84,293.51,1,91.8,980,643,1
30,2022-07-29,2024-09-22,Male,25.0,West,Desktop,Beauty,Credit Card,9,42.33,361.57,0,31.9,1067,281,1
464,2024-10-30,2025-04-23,Female,46.0,West,Desktop,Grocery,PayPal,6,47.56,294.1,0,53.9,243,68,0
3529,2023-01-26,2025-04-05,Female,33.0,South,Mobile,Electronics,PayPal,7,66.6,504.91,0,51.4,886,86,0
917,2024-12-23,2025-01-17,Male,32.0,Central,Desktop,Books,PayPal,7,20.41,134.65,1,39.4,189,164,1
1826,2023-09-06,2025-04-02,Female,57.0,West,Mobile,Clothing,Cash on Delivery,5,37.8,209.38,0,50.0,663,89,0
1300,2022-11-06,2025-06-16,Female,19.0,South,Mobile,Electronics,UPI,5,93.79,427.0,1,70.6,967,14,0
4314,2022-12-14,2025-06-04,Female,46.0,Central,Mobile,Beauty,Debit Card,10,32.98,326.55,0,8.4,929,26,0
3296,2022-01-26,2025-06-18,Male,46.0,North,Desktop,Home & Kitchen,Credit Card,10,55.1,501.13,0,52.0,1251,12,0
4287,2022-10-25,2025-06-13,Female,40.0,East,Desktop,Sports,Credit Card,3,70.87,222.3,0,28.8,979,17,0
3927,2024-11-24,2025-03-28,Female,26.0,North,Tablet,Books,Credit Card,4,30.41,104.95,1,8.2,218,94,1
519,2022-12-05,2024-05-17,Other,47.0,North,Mobile,Beauty,Credit Card,7,74.18,505.26,0,82.3,938,409,1
3037,2023-05-19,2024-05-14,Male,40.0,West,Tablet,Clothing,Cash on Delivery,6,70.6,360.38,0,87.7,773,412,1
4040,2023-11-04,2023-12-01,Female,28.0,West,Mobile,Books,Credit Card,10,31.92,334.99,0,69.4,604,577,1
1873,2024-09-18,2025-06-23,Female,61.0,South,Desktop,Sports,Debit Card,4,23.75,89.64,1,43.5,285,7,0
3119,2024-03-21,2025-05-30,Male,58.0,West,Desktop,Sports,Cash on Delivery,4,55.39,193.02,2,43.8,466,31,0
596,2022-12-27,2025-05-16,Male,29.0,East,Desktop,Home & Kitchen,Cash on Delivery,8,61.0,521.43,1,65.7,916,45,0
470,2023-06-15,2025-04-15,Female,59.0,South,Desktop,Clothing,UPI,5,94.81,439.0,1,90.5,746,76,0
3152,2022-12-10,2024-01-23,Male,43.0,South,Mobile,Home & Kitchen,Credit Card,7,37.31,242.42,0,41.1,933,524,1
3111,2022-02-14,2025-05-23,Female,29.0,Central,Mobile,Sports,Debit Card,6,33.74,179.28,1,47.2,1232,38,0
4843,2024-06-26,2024-09-20,Male,39.0,East,Mobile,Electronics,Cash on Delivery,8,91.89,660.4,1,3.4,369,283,1
2416,2023-08-20,2023-11-28,Female,20.0,West,Mobile,Grocery,UPI,5,35.52,199.12,0,74.7,680,580,1
2294,2022-06-02,2025-04-24,Female,53.0,North,Mobile,Clothing,PayPal,3,64.38,168.34,0,47.1,1124,67,0
1555,2023-11-26,2025-05-23,Male,34.0,East,Mobile,Sports,PayPal,7,96.98,603.96,1,24.3,582,38,0
98,2022-08-13,2025-04-08,Male,55.0,North,Mobile,Beauty,Cash on Delivery,5,45.43,232.89,0,99.1,1052,83,0
3759,2024-10-05,2025-05-18,Male,55.0,West,Tablet,Clothing,UPI,6,20.1,121.53,0,64.6,268,43,0
3886,2023-10-23,2024-01-04,Female,22.0,South,Mobile,Electronics,Credit Card,6,18.92,103.45,0,80.9,616,543,1
2213,2024-09-27,2025-06-03,Male,56.0,South,Desktop,Sports,UPI,6,68.22,379.61,0,27.6,276,27,0
2430,2024-06-16,2025-05-13,Female,35.0,West,Tablet,Home & Kitchen,UPI,5,46.98,224.23,1,47.5,379,48,0
2246,2022-02-04,2025-05-10,Female,30.0,South,Desktop,Home & Kitchen,UPI,11,46.03,506.22,0,12.7,1242,51,0
3810,2023-03-06,2025-05-30,Male,39.0,North,Desktop,Home & Kitchen,UPI,8,103.43,720.34,0,83.7,847,31,0
2077,2022-02-16,2025-04-07,Male,48.0,Central,Desktop,Clothing,Cash on Delivery,4,49.61,225.3,0,74.6,1230,84,0
448,2022-01-12,2024-05-12,Female,24.0,North,Mobile,Electronics,PayPal,9,61.43,565.31,2,4.9,1265,414,1
4156,2024-04-29,2025-06-21,Male,44.0,South,Desktop,Grocery,Debit Card,5,34.39,174.61,2,69.0,427,9,0
1734,2022-08-06,2025-04-10,Male,34.0,Central,Desktop,Beauty,UPI,6,17.29,114.8,1,82.8,1059,81,0
1898,2024-06-24,2025-06-10,Male,50.0,Central,Desktop,Clothing,UPI,6,46.55,267.15,1,47.4,371,20,0
1018,2022-04-03,2023-12-23,Female,43.0,South,Desktop,Electronics,,7,65.11,474.78,0,35.3,1184,555,1
2869,2024-08-24,2025-04-12,Male,36.0,East,Mobile,Grocery,Cash on Delivery,6,40.95,256.71,1,41.4,310,79,0
15,2024-10-31,2025-04-07,Male,22.0,North,Desktop,Grocery,PayPal,8,28.95,199.71,1,95.4,242,84,0
3931,2024-07-01,2025-06-11,Female,33.0,North,Mobile,Sports,PayPal,7,74.88,469.56,0,54.6,364,19,0
3195,2024-09-15,2025-04-16,Male,26.0,West,Tablet,Electronics,UPI,5,42.57,200.36,1,56.6,288,75,0
1216,2022-08-16,2024-03-11,Male,43.0,South,Mobile,Electronics,Credit Card,11,109.74,1386.13,1,10.3,1049,476,1
4679,2023-05-25,2025-04-18,Female,42.0,Central,Mobile,Clothing,PayPal,11,72.19,706.63,0,90.0,767,73,0
3580,2024-02-18,2025-02-04,Female,61.0,West,Desktop,Beauty,UPI,2,72.52,129.76,0,84.5,498,146,1
2131,2024-05-02,2025-04-07,Male,51.0,East,Mobile,Home & Kitchen,UPI,4,60.62,221.24,0,39.2,424,84,0
4589,2022-11-15,2024-11-09,Female,31.0,Central,Desktop,Sports,Debit Card,11,67.57,666.07,0,12.9,958,233,1
2770,2022-04-22,2025-04-05,Female,58.0,West,Mobile,Clothing,UPI,6,70.05,437.43,2,32.1,1165,86,0
4257,2023-06-20,2024-11-15,Other,43.0,South,Mobile,Clothing,UPI,8,56.28,492.15,0,10.4,741,227,1
3243,2023-01-18,2024-12-31,Female,44.0,East,Mobile,Grocery,Debit Card,3,45.93,119.32,0,4.4,894,181,1
4571,2023-07-12,2024-04-21,Female,46.0,West,Desktop,Home & Kitchen,Cash on Delivery,2,25.63,53.46,0,93.1,719,435,1
287,2023-09-12,2025-04-07,Male,55.0,East,Mobile,Clothing,Debit Card,8,59.9,498.38,0,5.3,657,84,0
3956,2022-06-29,2025-06-13,Female,40.0,East,Desktop,Grocery,Cash on Delivery,6,20.12,133.0,0,25.5,1097,17,0
2313,2023-12-10,2025-05-05,Female,50.0,South,Mobile,Clothing,Credit Card,10,38.44,354.41,0,31.5,568,56,0
3169,2022-12-07,2025-05-01,Female,52.0,Central,Desktop,Beauty,Debit Card,5,27.44,145.62,0,28.3,936,60,0
780,2023-11-14,2025-06-20,Female,59.0,Central,Mobile,Electronics,PayPal,10,35.42,377.36,0,32.7,594,10,0
4648,2023-07-06,2025-04-30,Male,23.0,South,Desktop,Sports,UPI,5,44.39,244.63,0,29.9,725,61,0
4697,2023-06-03,2025-04-16,Female,25.0,East,Desktop,Grocery,UPI,9,71.0,692.19,0,86.5,758,75,0
2053,2022-05-04,2025-05-12,Male,44.0,East,Desktop,Electronics,Credit Card,9,66.65,518.41,0,54.6,1153,49,0
429,2022-07-11,2025-04-05,Male,22.0,East,Desktop,Clothing,UPI,4,48.3,206.23,0,29.5,1085,86,0
4497,2022-09-06,2025-06-30,Female,43.0,East,Tablet,Home & Kitchen,Credit Card,6,42.38,235.86,1,42.8,1028,0,0
4134,2024-11-23,2024-11-27,Female,45.0,Central,Mobile,Beauty,Debit Card,7,53.24,413.28,1,32.9,219,215,1
1468,2022-06-12,2024-07-30,Male,22.0,North,Mobile,Electronics,Cash on Delivery,8,43.1,319.36,0,86.6,1114,335,1
4220,2024-06-02,2024-09-30,Male,19.0,East,Desktop,Grocery,Credit Card,6,106.27,568.9,0,7.2,393,273,1
4774,2024-10-15,2025-04-21,Female,45.0,North,Mobile,Electronics,Cash on Delivery,9,73.09,645.62,1,76.0,258,70,0
4520,2023-04-13,2025-05-04,Male,45.0,East,Mobile,Grocery,Cash on Delivery,5,41.12,232.18,2,25.6,809,57,0
4776,2023-08-03,2024-04-20,Female,35.0,East,Mobile,Electronics,Credit Card,4,32.86,148.72,2,8.7,697,436,1
351,2022-03-21,2025-05-09,Female,48.0,East,Mobile,Grocery,Credit Card,2,93.45,212.6,0,35.5,1197,52,0
166,2023-04-17,2025-05-03,Female,59.0,Central,Mobile,Electronics,Cash on Delivery,6,89.07,599.07,2,36.4,805,58,0
3817,2022-08-25,2025-04-29,Male,62.0,East,Mobile,Home & Kitchen,Credit Card,13,89.4,1271.72,0,11.8,1040,62,0
661,2023-07-21,2024-03-03,Male,36.0,North,Mobile,Electronics,UPI,4,37.85,137.57,1,71.2,710,484,1
2296,2022-03-09,2025-04-28,Male,43.0,North,Mobile,Home & Kitchen,Debit Card,6,29.68,195.75,0,3.6,1209,63,0
1340,2024-06-18,2025-06-26,Male,55.0,North,Mobile,Books,UPI,3,30.15,96.21,2,53.9,377,4,0
2948,2023-06-19,2025-04-01,Female,53.0,North,Mobile,Home & Kitchen,Credit Card,8,44.47,328.43,0,95.1,742,90,0
3237,2022-07-06,2025-06-25,Male,19.0,North,Tablet,Books,Credit Card,10,76.43,849.63,0,83.3,1090,5,0
2619,2023-12-20,2024-04-17,Female,55.0,East,Desktop,Grocery,Debit Card,4,32.67,149.96,1,79.7,558,439,1
2207,2023-04-17,2025-06-07,Male,45.0,East,Mobile,Electronics,Debit Card,7,45.76,286.68,0,55.9,805,23,0
384,2024-02-28,2024-12-02,Female,54.0,North,Desktop,Home & Kitchen,Debit Card,8,64.41,584.59,1,82.2,488,210,1
3074,2023-05-23,2024-04-17,Male,18.0,East,Mobile,Electronics,Credit Card,11,45.32,509.97,0,43.6,769,439,1
2217,2023-12-23,2024-05-09,Female,29.0,West,Mobile,Electronics,Credit Card,8,54.9,492.18,0,86.8,555,417,1
2189,2024-08-12,2025-06-21,Female,54.0,East,Desktop,Beauty,PayPal,8,29.8,207.72,1,80.3,322,9,0
466,2024-07-02,2025-04-18,Male,50.0,Central,Mobile,Sports,UPI,7,22.38,163.88,0,88.8,363,73,0
4625,2024-12-25,2025-05-01,Female,22.0,North,Mobile,Clothing,Credit Card,9,47.78,389.34,0,77.6,187,60,0
1133,2022-07-14,2023-12-27,Male,59.0,South,Mobile,Grocery,PayPal,6,98.93,636.91,0,53.6,1082,551,1
300,2023-12-04,2025-04-11,Male,42.0,North,Tablet,Books,Credit Card,6,103.54,649.53,0,31.0,574,80,0
2446,2024-12-30,2025-05-07,Male,18.0,South,Mobile,Sports,Debit Card,3,96.12,286.62,0,64.0,182,54,0
1616,2023-01-17,2025-04-27,Female,48.0,West,Mobile,Beauty,Debit Card,7,80.94,562.8,0,2.0,895,64,0
3739,2024-01-15,2024-09-29,Female,56.0,North,Mobile,Grocery,UPI,9,64.87,588.08,0,58.1,532,274,1
3958,2022-04-22,2025-06-14,Male,20.0,West,Desktop,Grocery,UPI,10,116.41,1058.42,1,76.1,1165,16,0
3874,2024-05-27,2025-05-07,Female,26.0,North,Mobile,Sports,PayPal,8,30.71,242.49,0,27.7,399,54,0
2318,2022-06-05,2025-04-23,Male,63.0,South,Mobile,Home & Kitchen,Credit Card,5,125.12,620.26,2,7.0,1121,68,0
4415,2023-03-31,2023-08-07,Male,25.0,East,Mobile,Home & Kitchen,PayPal,7,33.12,233.99,0,37.2,822,693,1
3245,2022-04-02,2025-04-01,Female,35.0,North,Tablet,Clothing,PayPal,13,76.05,1121.84,0,21.3,1185,90,0
1938,2024-03-24,2025-05-02,Female,63.0,East,Mobile,Clothing,UPI,10,57.9,530.34,1,88.2,463,59,0
4792,2022-07-22,2025-05-20,Female,29.0,North,Desktop,Grocery,Debit Card,9,32.87,297.29,0,59.4,1074,41,0
4948,2023-05-20,2025-04-03,Female,35.0,North,Mobile,Electronics,Credit Card,5,40.8,195.64,1,71.3,772,88,0
4300,2023-08-10,2025-05-19,Female,55.0,East,Desktop,Electronics,UPI,7,41.15,309.29,0,31.1,690,42,0
1049,2023-01-24,2025-04-09,Female,45.0,Central,Mobile,Electronics,Debit Card,5,53.94,295.5,2,90.2,888,82,0
4425,2022-12-24,2025-05-29,Male,58.0,South,Mobile,Grocery,Cash on Delivery,4,90.57,362.74,0,35.2,919,32,0
4112,2023-02-28,2024-07-16,Female,53.0,North,Mobile,Beauty,Debit Card,5,51.91,283.89,1,23.3,853,349,1
1529,2024-07-26,2025-05-01,Female,31.0,West,Desktop,Home & Kitchen,PayPal,8,67.75,602.79,0,85.9,339,60,0
53,2023-07-24,2025-01-27,Female,30.0,Central,Mobile,Home & Kitchen,Credit Card,6,58.19,323.21,0,23.7,707,154,1
847,2022-01-06,2025-05-01,Male,56.0,South,Tablet,Clothing,UPI,3,108.72,327.45,0,79.2,1271,60,0
252,2023-04-27,2024-03-07,Male,48.0,South,Desktop,Electronics,Debit Card,3,73.09,194.48,0,38.0,795,480,1
1028,2024-01-30,2024-09-17,Female,56.0,West,Desktop,Beauty,Debit Card,2,16.49,29.43,0,72.7,517,286,1
1669,2024-11-25,2025-04-06,Male,40.0,East,Mobile,Clothing,Debit Card,7,35.33,230.56,0,6.2,217,85,0
807,2022-04-16,2025-04-22,Female,59.0,South,Mobile,Electronics,UPI,9,29.93,264.82,1,43.5,1171,69,0
1553,2024-06-19,2024-08-16,Female,50.0,East,Desktop,Electronics,UPI,4,52.71,228.34,1,13.7,376,318,1
32,2024-02-18,2025-04-27,Male,41.0,South,Mobile,Beauty,Cash on Delivery,6,51.5,347.65,0,48.5,498,64,0
716,2023-06-26,2023-12-30,Female,62.0,South,Desktop,Home & Kitchen,Credit Card,4,60.6,258.01,1,83.4,735,548,1
4039,2024-07-11,2025-05-06,Female,21.0,Central,Mobile,Grocery,Debit Card,6,29.34,160.96,1,35.3,354,55,0
4419,2024-05-16,2025-06-15,Male,47.0,North,Mobile,Home & Kitchen,Debit Card,8,85.54,634.11,0,64.3,410,15,0
4795,2024-09-30,2025-04-01,Male,58.0,West,Desktop,Clothing,PayPal,6,49.68,283.37,0,33.8,273,90,0
4649,2022-09-14,2023-09-25,Female,60.0,North,Mobile,Grocery,PayPal,7,28.13,217.9,1,14.4,1020,644,1
4129,2022-06-09,2024-12-04,Male,59.0,West,Desktop,Home & Kitchen,Debit Card,5,46.28,214.13,0,5.3,1117,208,1
4270,2023-12-07,2025-04-26,Female,54.0,West,Desktop,Grocery,Debit Card,12,100.22,1046.51,2,96.4,571,65,0
4580,2023-12-13,2025-05-13,Female,25.0,East,Desktop,Clothing,Debit Card,9,71.01,544.06,0,88.7,565,48,0
1045,2024-01-05,2024-06-28,Female,21.0,North,Tablet,Clothing,Debit Card,7,104.52,647.86,0,78.6,542,367,1
2328,2024-02-08,2024-02-24,Male,42.0,West,Mobile,Beauty,UPI,8,64.23,507.01,0,2.5,508,492,1
2021,2024-11-01,2025-04-05,Female,54.0,West,Mobile,Electronics,UPI,10,42.16,437.18,0,43.4,241,86,0
1760,2022-02-17,2025-04-18,Female,41.0,East,Mobile,Beauty,Cash on Delivery,8,67.25,582.36,0,31.7,1229,73,0
2145,2024-05-03,2024-09-13,Male,27.0,East,Mobile,Grocery,PayPal,6,52.25,288.92,0,26.7,423,290,1
2490,2023-12-15,2025-05-03,Male,45.0,North,Mobile,Clothing,Credit Card,11,84.98,862.96,0,91.0,563,58,0
2357,2024-11-15,2025-05-29,Female,34.0,East,Mobile,Clothing,Debit Card,10,45.04,494.39,1,82.2,227,32,0
3403,2022-12-21,2025-06-15,Other,34.0,Central,Desktop,Clothing,Credit Card,5,73.09,318.07,0,66.6,922,15,0
4432,2022-01-25,2025-04-03,Female,37.0,Central,Desktop,Books,PayPal,7,106.33,680.44,0,55.6,1252,88,0
4810,2024-01-26,2025-06-29,Female,62.0,West,Mobile,Electronics,Credit Card,12,46.85,644.77,0,22.3,521,1,0
331,2024-01-03,2025-04-17,Male,44.0,East,Desktop,Clothing,PayPal,7,56.13,397.64,0,2.4,544,74,0
3416,2023-09-11,2025-05-28,Female,32.0,West,Mobile,Clothing,PayPal,11,50.61,635.05,0,13.0,658,33,0
4496,2024-04-23,2024-10-25,Female,18.0,Central,Mobile,Clothing,Credit Card,7,33.8,225.44,0,28.9,433,248,1
1639,2023-09-07,2025-04-12,Other,39.0,North,Mobile,Electronics,Debit Card,9,98.02,870.13,1,60.4,662,79,0
1516,2023-05-09,2025-04-02,Male,41.0,East,Mobile,Electronics,Credit Card,7,34.91,277.37,0,5.1,783,89,0
862,2023-04-24,2025-04-11,Male,55.0,South,Mobile,Beauty,UPI,11,45.77,489.93,1,3.1,798,80,0
4480,2024-03-26,2024-04-28,Female,35.0,Central,Desktop,Home & Kitchen,Credit Card,1,79.8,73.41,0,81.4,461,428,1
4998,2024-12-14,2025-06-11,Male,35.0,West,Desktop,Grocery,Cash on Delivery,6,57.25,386.86,0,7.5,198,19,0
1199,2022-04-18,2024-11-28,Female,35.0,East,Desktop,Clothing,UPI,3,52.21,173.04,0,88.7,1169,214,1
1112,2022-05-15,2025-04-11,Male,22.0,South,Desktop,Sports,PayPal,8,78.52,691.84,0,10.1,1142,80,0
328,2023-09-24,2025-04-20,Female,49.0,South,Tablet,Beauty,Cash on Delivery,7,55.13,389.6,0,7.0,645,71,0
1089,2024-07-07,2024-09-29,Other,31.0,South,Mobile,Sports,Cash on Delivery,5,44.52,230.75,0,63.7,358,274,1
3896,2024-12-02,2025-01-21,Female,42.0,Central,Desktop,Clothing,Cash on Delivery,8,148.0,1217.69,0,12.8,210,160,1
2516,2024-03-21,2025-03-29,Female,51.0,West,Mobile,Sports,UPI,5,56.22,265.48,0,63.9,466,93,1
4,2023-05-17,2025-06-05,Female,36.0,South,Mobile,Books,Cash on Delivery,9,63.4,570.91,1,49.9,775,25,0
2643,2022-10-27,2025-06-14,Female,27.0,North,Mobile,Clothing,Debit Card,9,22.46,183.76,2,53.0,977,16,0
3453,2024-12-30,2025-04-05,Female,33.0,North,Mobile,Grocery,UPI,3,38.72,116.41,1,75.2,182,86,0
1491,2023-08-20,2025-06-15,Male,37.0,North,Mobile,Clothing,Credit Card,5,93.45,519.16,1,56.2,680,15,0
2460,2022-08-05,2025-04-28,Male,35.0,East,Desktop,Sports,UPI,8,45.43,415.54,1,99.8,1060,63,0
4629,2022-05-21,2024-03-02,Female,39.0,East,Desktop,Grocery,UPI,6,61.56,401.45,0,57.4,1136,485,1
550,2022-03-24,2025-06-10,Female,44.0,East,Desktop,Clothing,UPI,4,57.29,212.21,0,68.5,1194,20,0
557,2022-09-16,2024-12-17,Male,62.0,West,Desktop,Electronics,Debit Card,8,19.96,177.72,0,74.0,1018,195,1
2203,2023-08-28,2023-10-21,Male,29.0,West,Desktop,Beauty,Debit Card,9,69.25,639.42,0,93.6,672,618,1
2590,2023-08-22,2025-06-16,Female,61.0,South,Desktop,Beauty,PayPal,9,51.93,534.3,0,15.9,678,14,0
1486,2024-10-20,2025-05-17,Male,41.0,West,Mobile,Electronics,Credit Card,10,53.38,477.68,0,10.6,253,44,0
4718,2024-01-31,2024-07-08,Other,42.0,North,Desktop,Electronics,Credit Card,6,66.07,420.92,0,12.2,516,357,1
265,2023-06-28,2025-05-22,Female,52.0,North,Mobile,Sports,Cash on Delivery,6,72.07,487.04,0,92.6,733,39,0
1472,2022-11-03,2025-04-30,Female,42.0,South,Desktop,Books,UPI,8,54.65,401.05,0,60.5,970,61,0
1235,2024-10-15,2025-05-27,Female,47.0,North,Desktop,Beauty,UPI,7,30.81,228.94,1,28.4,258,34,0
1155,2022-04-16,2025-04-29,Female,31.0,East,Desktop,Electronics,UPI,8,29.22,215.61,0,36.8,1171,62,0
1402,2024-04-21,2025-05-09,Male,40.0,North,Mobile,Electronics,Credit Card,10,52.31,552.13,0,58.2,435,52,0
3209,2023-09-02,2025-05-08,Male,30.0,North,Mobile,Electronics,Credit Card,4,46.03,191.45,0,64.4,667,53,0
919,2023-01-04,2025-06-24,Female,43.0,North,Mobile,Beauty,Credit Card,6,82.8,429.05,0,60.3,908,6,0
4711,2022-09-03,2025-06-06,Male,30.0,North,Desktop,Grocery,UPI,9,85.72,660.43,0,91.0,1031,24,0
1065,2022-10-30,2025-03-31,Male,53.0,North,Desktop,Clothing,Credit Card,6,14.48,87.27,0,75.1,974,91,1
2349,2024-01-08,2025-04-04,Female,47.0,West,Mobile,Sports,UPI,5,42.2,232.47,1,79.0,539,87,0
4282,2022-04-17,2024-01-18,Female,38.0,East,Mobile,Home & Kitchen,UPI,11,33.44,359.71,0,32.2,1170,529,1
4413,2023-07-28,2025-05-22,Female,46.0,East,Mobile,Grocery,UPI,7,32.0,232.12,0,45.9,703,39,0
2602,2024-01-22,2025-04-07,Male,58.0,East,Mobile,Grocery,Debit Card,8,100.12,819.06,0,48.8,525,84,0
1513,2024-01-02,2025-06-09,Female,33.0,Central,Tablet,Clothing,Debit Card,9,45.39,461.72,1,55.5,545,21,0
1822,2024-11-04,2024-11-17,Male,59.0,East,Mobile,Home & Kitchen,PayPal,7,31.82,220.08,0,2.1,238,225,1
468,2024-08-30,2025-05-12,Female,62.0,North,Mobile,Electronics,Debit Card,6,62.69,376.24,0,41.1,304,49,0
345,2024-04-23,2025-05-01,Male,40.0,North,Mobile,Electronics,UPI,11,124.22,1372.64,0,5.2,433,60,0
4914,2022-11-03,2025-06-10,Male,60.0,East,Desktop,Electronics,Debit Card,7,51.32,343.94,0,70.2,970,20,0
1493,2022-01-04,2025-04-01,Male,29.0,South,Mobile,Electronics,UPI,8,35.03,286.75,0,92.6,1273,90,0
4676,2024-02-21,2025-04-03,Female,60.0,South,Desktop,Grocery,Credit Card,9,51.76,478.53,1,45.3,495,88,0
3955,2022-03-19,2024-03-13,Male,18.0,North,Mobile,Home & Kitchen,Credit Card,4,33.78,131.28,0,64.4,1199,474,1
1418,2024-02-22,2024-03-14,Male,29.0,East,Mobile,Clothing,Debit Card,12,42.31,527.31,0,28.4,494,473,1
608,2023-05-15,2025-04-02,Male,42.0,North,Tablet,Electronics,Credit Card,10,19.54,172.41,0,26.5,777,89,0
3322,2023-05-02,2025-05-20,Male,54.0,West,Mobile,Home & Kitchen,UPI,7,126.34,841.32,0,15.3,790,41,0
1449,2024-02-05,2025-04-26,Female,56.0,East,Desktop,Home & Kitchen,Credit Card,9,46.25,468.38,0,11.6,511,65,0
3870,2024-11-18,2024-12-02,Male,52.0,West,Mobile,Grocery,Cash on Delivery,6,97.13,549.74,0,14.1,224,210,1
3982,2023-09-10,2025-04-18,Female,60.0,West,Desktop,Electronics,Debit Card,6,50.43,293.82,0,18.8,659,73,0
1889,2024-02-17,2024-04-22,Female,23.0,South,Mobile,Beauty,Credit Card,7,76.22,467.64,1,6.3,499,434,1
3769,2024-07-25,2024-08-31,Male,34.0,East,Mobile,Electronics,Debit Card,6,49.25,334.37,0,27.4,340,303,1
1710,2023-08-17,2025-04-20,Female,26.0,North,Mobile,Electronics,UPI,2,21.27,40.49,1,64.9,683,71,0
3286,2023-06-13,2025-05-06,Male,64.0,South,Desktop,Electronics,Credit Card,8,22.02,157.82,0,69.7,748,55,0
2488,2024-12-03,2025-04-04,Female,56.0,North,Desktop,Home & Kitchen,Debit Card,7,38.96,274.19,0,95.7,209,87,0
2025,2023-11-03,2025-04-14,Male,49.0,East,Desktop,Home & Kitchen,Debit Card,10,61.85,567.01,3,9.4,605,77,0
3499,2023-01-05,2025-04-07,Male,28.0,East,Mobile,Clothing,Debit Card,6,47.21,241.89,0,35.2,907,84,0
22,2022-01-14,2024-03-07,Male,23.0,North,Mobile,Books,Cash on Delivery,5,42.39,196.23,0,85.0,1263,480,1
4522,2023-10-11,2025-06-03,Female,40.0,East,Desktop,Grocery,Debit Card,7,47.47,379.7,0,7.3,628,27,0
4607,2022-01-15,2025-06-30,Female,28.0,East,Desktop,Clothing,Debit Card,9,21.46,204.42,0,84.6,1262,0,0
1080,2022-12-23,2025-06-22,Female,56.0,North,Mobile,Beauty,Credit Card,6,78.22,419.52,0,17.7,920,8,0
2429,2023-03-06,2024-02-23,Male,32.0,Central,Mobile,Clothing,Debit Card,5,43.47,208.18,1,86.7,847,493,1
3384,2022-12-01,2023-07-28,Male,64.0,Central,Tablet,Clothing,Credit Card,7,51.92,340.49,1,73.0,942,703,1
4946,2023-02-06,2023-10-26,Female,47.0,North,Mobile,Electronics,PayPal,8,30.59,208.05,2,43.4,875,613,1
2404,2024-06-20,2025-02-17,Male,50.0,North,Desktop,Electronics,Debit Card,9,80.77,678.47,1,42.1,375,133,1
3324,2024-08-31,2024-12-25,Female,47.0,South,Mobile,Beauty,UPI,4,37.58,138.94,0,38.5,303,187,1
3511,2022-11-21,2025-04-19,Male,41.0,Central,Desktop,Beauty,PayPal,7,122.67,743.64,1,75.1,952,72,0
3434,2023-01-21,2025-06-30,Male,45.0,Central,Desktop,Beauty,Cash on Delivery,9,65.66,666.55,1,26.1,891,0,0
2536,2024-12-16,2025-06-19,Female,36.0,South,Mobile,Home & Kitchen,UPI,5,26.58,124.99,0,86.9,196,11,0
2278,2024-09-01,2024-10-28,Female,28.0,East,Tablet,Beauty,UPI,4,41.79,166.07,0,45.7,302,245,1
1048,2023-07-20,2025-04-13,Male,49.0,South,Mobile,Electronics,UPI,8,105.22,795.59,0,66.2,711,78,0
4870,2023-10-07,2025-05-12,Female,41.0,South,Mobile,Grocery,Credit Card,6,45.71,292.61,0,90.1,632,49,0
2335,2022-05-31,2025-04-09,Male,35.0,East,Desktop,Books,Debit Card,7,87.79,627.8,3,80.3,1126,82,0
3636,2023-08-19,2025-04-25,Female,50.0,West,Mobile,Home & Kitchen,UPI,9,26.71,258.36,0,27.4,681,66,0
1978,2023-05-24,2025-06-15,Male,48.0,North,Mobile,Sports,UPI,8,27.46,210.12,1,88.4,768,15,0
3225,2022-02-22,2025-04-06,Male,46.0,Central,Mobile,Electronics,UPI,6,33.96,194.96,1,36.0,1224,85,0
811,2023-08-13,2025-06-26,Other,40.0,North,Mobile,Electronics,Cash on Delivery,4,36.88,155.38,0,14.1,687,4,0
4380,2023-01-01,2025-05-23,Female,56.0,East,Mobile,Grocery,PayPal,6,28.51,195.25,1,58.2,911,38,0
2480,2022-06-25,2025-03-02,Female,63.0,West,Mobile,Sports,Credit Card,10,80.39,844.04,2,60.7,1101,120,1
4909,2022-04-21,2025-02-19,Female,24.0,East,Tablet,Grocery,UPI,13,33.56,418.93,0,46.3,1166,131,1
4244,2024-12-06,2025-04-28,Male,57.0,South,Mobile,Beauty,Debit Card,6,33.04,223.75,0,31.1,206,63,0
4960,2023-01-26,2023-09-13,Female,30.0,West,Mobile,Electronics,Credit Card,4,36.77,152.39,0,13.5,886,656,1
1369,2023-11-04,2025-05-02,Male,52.0,Central,Mobile,Beauty,Debit Card,5,95.03,478.99,0,8.2,604,59,0
2669,2023-03-23,2025-04-08,Female,27.0,South,Mobile,Grocery,Credit Card,7,42.37,260.51,1,26.1,830,83,0
3495,2024-04-18,2024-07-18,Female,55.0,South,Mobile,Beauty,Debit Card,7,54.31,324.08,1,3.9,438,347,1
1521,2023-12-23,2025-04-25,Male,43.0,Central,Mobile,Books,Credit Card,7,36.25,239.78,1,53.3,555,66,0
4694,2022-03-28,2024-12-07,Female,35.0,North,Mobile,Home & Kitchen,Debit Card,6,23.86,163.64,0,65.3,1190,205,1
937,2024-06-23,2025-05-06,Male,48.0,Central,Mobile,Grocery,Debit Card,8,37.34,339.83,0,40.6,372,55,0
1206,2024-05-18,2025-04-21,Female,60.0,Central,Mobile,Home & Kitchen,UPI,4,53.11,207.22,0,81.1,408,70,0
1203,2022-06-17,2025-06-09,Male,59.0,South,Desktop,Electronics,Credit Card,6,56.33,326.09,1,42.3,1109,21,0
3131,2023-04-03,2025-06-20,Female,29.0,West,Desktop,Home & Kitchen,Debit Card,8,20.59,184.27,2,61.5,819,10,0
3831,2022-04-26,2025-05-02,Male,36.0,Central,Tablet,Electronics,Credit Card,5,41.83,192.52,0,85.7,1161,59,0
131,2023-10-26,2025-03-05,Male,51.0,Central,Mobile,Home & Kitchen,UPI,5,50.49,256.98,1,83.5,613,117,1
522,2024-12-29,2025-04-15,Male,41.0,South,Mobile,Clothing,Credit Card,6,54.97,367.02,0,10.4,183,76,0
956,2022-01-17,2025-05-27,Male,53.0,South,Mobile,Clothing,UPI,13,114.69,1695.78,0,72.5,1260,34,0
914,2024-06-01,2025-05-05,Male,48.0,East,Desktop,Clothing,Credit Card,10,23.82,231.91,0,7.1,394,56,0
860,2023-05-05,2024-07-08,Male,19.0,North,Desktop,Grocery,Credit Card,3,33.39,110.44,0,74.4,787,357,1
2034,2022-04-24,2025-04-07,Other,60.0,Central,Mobile,Clothing,Debit Card,8,35.17,252.73,1,65.3,1163,84,0
1652,2024-01-26,2025-05-26,Male,29.0,South,Mobile,Beauty,Credit Card,7,36.1,248.53,1,46.3,521,35,0
1316,2024-01-26,2025-06-05,Female,39.0,North,Tablet,Clothing,Cash on Delivery,2,107.57,245.62,0,18.3,521,25,0
2400,2024-03-21,2024-05-14,Female,24.0,West,Desktop,Beauty,UPI,7,60.95,393.14,0,73.2,466,412,1
2960,2022-11-15,2025-06-17,Female,28.0,South,Mobile,Grocery,Debit Card,9,42.15,369.49,1,23.5,958,13,0
2176,2024-03-23,2025-04-17,Female,33.0,East,Mobile,Beauty,UPI,4,20.94,75.44,0,87.4,464,74,0
1810,2024-08-28,2025-05-09,Male,59.0,East,Mobile,Home & Kitchen,Debit Card,6,50.82,265.54,0,80.7,306,52,0
2333,2023-08-28,2025-05-22,Female,39.0,West,Desktop,Grocery,PayPal,3,93.79,314.69,0,31.9,672,39,0
4205,2024-12-06,2025-04-26,Male,33.0,South,Mobile,Electronics,UPI,8,58.36,490.85,2,92.1,206,65,0
3027,2024-05-23,2025-06-23,Female,31.0,East,Desktop,Clothing,UPI,7,65.18,495.53,0,6.4,403,7,0
624,2024-11-24,2025-06-07,Female,47.0,South,Desktop,Sports,Credit Card,7,32.65,241.19,0,85.5,218,23,0
689,2023-06-02,2025-05-10,Female,44.0,North,Tablet,Grocery,Cash on Delivery,13,45.68,634.36,0,41.0,759,51,0
3864,2023-08-26,2025-05-05,Male,30.0,Central,Mobile,Grocery,Cash on Delivery,6,93.35,533.37,0,73.6,674,56,0
1367,2023-09-27,2025-04-16,Female,33.0,East,Desktop,Beauty,UPI,11,66.78,763.21,2,2.0,642,75,0
3044,2023-07-27,2025-04-02,Male,63.0,North,Mobile,Electronics,Cash on Delivery,7,47.5,318.76,0,53.1,704,89,0
3778,2024-10-29,2024-12-05,Female,43.0,West,Mobile,Clothing,Credit Card,8,81.08,634.61,1,98.3,244,207,1
4402,2024-10-05,2025-03-30,Female,32.0,South,Desktop,Beauty,Debit Card,7,42.04,299.72,1,54.7,268,92,1
611,2023-11-20,2024-08-10,Male,48.0,West,Mobile,Electronics,Credit Card,6,45.46,267.24,0,86.8,588,324,1
2507,2022-11-24,2025-02-06,Female,59.0,North,Mobile,Grocery,PayPal,6,63.91,416.52,0,13.8,949,144,1
4459,2022-07-24,2023-08-17,Male,27.0,North,Mobile,Grocery,Debit Card,6,61.7,358.72,0,22.2,1072,683,1
3370,2024-01-25,2025-05-07,Female,18.0,Central,Mobile,Electronics,Debit Card,2,33.04,60.94,0,32.2,522,54,0
463,2024-06-25,2025-04-11,Female,23.0,North,Mobile,Clothing,PayPal,8,73.24,620.53,1,11.5,370,80,0
1574,2024-07-02,2025-05-25,Female,33.0,South,Tablet,Home & Kitchen,UPI,3,74.15,224.72,0,7.4,363,36,0
793,2023-06-01,2025-05-04,Female,58.0,East,Desktop,Clothing,Credit Card,13,27.25,345.3,1,39.8,760,57,0
2553,2023-01-10,2025-04-13,Female,47.0,East,Desktop,Electronics,PayPal,7,89.37,543.48,0,10.0,902,78,0
309,2023-07-21,2025-06-12,Female,60.0,West,Desktop,Electronics,Credit Card,6,35.53,183.33,0,45.7,710,18,0
2122,2022-05-05,2025-05-22,Female,31.0,West,Mobile,Clothing,Credit Card,9,23.32,187.89,1,39.5,1152,39,0
2412,2023-10-06,2025-04-04,Male,27.0,East,Mobile,Sports,Credit Card,8,47.13,384.71,0,15.6,633,87,0
580,2023-12-13,2025-03-06,Male,55.0,West,Mobile,Beauty,Debit Card,5,33.88,187.96,1,19.1,565,116,1
106,2024-12-19,2025-06-15,Male,55.0,South,Mobile,Home & Kitchen,Credit Card,6,84.68,550.25,1,19.4,193,15,0
1706,2023-03-08,2025-04-10,Male,21.0,North,Mobile,Grocery,Credit Card,5,92.81,481.82,0,81.7,845,81,0
1000,2022-09-11,2025-06-15,Male,18.0,North,Desktop,Beauty,Debit Card,7,20.64,138.19,3,79.4,1023,15,0
2556,2024-11-12,2025-05-21,Female,35.0,Central,Desktop,Sports,Credit Card,9,109.71,856.86,0,10.8,230,40,0
1012,2022-05-10,2025-06-07,Other,33.0,Central,Tablet,Sports,Cash on Delivery,5,39.35,224.76,2,96.9,1147,23,0
3520,2024-02-25,2025-04-23,Male,57.0,East,Mobile,Beauty,Credit Card,8,20.56,168.76,2,45.4,491,68,0
2995,2022-07-13,2024-10-27,Male,62.0,South,Mobile,Beauty,Debit Card,8,16.84,150.02,1,65.8,1083,246,1
4959,2023-12-15,2025-04-14,Male,35.0,Central,Mobile,Electronics,Debit Card,12,35.5,371.06,0,31.2,563,77,0
1035,2023-07-27,2025-05-05,Male,29.0,South,Desktop,Clothing,Credit Card,8,41.83,308.57,2,36.5,704,56,0
4799,2024-01-21,2025-06-10,Male,24.0,Central,Desktop,Sports,Credit Card,7,58.97,438.48,1,43.3,526,20,0
3363,2023-05-26,2025-06-04,Female,24.0,North,Desktop,Books,UPI,7,103.75,697.26,0,91.7,766,26,0
1337,2022-03-22,2024-09-05,Male,51.0,West,Mobile,Grocery,UPI,6,79.32,512.38,1,13.7,1196,298,1
2038,2024-04-30,2024-12-18,Male,60.0,South,Mobile,Electronics,PayPal,4,36.22,135.46,2,89.7,426,194,1
3962,2023-04-12,2024-04-02,Male,52.0,North,Mobile,Electronics,Debit Card,9,89.4,705.08,2,67.9,810,454,1
2382,2022-05-10,2025-05-16,Female,42.0,West,Desktop,Electronics,PayPal,7,32.69,203.56,0,64.1,1147,45,0
3659,2024-02-29,2025-06-13,Female,30.0,Central,Tablet,Sports,Debit Card,7,53.21,356.55,0,95.8,487,17,0
2860,2022-07-30,2023-08-19,Male,30.0,Central,Desktop,Books,Credit Card,4,89.14,381.59,0,51.0,1066,681,1
2237,2024-02-04,2025-04-10,Female,30.0,North,Tablet,Home & Kitchen,Cash on Delivery,6,47.36,321.58,0,88.4,512,81,0
3693,2023-05-25,2025-05-07,Female,51.0,South,Desktop,Home & Kitchen,Credit Card,7,39.36,253.18,0,90.0,767,54,0
2096,2022-05-18,2025-05-20,Female,51.0,West,Desktop,Beauty,UPI,7,75.85,463.94,1,65.5,1139,41,0
871,2022-03-17,2025-03-04,Male,27.0,North,Mobile,Clothing,Debit Card,5,58.67,260.65,0,36.9,1201,118,1
3841,2022-03-08,2025-05-10,Female,64.0,Central,Tablet,Electronics,PayPal,9,88.63,729.17,0,57.4,1210,51,0
3050,2023-05-26,2025-04-12,Male,43.0,Central,Mobile,Grocery,Credit Card,9,25.66,215.77,1,33.3,766,79,0
4885,2023-06-09,2025-03-11,Male,23.0,North,Mobile,Home & Kitchen,UPI,9,50.75,389.3,0,19.9,752,111,1
3290,2024-03-05,2025-04-24,Male,28.0,Central,Desktop,Clothing,Credit Card,6,143.05,890.1,0,4.0,482,67,0
3263,2024-08-30,2025-04-27,Male,36.0,North,Mobile,Grocery,Credit Card,7,41.17,258.74,0,90.2,304,64,0
3848,2024-11-12,2025-05-04,Female,58.0,South,Mobile,Home & Kitchen,Credit Card,6,31.11,195.1,0,77.9,230,57,0
977,2022-12-26,2025-05-09,Female,39.0,Central,Desktop,Sports,PayPal,9,26.41,253.28,0,80.0,917,52,0
2968,2024-01-04,2024-03-06,Female,54.0,West,Mobile,Clothing,PayPal,8,49.39,351.31,0,92.0,543,481,1
1708,2022-03-04,2025-05-08,Male,31.0,North,Desktop,Clothing,Credit Card,10,64.76,596.8,0,18.2,1214,53,0
3678,2022-08-20,2025-04-14,Male,47.0,East,Desktop,Beauty,PayPal,11,71.84,799.29,0,3.8,1045,77,0
1819,2024-03-15,2025-04-13,Female,61.0,West,Mobile,Electronics,PayPal,8,71.2,622.26,1,19.1,472,78,0
2911,2022-01-14,2025-05-08,Male,50.0,Central,Mobile,Clothing,PayPal,7,46.78,310.41,2,2.8,1263,53,0
1174,2022-03-01,2025-06-22,Male,46.0,North,Mobile,Home & Kitchen,Debit Card,3,17.72,49.63,2,9.4,1217,8,0
1341,2024-12-09,2025-04-03,Male,20.0,Central,Tablet,Grocery,Cash on Delivery,3,31.08,81.96,0,61.6,203,88,0
3702,2024-08-19,2025-05-01,Female,37.0,North,Desktop,Clothing,Cash on Delivery,8,76.18,548.4,0,49.3,315,60,0
4937,2024-03-27,2025-06-13,Female,58.0,South,Desktop,Electronics,Debit Card,4,32.57,142.3,1,22.9,460,17,0
3458,2022-12-15,2025-05-16,Female,48.0,North,Desktop,Beauty,UPI,11,36.21,374.73,1,23.3,928,45,0
1510,2024-02-04,2024-11-04,Female,53.0,North,Desktop,Sports,UPI,5,83.09,354.85,0,59.9,512,238,1
1930,2022-07-03,2025-05-07,Male,57.0,South,Mobile,Grocery,UPI,7,82.44,662.89,0,43.1,1093,54,0
206,2023-01-11,2025-05-24,Male,33.0,South,Mobile,Home & Kitchen,Debit Card,5,25.32,136.01,0,30.1,901,37,0
4143,2024-06-19,2024-08-02,Male,58.0,North,Mobile,Beauty,Credit Card,4,89.79,317.34,0,77.2,376,332,1
354,2023-02-13,2025-04-02,Male,60.0,East,Mobile,Beauty,Cash on Delivery,10,89.72,825.9,1,46.2,868,89,0
3083,2022-12-27,2025-05-23,Male,32.0,South,Mobile,Home & Kitchen,Debit Card,6,72.35,439.35,0,2.7,916,38,0
4530,2024-07-11,2025-05-05,Male,24.0,North,Tablet,Electronics,PayPal,8,44.09,316.66,0,40.2,354,56,0
732,2024-07-18,2025-06-14,Female,51.0,South,Mobile,Books,UPI,8,27.69,192.29,0,61.6,347,16,0
1446,2022-04-20,2025-04-12,Male,44.0,Central,Mobile,Clothing,Debit Card,9,33.31,276.41,0,60.6,1167,79,0
703,2024-05-02,2025-06-13,Male,39.0,East,Desktop,Clothing,Credit Card,8,14.18,126.9,1,5.6,424,17,0
2727,2022-07-02,2025-02-11,Male,47.0,North,Mobile,Electronics,UPI,5,69.36,345.34,0,82.3,1094,139,1
4620,2024-05-14,2025-05-10,Female,19.0,North,Desktop,Electronics,Debit Card,7,53.31,379.89,1,67.2,412,51,0
2663,2022-07-10,2024-10-16,Male,49.0,Central,Mobile,Clothing,Cash on Delivery,5,36.59,198.53,2,45.5,1086,257,1
161,2023-05-23,2024-01-07,Male,64.0,South,Desktop,Beauty,Debit Card,6,77.53,441.96,0,86.9,769,540,1
4687,2024-12-03,2025-05-06,Male,24.0,Central,Mobile,Electronics,UPI,5,69.94,377.02,0,52.5,209,55,0
3567,2024-01-21,2025-06-22,Female,60.0,Central,Desktop,Sports,UPI,8,48.38,400.36,1,89.8,526,8,0
3201,2022-04-20,2024-09-25,Female,35.0,South,Mobile,Clothing,UPI,9,48.4,390.1,0,57.5,1167,278,1
3448,2024-03-06,2025-06-21,Female,62.0,East,Desktop,Electronics,PayPal,6,27.53,172.03,0,34.1,481,9,0
3186,2022-08-03,2025-05-14,Female,48.0,Central,Desktop,Grocery,Credit Card,7,64.29,428.29,0,0.2,1062,47,0
1386,2022-11-14,2025-05-01,Male,40.0,East,Mobile,Grocery,UPI,6,30.04,153.82,0,75.6,959,60,0
502,2024-02-19,2025-04-30,Female,19.0,West,Desktop,Beauty,Cash on Delivery,8,37.71,345.45,0,48.8,497,61,0
4349,2022-08-28,2025-06-05,Female,58.0,Central,Desktop,Books,Credit Card,8,64.31,509.42,1,6.2,1037,25,0
4967,2024-06-24,2025-05-07,Female,45.0,East,Tablet,Beauty,Debit Card,6,30.11,192.87,1,94.9,371,54,0
2105,2023-04-25,2025-04-11,Female,39.0,East,Desktop,Grocery,UPI,11,39.26,409.8,1,98.8,797,80,0
3231,2022-08-25,2024-02-06,Female,21.0,South,Desktop,Clothing,UPI,6,83.0,505.82,0,85.9,1040,510,1
2234,2023-03-24,2024-02-05,Female,19.0,East,Desktop,Electronics,Debit Card,4,73.41,268.6,1,8.2,829,511,1
4168,2022-09-19,2024-08-22,Male,60.0,North,Mobile,Clothing,Cash on Delivery,7,29.27,226.34,0,63.4,1015,312,1
3351,2022-11-22,2025-04-05,Male,39.0,East,Mobile,Clothing,Debit Card,4,74.88,274.63,1,18.9,951,86,0
2666,2022-05-10,2024-02-13,Male,34.0,South,Desktop,Clothing,Cash on Delivery,5,46.39,200.92,0,63.0,1147,503,1
1008,2024-08-23,2024-09-07,Female,57.0,East,Desktop,Clothing,UPI,4,62.22,285.53,0,37.5,311,296,1
3985,2024-06-15,2024-12-17,Female,58.0,Central,Desktop,Electronics,Cash on Delivery,6,48.7,268.19,2,10.8,380,195,1
2172,2022-08-29,2023-08-22,Male,35.0,South,Tablet,Home & Kitchen,Credit Card,6,100.56,520.97,0,6.3,1036,678,1
1891,2023-12-08,2025-06-27,Male,57.0,Central,Mobile,Electronics,UPI,6,33.45,211.67,0,44.3,570,3,0
1288,2022-10-27,2025-05-29,Male,50.0,South,Mobile,Grocery,UPI,7,60.0,360.93,0,66.1,977,32,0
369,2024-03-29,2025-05-28,Male,20.0,South,Mobile,Home & Kitchen,Debit Card,13,52.89,693.57,1,83.3,458,33,0
3217,2024-01-09,2025-05-01,Male,43.0,North,Mobile,Electronics,Credit Card,9,19.31,151.24,0,90.0,538,60,0
3248,2024-08-10,2025-04-20,Male,20.0,Central,Mobile,Beauty,UPI,6,50.28,305.37,1,45.3,324,71,0
1319,2022-07-04,2025-01-15,Male,56.0,North,Mobile,Electronics,PayPal,8,43.22,338.79,1,59.4,1092,166,1
494,2023-11-09,2025-05-05,Male,24.0,West,Desktop,Sports,Credit Card,9,69.88,559.58,0,85.4,599,56,0
1964,2023-08-28,2025-06-06,Male,42.0,East,Desktop,Home & Kitchen,Debit Card,5,52.02,266.71,0,8.9,672,24,0
4185,2024-08-23,2025-01-27,Male,49.0,South,Mobile,Clothing,UPI,5,47.38,242.34,2,59.3,311,154,1
4703,2023-03-23,2024-05-15,Female,33.0,East,Mobile,Clothing,Debit Card,4,33.6,139.07,0,96.9,830,411,1
334,2022-07-30,2024-12-26,Male,63.0,South,Desktop,Grocery,Debit Card,5,34.6,154.2,0,7.3,1066,186,1
1476,2023-08-14,2024-05-07,Female,22.0,North,Mobile,Grocery,PayPal,9,76.18,650.15,1,42.2,686,419,1
680,2022-07-30,2025-04-16,Female,48.0,South,Mobile,Home & Kitchen,Debit Card,7,29.14,174.52,0,77.0,1066,75,0
2837,2022-12-08,2024-12-16,Other,52.0,West,Mobile,Books,Debit Card,10,50.76,488.27,3,52.6,935,196,1
1139,2022-11-09,2025-02-16,Female,61.0,North,Mobile,Beauty,UPI,6,35.21,226.31,0,4.3,964,134,1
1222,2023-03-28,2025-03-24,Male,53.0,North,Desktop,Clothing,Debit Card,5,65.7,304.42,0,17.9,825,98,1
3820,2024-05-04,2025-05-01,Male,35.0,East,Mobile,Beauty,PayPal,6,44.47,306.81,0,57.1,422,60,0
2899,2022-01-17,2024-08-31,Male,31.0,North,Mobile,Electronics,Cash on Delivery,6,23.26,136.85,1,71.6,1260,303,1
381,2024-06-12,2024-07-22,Male,40.0,West,Desktop,Beauty,UPI,8,57.43,399.05,0,37.8,383,343,1
4912,2022-03-26,2025-06-04,Female,31.0,West,Mobile,Grocery,UPI,10,94.09,1048.48,0,89.5,1192,26,0
4482,2022-12-01,2023-08-09,Male,46.0,West,Mobile,Home & Kitchen,UPI,5,129.75,637.9,0,36.5,942,691,1
68,2023-07-07,2023-10-15,Female,25.0,North,Mobile,Grocery,Debit Card,5,99.8,566.48,0,20.9,724,624,1
3289,2022-06-28,2025-06-27,Female,30.0,Central,Mobile,Sports,Credit Card,6,51.36,262.23,1,98.4,1098,3,0
3706,2024-10-03,2024-10-29,Female,43.0,Central,Desktop,Sports,Cash on Delivery,4,47.46,176.58,1,32.4,270,244,1
1883,2023-10-12,2024-11-25,Female,51.0,North,Desktop,Home & Kitchen,Credit Card,12,45.77,472.54,0,66.3,627,217,1
478,2022-06-08,2025-05-09,Female,55.0,West,Desktop,Clothing,Debit Card,10,40.36,445.8,0,86.7,1118,52,0
4529,2024-12-02,2025-05-09,Female,19.0,North,Mobile,Home & Kitchen,Credit Card,4,29.39,112.82,2,32.5,210,52,0
4866,2022-01-14,2024-06-24,Female,61.0,West,Desktop,Electronics,UPI,5,79.57,370.86,1,5.3,1263,371,1
2383,2022-12-09,2025-05-08,Female,32.0,South,Mobile,Home & Kitchen,Debit Card,8,78.17,647.06,1,66.8,934,53,0
1173,2023-07-02,2025-04-16,Female,29.0,East,Mobile,Beauty,Credit Card,9,102.92,966.26,0,88.9,729,75,0
4926,2023-08-17,2025-05-07,Male,41.0,South,Mobile,Books,Credit Card,8,61.52,424.29,1,78.1,683,54,0
2360,2022-02-23,2025-05-31,Male,40.0,East,Mobile,Grocery,Debit Card,6,97.86,519.6,1,3.0,1223,30,0
426,2023-08-05,2025-06-06,Female,38.0,Central,Mobile,Beauty,Debit Card,9,52.46,446.2,0,38.3,695,24,0
2256,2024-12-09,2025-04-20,Female,36.0,East,Desktop,Books,,3,38.64,123.12,0,55.1,203,71,0
1334,2022-06-22,2024-09-14,Other,19.0,Central,Desktop,Beauty,Credit Card,6,22.27,141.72,0,15.7,1104,289,1
200,2023-05-25,2025-05-11,Female,54.0,West,Mobile,Books,UPI,8,24.8,186.61,0,96.6,767,50,0
2358,2024-04-15,2024-10-28,Male,57.0,East,Desktop,Books,Credit Card,12,67.52,905.47,0,67.2,441,245,1
3276,2022-12-09,2025-06-20,Female,23.0,Central,Mobile,Electronics,UPI,6,28.17,194.37,0,45.5,934,10,0
1939,2024-10-11,2025-06-16,Female,33.0,Central,Mobile,Electronics,Credit Card,4,92.78,400.49,0,1.0,262,14,0
4999,2022-03-31,2025-05-21,Female,40.0,Central,Desktop,Home & Kitchen,Credit Card,8,49.76,346.12,0,53.7,1187,40,0
144,2024-12-26,2025-04-29,Male,54.0,West,Desktop,Beauty,Debit Card,8,47.47,377.27,0,18.8,186,62,0
4888,2024-03-29,2024-06-30,Female,62.0,Central,Mobile,Grocery,Credit Card,8,20.59,170.86,0,10.4,458,365,1
250,2022-05-21,2025-05-13,Female,57.0,North,Mobile,Grocery,PayPal,5,78.28,363.6,0,0.6,1136,48,0
3901,2024-04-06,2025-06-18,Male,54.0,West,Mobile,Grocery,PayPal,11,38.77,423.0,1,81.2,450,12,0
1455,2022-02-27,2025-05-02,Male,46.0,West,Desktop,Books,UPI,10,34.42,341.8,0,56.9,1219,59,0
3957,2022-05-31,2025-04-18,Female,57.0,North,Tablet,Beauty,UPI,6,49.06,298.56,0,76.0,1126,73,0
418,2024-08-10,2025-04-04,Male,38.0,West,Mobile,Home & Kitchen,PayPal,11,40.81,423.22,1,17.4,324,87,0
912,2024-01-05,2025-05-31,Male,25.0,North,Mobile,Beauty,UPI,9,27.62,283.11,0,11.9,542,30,0
4585,2023-09-23,2025-06-18,Female,27.0,North,Mobile,Electronics,Debit Card,5,38.54,188.59,1,70.8,646,12,0
2597,2024-10-11,2025-02-13,Male,50.0,Central,Mobile,Grocery,PayPal,4,44.74,204.68,0,17.4,262,137,1
3664,2022-09-29,2024-05-16,Male,40.0,North,Desktop,Electronics,Debit Card,4,43.54,152.78,1,44.7,1005,410,1
3471,2023-09-21,2025-04-04,Male,44.0,Central,Mobile,Electronics,UPI,12,29.02,379.97,1,43.2,648,87,0
2310,2022-10-14,2025-06-08,Male,43.0,North,Mobile,Home & Kitchen,Debit Card,8,43.44,345.27,1,8.6,990,22,0
2113,2023-10-19,2025-05-17,Male,22.0,West,Tablet,Home & Kitchen,Credit Card,7,68.44,525.78,0,75.7,620,44,0
4859,2022-01-01,2025-06-15,,30.0,West,Mobile,Electronics,Debit Card,5,33.68,161.93,0,22.4,1276,15,0
4930,2023-11-20,2025-05-23,Female,23.0,South,Mobile,Beauty,Debit Card,7,39.23,234.81,0,99.3,588,38,0
3177,2023-04-07,2025-06-16,Female,49.0,West,Desktop,Electronics,Debit Card,7,36.44,250.51,1,12.4,815,14,0
2696,2022-07-11,2025-05-06,Female,47.0,West,Desktop,Electronics,UPI,7,29.2,217.1,0,44.2,1085,55,0
1289,2023-06-09,2025-05-19,Male,60.0,West,Mobile,Grocery,UPI,7,55.3,375.76,0,83.9,752,42,0
1656,2022-05-15,2025-04-23,Female,54.0,North,Mobile,Sports,UPI,7,81.66,649.12,1,33.4,1142,68,0
913,2024-02-07,2025-04-07,Female,63.0,Central,Mobile,Books,Debit Card,10,87.39,947.3,0,85.7,509,84,0
3450,2023-01-24,2025-06-27,Male,63.0,West,Desktop,Beauty,Debit Card,8,78.64,636.49,0,98.6,888,3,0
4092,2022-01-22,2025-06-10,Male,64.0,West,Mobile,Beauty,Cash on Delivery,8,81.82,610.45,1,94.3,1255,20,0
766,2023-07-06,2024-10-25,Female,25.0,South,Tablet,Electronics,UPI,5,66.96,329.2,0,86.7,725,248,1
4255,2024-05-22,2024-09-14,Male,43.0,West,Tablet,Grocery,Credit Card,6,47.91,253.49,0,28.3,404,289,1
147,2024-08-31,2025-02-18,Female,52.0,West,Mobile,Books,UPI,3,77.7,262.05,1,49.3,303,132,1
1134,2023-10-03,2025-03-15,Male,46.0,South,Mobile,Electronics,Credit Card,8,94.25,782.94,2,27.5,636,107,1
2657,2023-07-24,2025-06-08,Female,51.0,North,Desktop,Grocery,PayPal,8,77.56,594.12,1,58.4,707,22,0
395,2023-11-08,2025-04-13,Male,53.0,Central,Mobile,Beauty,UPI,15,64.24,966.73,1,76.4,600,78,0
3616,2022-01-06,2025-05-24,Male,48.0,South,Desktop,Clothing,Credit Card,5,27.96,148.41,1,69.5,1271,37,0
46,2022-04-04,2024-04-10,Female,20.0,Central,Mobile,Sports,UPI,4,28.86,129.38,0,86.7,1183,446,1
3270,2024-10-25,2025-01-20,Female,56.0,East,Mobile,Home & Kitchen,PayPal,3,51.45,131.91,0,81.0,248,161,1
3400,2022-01-19,2025-06-19,Female,46.0,North,Desktop,Electronics,Credit Card,6,105.2,563.7,1,30.4,1258,11,0
322,2022-03-15,2024-06-13,Female,29.0,North,Mobile,Home & Kitchen,PayPal,5,73.85,402.58,0,35.0,1203,382,1
2160,2024-02-12,2025-05-15,Female,64.0,Central,Mobile,Clothing,Debit Card,3,31.24,80.45,0,32.1,504,46,0
4577,2024-12-08,2025-02-13,Male,29.0,Central,Mobile,Home & Kitchen,UPI,8,30.98,277.42,0,55.7,204,137,1
1958,2022-11-29,2025-05-05,Male,58.0,West,Desktop,Books,Cash on Delivery,7,36.04,245.7,1,35.9,944,56,0
3477,2024-08-07,2024-09-06,Female,33.0,North,Mobile,Beauty,UPI,12,65.23,713.5,0,12.7,327,297,1
2428,2024-08-03,2025-02-13,Female,24.0,East,Tablet,Clothing,PayPal,8,108.02,991.49,1,10.9,331,137,1
3912,2024-08-30,2025-01-26,Male,25.0,South,Mobile,Beauty,Debit Card,3,36.3,112.4,1,25.0,304,155,1
2185,2023-06-20,2023-12-01,Female,63.0,South,Desktop,Grocery,UPI,8,59.97,476.03,0,65.8,741,577,1
4631,2022-10-07,2025-04-14,Male,27.0,West,Desktop,Sports,Cash on Delivery,7,63.48,415.15,0,36.0,997,77,0
2702,2022-04-17,2025-05-18,Other,49.0,West,Mobile,Sports,PayPal,6,27.11,186.03,1,47.7,1170,43,0
3968,2024-06-05,2025-05-10,Male,56.0,North,Mobile,Electronics,Credit Card,7,69.16,460.49,0,56.3,390,51,0
2072,2024-03-15,2025-04-29,Female,55.0,South,Desktop,Home & Kitchen,Credit Card,4,29.64,132.42,0,8.4,472,62,0
1368,2024-02-11,2025-05-01,Female,41.0,East,Mobile,Clothing,UPI,3,75.41,223.22,0,45.1,505,60,0
3096,2022-07-04,2025-05-04,Female,26.0,East,Mobile,Home & Kitchen,PayPal,9,31.79,318.24,0,1.8,1092,57,0
2365,2024-02-28,2024-05-12,Female,27.0,North,Desktop,Electronics,UPI,9,68.5,695.7,0,5.3,488,414,1
931,2023-06-07,2025-05-13,Male,57.0,East,Mobile,Beauty,UPI,10,131.41,1319.37,1,75.2,754,48,0
2269,2023-05-14,2025-04-21,Male,24.0,East,Mobile,Electronics,Credit Card,10,91.29,842.73,0,34.7,778,70,0
2976,2022-11-19,2025-06-15,Male,56.0,South,Desktop,Grocery,Credit Card,9,87.44,883.84,1,98.8,954,15,0
3308,2024-04-21,2025-06-09,Male,26.0,North,Mobile,Clothing,Credit Card,6,87.75,577.48,0,14.2,435,21,0
5000,2023-06-08,2024-01-12,Female,61.0,North,Mobile,Clothing,Credit Card,4,37.39,150.49,0,98.5,753,535,1
3142,2023-10-14,2025-04-24,Female,39.0,North,Mobile,Grocery,PayPal,7,112.49,901.95,0,41.6,625,67,0
1946,2023-11-18,2024-06-19,Female,38.0,South,Mobile,Sports,UPI,4,54.72,193.25,0,14.9,590,376,1
4238,2023-08-04,2025-06-25,Female,26.0,North,Mobile,Books,Debit Card,7,67.89,499.49,0,57.3,696,5,0
2582,2024-10-04,2025-06-25,Female,52.0,West,Desktop,Grocery,PayPal,6,44.0,256.45,1,75.7,269,5,0
436,2022-04-05,2024-10-23,Female,50.0,North,Mobile,Grocery,Debit Card,11,26.57,315.51,0,51.9,1182,250,1
607,2024-07-12,2025-06-19,Male,41.0,North,Mobile,Clothing,Credit Card,9,120.34,1167.51,0,89.1,353,11,0
75,2024-04-01,2024-06-11,Female,53.0,Central,Mobile,Home & Kitchen,Cash on Delivery,8,81.16,647.98,0,75.2,455,384,1
1765,2023-05-09,2025-06-23,Male,60.0,South,Mobile,Electronics,Debit Card,3,63.86,180.68,0,70.8,783,7,0
3533,2023-04-09,2024-01-14,Male,48.0,North,Mobile,Home & Kitchen,Credit Card,5,74.07,379.93,0,37.4,813,533,1
3239,2023-01-14,2025-05-05,Female,23.0,South,Mobile,Electronics,PayPal,9,76.39,780.52,0,59.2,898,56,0
1323,2022-03-26,2025-06-24,Female,39.0,West,Mobile,Beauty,Credit Card,12,57.6,628.11,0,97.9,1192,6,0
1577,2024-06-28,2025-04-01,Male,52.0,East,Mobile,Sports,PayPal,4,44.64,166.05,2,10.2,367,90,0
4311,2024-11-11,2025-01-06,Male,40.0,North,Desktop,Clothing,Credit Card,7,53.38,333.05,0,89.6,231,175,1
114,2024-06-09,2025-05-23,Female,41.0,North,Mobile,Beauty,Cash on Delivery,5,46.52,257.63,0,24.3,386,38,0
987,2023-08-28,2024-09-15,Female,62.0,North,Mobile,Grocery,Credit Card,9,42.99,373.35,1,1.8,672,288,1
4871,2022-02-14,2025-04-30,Male,25.0,Central,Desktop,Beauty,UPI,4,18.69,85.3,0,7.0,1232,61,0
748,2024-06-18,2025-04-16,Female,29.0,Central,Desktop,Clothing,UPI,11,44.19,452.29,1,30.0,377,75,0
1864,2024-12-12,2025-04-30,Female,54.0,Central,Mobile,Grocery,Debit Card,8,66.24,473.39,1,11.6,200,61,0
223,2022-05-01,2025-05-11,Male,57.0,South,Mobile,Clothing,Credit Card,4,31.78,112.29,0,68.5,1156,50,0
2567,2023-08-15,2025-02-05,Male,41.0,East,Desktop,Clothing,Cash on Delivery,7,75.94,468.6,0,38.9,685,145,1
1349,2023-11-24,2024-08-29,Other,29.0,Central,Desktop,Beauty,Credit Card,11,57.55,544.87,3,10.0,584,305,1
1503,2024-11-05,2025-06-22,Male,61.0,Central,Mobile,Electronics,Credit Card,6,64.06,379.08,0,91.8,237,8,0
4147,2024-11-19,2025-06-28,Male,29.0,East,Mobile,Home & Kitchen,Credit Card,8,24.31,177.01,0,21.4,223,2,0
1666,2022-06-01,2023-07-23,Female,21.0,Central,Tablet,Home & Kitchen,PayPal,8,68.98,510.04,1,11.2,1125,708,1
3966,2024-07-12,2025-05-07,Female,46.0,Central,Mobile,Sports,Credit Card,4,23.3,99.57,1,35.1,353,54,0
4266,2024-01-29,2025-04-14,Male,32.0,South,Mobile,Clothing,Cash on Delivery,7,50.23,342.82,0,100.0,518,77,0
3168,2024-05-09,2024-08-10,Male,20.0,West,Desktop,Beauty,Cash on Delivery,7,57.35,354.43,2,34.6,417,324,1
36,2023-06-26,2025-02-19,Female,27.0,North,Mobile,Home & Kitchen,PayPal,5,72.76,397.14,0,70.0,735,131,1
831,2024-04-30,2024-05-13,Male,38.0,West,Mobile,Sports,UPI,5,46.41,205.54,1,33.4,426,413,1
3536,2022-09-22,2025-06-15,Male,31.0,Central,Mobile,Grocery,Credit Card,10,50.25,506.85,1,94.1,1012,15,0
4191,2023-01-08,2025-05-08,Female,18.0,East,Desktop,Grocery,Debit Card,4,21.27,95.64,0,89.7,904,53,0
1762,2024-03-16,2025-05-28,Female,35.0,East,Mobile,Books,Debit Card,8,31.62,287.58,0,32.7,471,33,0
2864,2022-01-06,2025-05-27,Female,30.0,East,Tablet,Grocery,Debit Card,7,41.74,279.09,0,90.1,1271,34,0
348,2022-11-23,2024-06-23,Male,57.0,South,Mobile,Clothing,Debit Card,4,57.2,251.29,1,86.9,950,372,1
168,2022-01-15,2024-01-19,Male,35.0,West,Mobile,Grocery,Credit Card,8,85.86,699.71,2,1.2,1262,528,1
4674,2023-01-29,2023-11-14,Male,25.0,East,Desktop,Books,Debit Card,8,87.45,801.43,1,76.6,883,594,1
117,2022-01-07,2025-06-11,Female,45.0,North,Desktop,Sports,Debit Card,8,34.61,314.59,0,54.5,1270,19,0
531,2022-04-13,2024-05-16,Female,36.0,South,Desktop,Beauty,Credit Card,10,60.84,583.47,0,32.7,1174,410,1
1395,2024-02-11,2024-08-12,Male,42.0,West,Mobile,Grocery,Cash on Delivery,6,72.04,384.95,4,28.9,505,322,1
2591,2022-03-08,2024-10-31,Female,42.0,East,Tablet,Beauty,PayPal,5,82.9,469.15,0,8.8,1210,242,1
2369,2024-03-05,2025-05-26,Male,41.0,West,Desktop,Beauty,Debit Card,8,58.0,491.02,1,74.2,482,35,0
1029,2024-05-08,2024-09-14,Male,58.0,South,Mobile,Electronics,UPI,10,88.67,937.57,0,50.8,418,289,1
1642,2024-01-11,2025-05-16,,45.0,West,Desktop,Electronics,UPI,6,44.28,302.51,0,69.0,536,45,0
2522,2022-01-10,2025-04-06,Male,53.0,Central,Mobile,Grocery,Credit Card,7,39.03,307.94,2,21.4,1267,85,0
3988,2022-03-05,2023-10-01,Male,43.0,East,Mobile,Sports,Credit Card,6,49.97,316.74,0,45.7,1213,638,1
3052,2024-02-23,2024-08-17,Female,61.0,South,Mobile,Home & Kitchen,Debit Card,7,97.17,667.77,1,58.1,493,317,1
3796,2023-05-24,2025-05-14,Female,36.0,North,Mobile,Grocery,Credit Card,11,32.56,400.41,1,60.4,768,47,0
4120,2023-10-26,2025-05-13,Female,36.0,East,Desktop,Grocery,Debit Card,6,85.67,474.87,0,81.1,613,48,0
4388,2024-10-18,2025-01-12,Male,43.0,West,Mobile,Beauty,PayPal,7,82.29,610.81,0,82.6,255,169,1
4562,2022-09-26,2025-04-14,Male,21.0,East,Mobile,Beauty,UPI,6,35.45,211.12,1,57.5,1008,77,0
4215,2022-08-29,2025-05-07,Female,32.0,North,Tablet,Electronics,Debit Card,8,40.23,279.53,0,12.4,1036,54,0
4747,2023-01-24,2025-04-03,Male,39.0,North,Mobile,Sports,Credit Card,9,77.13,678.87,0,42.5,888,88,0
3205,2023-01-25,2023-09-18,Female,23.0,Central,Mobile,Sports,UPI,9,79.19,635.4,3,4.3,887,651,1
4248,2024-02-08,2025-06-09,Male,32.0,West,Mobile,Clothing,Debit Card,7,45.93,336.54,0,66.1,508,21,0
1780,2024-04-05,2025-05-24,Female,31.0,North,Mobile,Home & Kitchen,Debit Card,8,101.84,874.75,0,97.3,451,37,0
1026,2024-03-06,2025-05-26,Male,35.0,South,Tablet,Beauty,Debit Card,4,55.95,253.82,0,30.3,481,35,0
4265,2023-01-02,2025-03-13,Female,33.0,North,Mobile,Grocery,UPI,5,16.39,81.48,1,48.2,910,109,1
3786,2024-11-07,2025-05-06,Male,50.0,South,Mobile,Clothing,UPI,3,73.98,200.83,0,27.3,235,55,0
82,2024-03-21,2025-01-23,Female,59.0,West,Desktop,Sports,PayPal,7,31.92,207.19,1,9.8,466,158,1
3518,2024-05-28,2025-04-03,Male,36.0,North,Mobile,Electronics,Debit Card,5,64.07,277.96,0,50.0,398,88,0
2031,2022-07-06,2025-04-12,Male,62.0,South,Mobile,Electronics,UPI,11,25.24,281.03,0,73.1,1090,79,0
4090,2024-01-16,2025-06-25,Male,39.0,West,Mobile,Books,Cash on Delivery,5,44.3,189.68,0,44.0,531,5,0
3767,2024-03-15,2025-02-08,Female,53.0,West,Desktop,Grocery,UPI,5,68.65,331.3,1,36.8,472,142,1
1477,2023-05-02,2025-05-16,Female,51.0,West,Desktop,Beauty,Credit Card,4,92.52,321.93,1,83.4,790,45,0
2717,2022-01-20,2025-05-23,Female,55.0,West,Mobile,Home & Kitchen,Credit Card,6,108.15,735.49,0,76.4,1257,38,0
4169,2022-11-26,2024-01-04,Male,60.0,East,Mobile,Grocery,Debit Card,8,71.65,620.78,0,20.6,947,543,1
3481,2022-05-26,2025-05-15,Male,36.0,South,Mobile,Electronics,Credit Card,7,33.5,222.94,0,16.5,1131,46,0
4746,2024-09-30,2025-04-27,Male,32.0,South,Mobile,Home & Kitchen,Debit Card,6,51.28,286.49,0,65.8,273,64,0
2674,2023-10-24,2025-05-06,Male,23.0,South,Mobile,Clothing,Credit Card,6,52.8,325.07,2,31.5,615,55,0
1478,2023-09-09,2025-05-27,Female,39.0,Central,Mobile,Books,Credit Card,11,36.32,369.91,1,3.5,660,34,0
4083,2023-08-19,2024-03-03,Female,32.0,North,Mobile,Clothing,PayPal,7,42.76,337.05,1,14.6,681,484,1
2484,2023-10-01,2023-12-26,Male,60.0,West,Desktop,Electronics,UPI,6,46.65,264.51,1,78.3,638,552,1
2564,2022-12-21,2025-04-07,Male,42.0,South,Tablet,Clothing,Debit Card,7,25.56,167.28,1,96.2,922,84,0
4891,2023-10-27,2025-06-22,Male,25.0,North,Desktop,Clothing,Debit Card,5,53.63,240.07,0,14.4,612,8,0
2158,2022-04-16,2023-07-11,Male,23.0,Central,Mobile,Grocery,Debit Card,8,41.49,309.45,1,45.3,1171,720,1
1887,2023-08-13,2025-06-05,Male,50.0,Central,Desktop,Electronics,Credit Card,12,25.61,312.95,2,64.2,687,25,0
1957,2023-11-09,2025-04-04,Female,26.0,South,Mobile,Home & Kitchen,UPI,6,48.17,323.47,2,22.2,599,87,0
1630,2022-06-01,2023-11-27,Male,63.0,East,Desktop,Sports,UPI,7,51.92,332.62,0,96.5,1125,581,1
2699,2022-06-18,2025-06-19,Female,19.0,East,Desktop,Beauty,Debit Card,9,81.1,832.49,1,43.0,1108,11,0
4013,2022-11-26,2024-09-02,Female,31.0,South,Mobile,Books,UPI,6,94.67,632.49,1,26.8,947,301,1
41,2022-06-11,2025-04-29,Male,51.0,West,Mobile,Beauty,Credit Card,7,44.55,318.14,1,25.3,1115,62,0
1705,2023-06-27,2025-05-09,Male,22.0,East,Mobile,Home & Kitchen,UPI,13,36.7,501.15,1,97.8,734,52,0
2694,2022-11-22,2024-03-19,Male,60.0,West,Mobile,Clothing,Debit Card,2,69.98,145.16,1,26.4,951,468,1
4709,2022-12-09,2023-08-05,Female,35.0,East,Tablet,Grocery,Cash on Delivery,6,37.26,202.32,0,76.2,934,695,1
3303,2022-07-25,2025-06-19,Female,33.0,North,Mobile,Clothing,Cash on Delivery,12,68.25,698.8,0,2.7,1071,11,0
4944,2024-09-26,2025-04-14,Male,46.0,Central,Desktop,Beauty,UPI,6,73.66,492.57,0,4.8,277,77,0
3174,2024-02-08,2025-06-15,Male,49.0,Central,Desktop,Electronics,Credit Card,9,37.94,368.59,0,48.0,508,15,0
3137,2022-12-30,2024-08-24,Female,45.0,South,Mobile,Home & Kitchen,Debit Card,7,53.71,329.78,3,83.1,913,310,1
312,2023-11-15,2025-04-18,Male,58.0,South,Mobile,Sports,UPI,9,66.35,674.27,0,44.6,593,73,0
1632,2022-12-20,2025-06-13,Male,54.0,Central,Mobile,Clothing,Cash on Delivery,10,55.56,569.63,0,23.9,923,17,0
3618,2022-07-02,2025-05-10,Female,43.0,West,Desktop,Beauty,PayPal,8,65.62,598.49,2,27.1,1094,51,0
2068,2022-09-30,2024-01-15,Male,33.0,South,Desktop,Grocery,Credit Card,8,31.55,260.91,1,99.6,1004,532,1
1427,2024-09-11,2025-04-11,Male,28.0,North,Mobile,Electronics,Credit Card,4,55.99,251.61,1,62.1,292,80,0
2003,2023-03-25,2025-05-10,Female,42.0,West,Mobile,Home & Kitchen,Debit Card,9,29.43,242.62,0,84.0,828,51,0
358,2023-04-12,2025-06-17,Female,33.0,West,Mobile,Grocery,PayPal,7,45.07,312.19,1,15.2,810,13,0
2409,2023-10-19,2025-04-08,Other,26.0,West,Tablet,Clothing,Credit Card,10,80.87,891.02,0,33.1,620,83,0
1130,2024-07-17,2024-10-25,Male,42.0,North,Desktop,Clothing,Credit Card,6,73.14,390.14,1,19.5,348,248,1
3535,2023-10-02,2025-05-26,Male,64.0,Central,Mobile,Clothing,PayPal,7,22.82,153.89,0,32.5,637,35,0
4076,2022-03-17,2025-06-08,Female,63.0,West,Desktop,Grocery,PayPal,10,41.68,414.41,0,89.1,1201,22,0
1828,2022-02-04,2025-05-08,Female,40.0,West,Mobile,Electronics,UPI,6,33.22,215.22,0,40.9,1242,53,0
2441,2024-02-12,2025-04-02,Female,55.0,North,Mobile,Clothing,Debit Card,10,72.58,815.39,0,71.0,504,89,0
129,2024-12-22,2025-06-01,Male,28.0,Central,Desktop,Sports,Cash on Delivery,6,66.38,415.92,0,19.0,190,29,0
1010,2023-11-03,2024-12-08,Female,34.0,East,Tablet,Electronics,Cash on Delivery,9,65.51,553.27,2,39.4,605,204,1
1814,2024-11-21,2025-06-03,Male,24.0,Central,Tablet,Grocery,Debit Card,4,48.75,196.12,0,38.2,221,27,0
4296,2022-03-19,2025-06-26,Male,45.0,North,Mobile,Home & Kitchen,UPI,4,69.91,310.98,1,86.5,1199,4,0
658,2023-01-28,2025-04-21,Male,41.0,South,Tablet,Electronics,Credit Card,5,52.1,222.77,0,91.3,884,70,0
1247,2024-06-12,2025-06-19,Male,28.0,East,Desktop,Grocery,Credit Card,6,66.51,411.85,1,98.3,383,11,0
4821,2022-07-27,2025-05-01,Male,28.0,South,Mobile,Electronics,Debit Card,5,72.24,316.14,0,58.6,1069,60,0
2772,2024-10-10,2025-05-06,Male,48.0,West,Desktop,Electronics,UPI,13,44.73,504.46,0,81.0,263,55,0
202,2023-01-25,2024-06-12,Male,43.0,South,Mobile,Sports,Credit Card,8,60.54,450.23,1,18.3,887,383,1
3345,2024-04-13,2025-04-10,Male,28.0,North,Mobile,Electronics,Credit Card,4,93.46,348.97,0,45.4,443,81,0
4864,2022-10-04,2025-06-28,Male,42.0,North,Desktop,Grocery,UPI,5,23.42,130.12,0,19.2,1000,2,0
1422,2022-11-28,2025-05-02,Female,40.0,South,Mobile,Home & Kitchen,,7,33.3,228.04,1,94.0,945,59,0
1818,2022-11-29,2023-09-06,Female,20.0,West,Mobile,Clothing,Debit Card,6,133.42,837.44,1,73.5,944,663,1
955,2023-07-17,2024-04-22,Male,59.0,North,Desktop,Grocery,Credit Card,8,46.59,370.54,1,19.0,714,434,1
3049,2024-12-12,2025-04-12,Male,32.0,South,Desktop,Grocery,Debit Card,3,81.3,253.26,0,42.7,200,79,0
2419,2023-10-30,2025-06-08,Male,23.0,Central,Mobile,Clothing,PayPal,4,35.9,154.09,1,59.6,609,22,0
3718,2024-07-29,2024-12-05,Male,59.0,South,Mobile,Clothing,UPI,5,39.86,200.35,0,98.9,336,207,1
2362,2023-12-26,2024-12-14,Male,28.0,East,Mobile,Electronics,Credit Card,4,90.46,381.83,0,70.7,552,198,1
3360,2023-01-30,2025-05-04,Female,53.0,North,Desktop,Clothing,UPI,7,20.74,161.76,0,48.8,882,57,0
997,2024-03-19,2025-04-10,Female,62.0,South,Mobile,Clothing,Cash on Delivery,6,95.65,602.61,1,90.1,468,81,0
594,2022-11-10,2023-12-31,Male,42.0,West,Desktop,Electronics,Credit Card,9,33.01,326.36,0,50.1,963,547,1
971,2024-01-18,2025-05-21,Female,23.0,South,Mobile,Home & Kitchen,UPI,9,36.46,323.67,0,2.9,529,40,0
203,2024-07-07,2024-08-07,Male,43.0,Central,Desktop,Clothing,UPI,5,22.52,108.64,0,86.5,358,327,1
4579,2023-09-27,2024-02-17,Other,42.0,North,Desktop,Electronics,PayPal,9,65.1,550.09,0,98.7,642,499,1
1975,2022-10-15,2025-05-11,Male,29.0,Central,Desktop,Clothing,Credit Card,6,54.96,302.75,0,60.6,989,50,0
4036,2023-02-01,2025-06-14,Other,60.0,North,Mobile,Sports,UPI,4,13.72,61.08,0,80.2,880,16,0
4852,2023-03-15,2025-04-08,Male,33.0,West,Mobile,Books,Debit Card,7,67.37,403.99,0,98.2,838,83,0
3319,2022-03-21,2024-11-06,Female,53.0,West,Mobile,Sports,UPI,7,48.51,358.26,2,13.9,1197,236,1
3883,2022-11-14,2024-03-05,Female,51.0,South,Desktop,Home & Kitchen,PayPal,11,42.89,534.25,2,86.8,959,482,1
3675,2022-09-25,2025-06-12,Female,39.0,North,Tablet,Clothing,UPI,10,32.53,356.25,0,46.5,1009,18,0
1981,2024-02-25,2025-05-10,Male,40.0,Central,Desktop,Electronics,PayPal,9,104.91,1008.55,1,58.8,491,51,0
2381,2022-10-26,2025-06-22,Female,41.0,South,Tablet,Sports,Credit Card,5,50.92,239.87,0,35.2,978,8,0
2487,2023-02-28,2025-04-17,Female,34.0,North,Mobile,Clothing,Cash on Delivery,6,38.59,245.51,0,81.6,853,74,0
2375,2022-12-14,2024-01-24,Female,54.0,West,Mobile,Home & Kitchen,Cash on Delivery,6,31.56,170.85,2,35.8,929,523,1
4115,2024-03-05,2025-06-25,Female,64.0,South,Desktop,Clothing,UPI,3,60.37,163.73,2,42.7,482,5,0
4785,2022-09-23,2024-06-15,Male,48.0,East,Mobile,Clothing,Credit Card,4,63.17,224.41,2,53.2,1011,380,1
3098,2023-04-22,2025-04-18,Male,18.0,Central,Mobile,Sports,UPI,9,29.06,290.0,0,95.8,800,73,0
4546,2022-04-21,2025-04-30,Female,27.0,South,Desktop,Clothing,PayPal,8,28.75,246.44,1,7.0,1166,61,0
3090,2023-01-21,2023-10-29,Male,28.0,South,Mobile,Electronics,PayPal,12,52.11,619.87,1,93.8,891,610,1
4441,2023-05-01,2025-02-24,Female,40.0,East,Desktop,Grocery,UPI,6,74.04,407.54,0,2.1,791,126,1
1188,2024-12-22,2025-06-15,Male,52.0,East,Tablet,Books,UPI,6,56.58,290.72,3,19.8,190,15,0
2330,2023-01-16,2025-05-15,Male,50.0,South,Mobile,Clothing,UPI,6,32.14,176.33,0,78.8,896,46,0
2343,2024-01-09,2024-06-22,Male,30.0,East,Desktop,Grocery,UPI,6,81.14,438.12,0,51.7,538,373,1
352,2024-08-21,2025-04-24,Female,64.0,North,Mobile,Electronics,Credit Card,5,82.11,368.63,0,45.7,313,67,0
3404,2022-01-18,2024-11-08,Male,63.0,North,Tablet,Clothing,PayPal,7,70.48,550.02,0,47.4,1259,234,1
1756,2024-08-14,2025-04-03,Female,64.0,Central,Mobile,Clothing,UPI,5,63.49,342.65,0,6.8,320,88,0
1596,2023-04-29,2025-05-21,Female,55.0,East,Mobile,Beauty,UPI,9,36.25,354.61,0,12.6,793,40,0
43,2024-01-11,2024-03-15,Male,27.0,North,Mobile,Grocery,Cash on Delivery,9,31.76,295.98,0,83.0,536,472,1
4750,2023-10-25,2025-04-01,Female,41.0,Central,Mobile,Clothing,Credit Card,10,39.66,396.43,0,54.2,614,90,0
2150,2023-06-07,2024-12-19,Female,61.0,South,Tablet,Electronics,UPI,7,80.65,502.2,0,87.3,754,193,1
3348,2024-02-05,2025-05-27,Male,18.0,West,Mobile,Home & Kitchen,UPI,5,96.52,459.0,1,68.3,511,34,0
4542,2022-07-30,2024-04-15,Female,58.0,East,Desktop,Clothing,Debit Card,3,69.66,213.68,1,33.1,1066,441,1
2495,2023-10-16,2025-05-20,Female,59.0,West,Mobile,Home & Kitchen,Credit Card,2,64.87,113.06,1,18.0,623,41,0
3894,2023-03-27,2025-04-27,Male,44.0,South,Mobile,Beauty,Cash on Delivery,7,53.93,337.63,0,22.6,826,64,0
1274,2023-03-30,2025-06-11,Male,25.0,South,Desktop,Grocery,PayPal,4,65.6,246.62,1,37.1,823,19,0
2183,2024-01-06,2024-02-15,Male,27.0,East,Desktop,Sports,PayPal,9,54.15,509.82,0,63.5,541,501,1
575,2023-05-13,2025-06-24,Female,48.0,East,Mobile,Clothing,UPI,6,78.1,462.73,1,49.1,779,6,0
1921,2022-11-20,2024-03-21,Female,56.0,Central,Mobile,Grocery,Debit Card,16,45.17,667.81,0,3.2,953,466,1
2925,2024-05-09,2024-07-17,Male,41.0,West,Tablet,Grocery,Credit Card,8,45.19,357.58,0,91.1,417,348,1
4650,2024-06-16,2025-05-31,Male,63.0,West,Mobile,Clothing,Credit Card,7,26.83,214.86,1,69.4,379,30,0
857,2024-07-21,2025-04-15,Male,27.0,North,Mobile,Sports,Debit Card,7,89.38,647.99,1,69.2,344,76,0
2177,2023-05-06,2025-06-18,Male,25.0,South,Mobile,Sports,Cash on Delivery,7,87.9,536.9,1,53.6,786,12,0
4931,2022-06-19,2025-02-12,Male,54.0,South,Mobile,Beauty,Debit Card,9,31.66,249.45,0,21.2,1107,138,1
2796,2024-03-26,2025-06-29,Female,62.0,Central,Tablet,Clothing,UPI,12,40.41,492.97,3,20.8,461,1,0
2048,2022-05-30,2025-04-22,Female,56.0,South,Desktop,Electronics,PayPal,5,99.44,530.3,0,21.1,1127,69,0
1809,2023-11-14,2025-04-29,Male,21.0,South,Mobile,Beauty,PayPal,10,68.66,690.43,0,33.3,594,62,0
2621,2022-12-06,2025-05-11,Female,54.0,North,Desktop,Grocery,PayPal,10,78.37,772.24,1,67.3,937,50,0
4570,2024-08-14,2025-05-07,Female,41.0,North,Mobile,Home & Kitchen,Debit Card,4,53.82,184.66,1,3.2,320,54,0
1899,2023-06-10,2025-04-27,Male,57.0,South,Tablet,Clothing,PayPal,7,119.82,880.74,0,9.3,751,64,0
1847,2023-01-26,2024-11-30,Male,32.0,North,Tablet,Grocery,Cash on Delivery,9,70.44,618.45,0,80.3,886,212,1
4485,2023-06-05,2024-12-30,Male,63.0,Central,Desktop,Clothing,Debit Card,10,70.3,762.15,0,74.3,756,182,1
876,2024-06-20,2025-04-27,Male,62.0,Central,Mobile,Home & Kitchen,Debit Card,8,54.42,463.02,0,77.4,375,64,0
104,2024-02-21,2024-07-02,Female,23.0,West,Desktop,Sports,Debit Card,4,66.43,231.61,0,46.6,495,363,1
3697,2022-11-01,2024-09-06,Female,56.0,Central,Desktop,Clothing,UPI,9,88.78,833.85,1,0.1,972,297,1
2459,2024-05-31,2025-04-05,Female,37.0,West,Tablet,Sports,PayPal,8,70.83,483.38,0,42.6,395,86,0
4077,2023-06-18,2025-05-08,Male,39.0,North,Mobile,Grocery,UPI,5,77.12,388.91,0,2.1,743,53,0
3227,2022-12-16,2025-06-11,Male,21.0,South,Mobile,Electronics,Cash on Delivery,8,50.96,352.17,1,78.8,927,19,0
3410,2024-02-11,2025-04-27,Male,60.0,West,Mobile,Books,Credit Card,2,32.97,66.9,0,60.4,505,64,0
605,2022-06-27,2023-08-28,Male,21.0,North,Desktop,Electronics,UPI,9,87.61,675.53,1,7.0,1099,672,1
989,2022-08-24,2025-06-27,Male,58.0,East,Mobile,Home & Kitchen,Debit Card,3,59.05,182.23,0,24.0,1041,3,0
1234,2022-01-16,2025-04-10,Male,39.0,South,Desktop,Beauty,Credit Card,9,26.87,256.22,2,62.9,1261,81,0
67,2024-02-17,2025-05-13,Male,23.0,West,Mobile,Grocery,PayPal,10,56.85,487.24,1,92.3,499,48,0
1434,2022-11-25,2025-05-19,Female,50.0,South,Mobile,Home & Kitchen,PayPal,7,39.68,239.0,1,11.7,948,42,0
385,2023-01-25,2025-04-01,Female,38.0,West,Desktop,Books,UPI,12,30.36,360.53,1,33.6,887,90,0
894,2024-09-26,2025-05-04,Male,38.0,Central,Mobile,Books,PayPal,6,155.01,961.8,0,20.6,277,57,0
57,2024-01-29,2025-06-27,Male,39.0,South,Mobile,Home & Kitchen,Credit Card,6,51.01,308.98,0,89.6,518,3,0
712,2022-05-04,2025-05-24,Female,56.0,Central,Desktop,Electronics,Debit Card,11,38.03,465.82,1,89.7,1153,37,0
2373,2022-12-14,2025-05-09,Female,44.0,East,Desktop,Electronics,Credit Card,9,185.49,1593.09,0,60.7,929,52,0
2127,2023-12-07,2025-04-23,Female,57.0,South,Tablet,Grocery,UPI,5,49.39,239.35,2,57.8,571,68,0
2589,2023-03-28,2025-04-28,Male,40.0,West,Desktop,Clothing,UPI,7,46.69,348.89,0,65.4,825,63,0
356,2023-12-18,2025-04-13,Female,41.0,North,Desktop,Sports,Credit Card,10,56.82,590.03,2,77.2,560,78,0
1843,2022-10-30,2024-04-15,Male,61.0,South,Mobile,Clothing,Cash on Delivery,11,59.35,596.16,0,29.7,974,441,1
2408,2023-09-08,2025-04-25,Male,41.0,Central,Desktop,Beauty,UPI,14,51.08,731.88,0,64.9,661,66,0
1019,2022-03-18,2024-06-21,Female,21.0,Central,Mobile,Beauty,PayPal,10,43.96,464.86,0,80.3,1200,374,1
1315,2022-04-27,2025-05-09,Male,31.0,West,Mobile,Beauty,Debit Card,7,90.17,537.12,1,17.4,1160,52,0
3297,2024-12-06,2025-04-22,Female,26.0,East,Mobile,Home & Kitchen,Debit Card,7,32.23,237.12,0,21.4,206,69,0
2964,2024-08-12,2025-05-15,Other,46.0,West,Mobile,Electronics,Debit Card,5,77.93,373.43,0,17.8,322,46,0
308,2024-05-17,2025-06-26,Male,35.0,East,Mobile,Beauty,PayPal,9,49.22,411.89,0,11.7,409,4,0
3462,2024-08-22,2025-06-15,Male,34.0,Central,Desktop,Grocery,Debit Card,8,45.29,340.5,0,2.5,312,15,0
814,2022-09-06,2024-03-19,Female,32.0,East,Mobile,Home & Kitchen,Debit Card,9,49.16,419.72,0,85.7,1028,468,1
42,2023-08-24,2025-05-11,Female,58.0,West,Desktop,Electronics,Credit Card,4,76.66,278.46,0,0.7,676,50,0
3582,2023-06-02,2024-07-30,Female,27.0,North,Mobile,Grocery,UPI,6,29.16,190.0,1,18.3,759,335,1
1406,2023-08-07,2024-06-02,Male,44.0,Central,Mobile,Beauty,PayPal,5,106.76,515.83,0,73.3,693,393,1
3599,2022-08-06,2025-05-13,Male,53.0,Central,Mobile,Sports,UPI,7,41.09,303.2,0,61.1,1059,48,0
1682,2022-11-28,2023-12-31,Other,26.0,South,Mobile,Home & Kitchen,UPI,10,46.56,421.55,1,90.5,945,547,1
883,2022-11-13,2024-06-17,Male,32.0,East,Mobile,Books,Credit Card,8,28.82,218.04,1,79.5,960,378,1
3623,2024-11-13,2025-04-15,Male,28.0,South,Mobile,Grocery,Credit Card,8,32.07,249.06,0,88.8,229,76,0
699,2023-09-15,2025-04-07,Male,19.0,West,Mobile,Electronics,UPI,7,46.56,285.19,0,98.6,654,84,0
3857,2023-05-30,2024-03-13,Male,46.0,South,Mobile,Grocery,Credit Card,10,84.73,780.68,0,0.8,762,474,1
4001,2022-09-10,2025-04-05,Female,57.0,Central,Mobile,Beauty,Debit Card,6,40.29,263.63,0,22.7,1024,86,0
2052,2022-05-11,2025-06-15,Female,34.0,East,Mobile,Beauty,UPI,6,43.86,255.16,0,48.9,1146,15,0
4233,2022-10-02,2025-04-07,Male,49.0,West,Mobile,Grocery,Debit Card,7,59.93,426.76,0,22.4,1002,84,0
216,2023-04-30,2025-04-27,Male,27.0,North,Mobile,Books,Debit Card,8,92.21,744.75,1,97.4,792,64,0
3025,2022-03-02,2025-06-11,Male,52.0,East,Mobile,Clothing,Credit Card,8,112.56,778.46,0,20.0,1216,19,0
2147,2022-10-02,2025-04-18,Male,37.0,East,Desktop,Home & Kitchen,PayPal,5,38.37,185.21,0,78.7,1002,73,0
2323,2023-07-14,2023-09-20,Female,46.0,Central,Desktop,Beauty,UPI,7,46.48,363.49,1,23.7,717,649,1
3597,2023-08-02,2025-01-28,Male,42.0,Central,Desktop,Beauty,Credit Card,6,43.39,271.35,0,50.2,698,153,1
2483,2023-12-15,2025-05-31,Female,52.0,North,Mobile,Grocery,Debit Card,9,42.25,408.97,0,82.5,563,30,0
1371,2024-12-14,2025-06-29,Other,53.0,East,Desktop,Grocery,UPI,7,42.01,253.82,0,31.4,198,1,0
1567,2023-08-25,2025-05-16,Female,41.0,North,Mobile,Sports,Credit Card,12,110.94,1407.61,0,58.9,675,45,0
2193,2023-02-21,2025-05-23,Female,59.0,North,Tablet,Clothing,UPI,9,34.79,313.89,0,9.2,860,38,0
3321,2023-11-10,2023-12-30,Female,44.0,North,Mobile,Electronics,Cash on Delivery,5,63.59,272.19,1,15.0,598,548,1
4997,2024-02-11,2025-05-08,Male,54.0,South,Mobile,Clothing,Debit Card,11,66.8,785.54,0,36.3,505,53,0
4969,2024-06-21,2025-04-21,Female,61.0,Central,Mobile,Home & Kitchen,Cash on Delivery,9,55.95,483.77,0,63.3,374,70,0
3851,2024-02-21,2025-06-03,Male,60.0,West,Desktop,Home & Kitchen,Debit Card,5,43.13,232.04,0,15.6,495,27,0
1517,2022-08-01,2025-06-12,Female,35.0,North,Mobile,Grocery,UPI,8,74.91,559.71,1,94.4,1064,18,0
2749,2022-07-25,2025-05-02,Female,24.0,North,Mobile,Home & Kitchen,Credit Card,5,59.29,262.06,0,46.1,1071,59,0
2504,2023-05-15,2025-06-18,Female,49.0,North,Desktop,Home & Kitchen,Credit Card,6,55.11,358.79,1,29.3,777,12,0
3045,2024-02-24,2025-05-10,Female,18.0,South,Desktop,Home & Kitchen,Credit Card,7,40.02,301.41,1,33.2,492,51,0
1767,2023-12-24,2025-05-21,Female,57.0,North,Desktop,Electronics,PayPal,8,47.75,394.81,2,13.8,554,40,0
2187,2024-11-16,2025-02-06,Female,53.0,West,Mobile,Electronics,Debit Card,10,32.09,285.99,0,44.5,226,144,1
4841,2022-11-20,2024-10-06,Female,59.0,East,Mobile,Clothing,Credit Card,5,90.59,437.36,0,6.7,953,267,1
3309,2023-06-25,2025-01-30,Male,48.0,West,Mobile,Beauty,Debit Card,8,65.41,588.16,0,6.9,736,151,1
4597,2024-08-18,2025-05-14,Female,36.0,West,Mobile,Electronics,Debit Card,7,31.95,211.54,1,90.8,316,47,0
1038,2023-03-21,2024-09-07,Female,50.0,Central,Desktop,Sports,Debit Card,7,55.02,407.87,0,28.1,832,296,1
2438,2023-06-02,2025-05-02,Male,60.0,East,Desktop,Home & Kitchen,UPI,8,48.91,398.52,2,93.5,759,59,0
3000,2022-01-25,2024-11-10,Female,21.0,East,Mobile,Books,UPI,9,54.26,447.51,1,37.6,1252,232,1
1511,2023-06-04,2025-01-12,Female,22.0,South,Mobile,Sports,Debit Card,12,20.92,231.81,1,51.6,757,169,1
412,2022-01-01,2025-05-23,Female,56.0,North,Mobile,Books,Debit Card,12,104.59,1183.28,0,85.1,1276,38,0
3822,2023-08-09,2025-04-13,Male,18.0,East,Mobile,Clothing,Credit Card,7,34.96,253.63,0,56.4,691,78,0
3668,2024-05-02,2025-04-08,Male,50.0,North,Mobile,Clothing,UPI,8,55.38,413.72,0,31.2,424,83,0
1302,2022-05-20,2024-08-03,Female,63.0,North,Mobile,Clothing,Debit Card,4,94.99,432.02,1,33.2,1137,331,1
3260,2024-03-03,2025-06-06,Female,55.0,West,Desktop,Clothing,Debit Card,6,52.48,298.26,0,49.4,484,24,0
1297,2024-07-08,2025-03-17,Male,43.0,North,Mobile,Beauty,Debit Card,9,42.62,341.59,0,44.5,357,105,1
3573,2022-04-09,2025-05-06,Female,32.0,North,Mobile,Beauty,Debit Card,4,69.06,269.52,0,83.9,1178,55,0
3317,2022-10-22,2025-06-18,Female,31.0,South,Desktop,Beauty,UPI,10,97.49,869.93,1,68.8,982,12,0
3476,2023-08-26,2024-05-25,Female,33.0,West,Mobile,Electronics,UPI,9,30.05,296.54,0,31.4,674,401,1
4078,2024-08-24,2025-05-30,Male,42.0,South,Mobile,Books,UPI,3,54.7,169.38,2,82.3,310,31,0
4097,2024-07-02,2025-06-22,Male,46.0,Central,Desktop,Grocery,Debit Card,7,51.96,362.07,0,0.9,363,8,0
4364,2022-05-19,2024-03-28,Female,32.0,North,Mobile,Sports,Debit Card,6,26.66,168.39,0,73.0,1138,459,1
2550,2023-05-04,2025-05-06,Male,25.0,East,Mobile,Clothing,PayPal,3,72.68,234.79,0,21.4,788,55,0
4880,2022-10-11,2025-06-22,Female,38.0,South,Desktop,Books,PayPal,4,28.14,129.37,0,58.8,993,8,0
759,2024-06-03,2025-05-01,Female,55.0,North,Desktop,Clothing,PayPal,6,60.62,346.85,0,30.7,392,60,0
2368,2024-04-27,2025-06-26,Female,53.0,South,Tablet,Clothing,PayPal,4,20.38,73.05,0,10.5,429,4,0
2477,2022-08-03,2025-06-07,Male,19.0,West,Mobile,Electronics,UPI,7,73.52,476.16,0,19.5,1062,23,0
3606,2024-01-04,2025-03-03,Male,39.0,North,Mobile,Clothing,Cash on Delivery,5,27.45,139.64,0,58.6,543,119,1
1318,2022-06-07,2025-06-02,Female,43.0,West,Mobile,Electronics,UPI,8,20.0,153.52,0,7.5,1119,28,0
3185,2023-06-19,2025-06-15,Female,45.0,South,Mobile,Grocery,UPI,11,95.21,1008.33,0,35.4,742,15,0
74,2023-10-09,2025-05-31,Female,28.0,Central,Desktop,Sports,UPI,7,64.34,462.67,1,57.1,630,30,0
26,2023-07-24,2023-11-21,Female,25.0,Central,Mobile,Home & Kitchen,Debit Card,6,60.82,320.49,0,92.3,707,587,1
3393,2023-03-30,2025-05-25,Female,18.0,South,Desktop,Beauty,PayPal,8,70.58,522.42,0,69.0,823,36,0
3601,2023-02-11,2025-04-03,Male,43.0,Central,Desktop,Home & Kitchen,UPI,5,45.67,208.02,0,39.7,870,88,0
1127,2023-04-13,2025-05-12,Male,26.0,East,Mobile,Beauty,Credit Card,9,34.7,284.5,1,78.6,809,49,0
3578,2024-05-03,2024-11-23,Female,32.0,South,Mobile,Sports,UPI,7,43.67,350.49,1,98.1,423,219,1
1140,2024-08-29,2025-05-10,Female,56.0,East,Mobile,Sports,Cash on Delivery,7,32.13,222.54,1,94.8,305,51,0
506,2023-09-04,2025-05-20,Male,22.0,North,Mobile,Grocery,Credit Card,7,30.42,219.48,0,2.9,665,41,0
1561,2023-07-01,2025-06-01,Male,51.0,North,Desktop,Grocery,Debit Card,5,40.42,222.34,1,4.7,730,29,0
4945,2024-03-20,2024-06-29,Female,48.0,West,Tablet,Clothing,Credit Card,4,50.21,222.76,3,54.1,467,366,1
4151,2023-01-18,2024-06-03,Male,45.0,East,Tablet,Beauty,UPI,4,61.52,269.62,0,51.0,894,392,1
4842,2024-12-29,2025-04-08,Female,26.0,West,Mobile,Books,Credit Card,12,28.2,345.67,0,15.7,183,83,0
4939,2024-06-08,2025-04-29,Female,34.0,North,Desktop,Clothing,Cash on Delivery,5,111.24,578.05,0,36.1,387,62,0
3531,2022-01-09,2025-02-06,Male,50.0,East,Mobile,Home & Kitchen,PayPal,7,43.49,267.8,0,9.9,1268,144,1
3638,2023-10-03,2025-04-16,Male,55.0,South,Mobile,Electronics,Credit Card,8,62.6,489.09,1,83.3,636,75,0
1121,2024-05-31,2025-03-13,Female,59.0,Central,Mobile,Grocery,Cash on Delivery,5,23.34,99.51,0,99.9,395,109,1
1113,2022-09-16,2025-04-03,Male,34.0,East,Tablet,Grocery,Debit Card,7,33.5,238.39,0,87.1,1018,88,0
587,2022-01-26,2025-06-08,Male,22.0,East,Mobile,Electronics,Cash on Delivery,6,60.69,329.49,0,5.5,1251,22,0
602,2023-07-04,2023-10-02,Male,40.0,South,Desktop,Home & Kitchen,Debit Card,8,48.37,425.02,0,86.4,727,637,1
612,2022-02-28,2025-05-22,Female,29.0,South,Desktop,Electronics,Debit Card,7,105.6,762.23,0,28.6,1218,39,0
3187,2022-06-01,2025-05-22,Male,38.0,West,Mobile,Sports,Credit Card,7,40.02,298.01,1,78.0,1125,39,0
2474,2023-12-08,2025-05-25,Female,30.0,South,Mobile,Home & Kitchen,UPI,5,62.3,348.87,0,23.5,570,36,0
2697,2024-01-09,2024-05-13,Female,39.0,North,Mobile,Electronics,Credit Card,4,41.23,163.85,0,72.4,538,413,1
1090,2024-01-12,2024-10-12,Male,54.0,Central,Mobile,Clothing,UPI,13,32.73,451.86,0,3.0,535,261,1
2738,2024-12-22,2025-01-06,Female,56.0,East,Desktop,Clothing,Credit Card,8,114.83,996.97,0,93.5,190,175,1
1536,2023-10-09,2024-09-19,Male,60.0,South,Mobile,Beauty,Debit Card,6,40.77,253.11,0,50.1,630,284,1
1409,2024-12-29,2025-06-19,Female,61.0,East,Mobile,Books,Credit Card,6,65.65,363.59,1,55.0,183,11,0
2614,2022-06-28,2024-12-25,Female,33.0,Central,Mobile,Beauty,Credit Card,6,53.66,330.49,1,97.0,1098,187,1
349,2022-08-10,2024-04-28,Male,48.0,South,Desktop,Clothing,Credit Card,5,35.53,175.13,1,91.9,1055,428,1
886,2023-06-27,2025-06-29,Male,33.0,Central,Desktop,Books,Debit Card,6,98.34,642.27,0,9.5,734,1,0
4934,2024-03-28,2024-04-28,Male,51.0,South,Desktop,Sports,Debit Card,5,69.76,306.15,0,20.0,459,428,1
4541,2024-03-24,2025-02-27,Male,40.0,North,Mobile,Home & Kitchen,Credit Card,10,28.18,245.72,0,54.9,463,123,1
783,2022-11-26,2025-05-03,Male,40.0,North,Mobile,Books,UPI,9,36.72,372.63,0,10.0,947,58,0
4670,2024-03-14,2025-04-06,Female,57.0,West,Mobile,Home & Kitchen,Credit Card,7,78.03,489.3,2,7.6,473,85,0
4005,2022-06-24,2023-07-23,Male,64.0,Central,Mobile,Grocery,UPI,8,43.26,371.87,1,70.8,1102,708,1
630,2023-05-08,2025-06-27,Male,48.0,West,Mobile,Sports,Debit Card,9,58.66,474.66,0,53.3,784,3,0
4460,2023-07-07,2025-04-07,Female,61.0,East,Mobile,Home & Kitchen,Debit Card,6,48.29,317.57,2,21.0,724,84,0
4630,2023-01-09,2024-06-04,Female,44.0,East,Desktop,Electronics,Debit Card,6,26.16,146.13,0,47.9,903,391,1
2549,2022-08-30,2025-05-15,Male,39.0,West,Mobile,Books,,6,37.95,219.64,0,67.9,1035,46,0
3732,2022-01-01,2025-06-04,Female,42.0,East,Desktop,Beauty,UPI,8,21.74,159.43,1,71.2,1276,26,0
2458,2023-11-11,2024-02-02,Female,39.0,North,Desktop,Sports,Credit Card,5,67.37,375.03,0,26.3,597,514,1
409,2022-12-23,2025-05-29,Female,59.0,South,Mobile,Electronics,Debit Card,4,141.31,539.75,0,6.0,920,32,0
3392,2023-03-15,2025-04-26,Female,42.0,North,Mobile,Grocery,PayPal,7,138.62,925.61,1,73.3,838,65,0
165,2022-02-13,2025-05-20,Male,21.0,South,Mobile,Home & Kitchen,Debit Card,8,36.44,295.89,0,45.3,1233,41,0
3266,2023-09-05,2025-04-07,Male,48.0,North,Desktop,Clothing,Cash on Delivery,6,25.6,142.67,2,14.0,664,84,0
4661,2024-10-17,2025-01-07,,48.0,West,Tablet,Electronics,UPI,7,65.76,511.76,1,50.4,256,174,1
2337,2023-07-03,2025-06-26,Male,63.0,East,Desktop,Books,UPI,8,68.38,541.14,0,58.9,728,4,0
2039,2024-07-24,2025-01-15,Male,42.0,West,Mobile,Electronics,UPI,5,21.49,108.23,1,51.2,341,166,1
1970,2023-11-03,2025-06-29,Male,56.0,West,Desktop,Clothing,UPI,5,35.31,200.59,1,1.1,605,1,0
3509,2023-03-05,2024-11-21,Female,34.0,Central,Mobile,Sports,Credit Card,6,72.86,483.5,0,76.1,848,221,1
3571,2024-12-31,2025-06-27,Male,27.0,South,Desktop,Electronics,PayPal,8,33.1,253.6,0,70.2,181,3,0
1650,2022-02-23,2025-06-02,Female,40.0,East,Mobile,Sports,UPI,8,118.54,1035.09,0,94.5,1223,28,0
3880,2022-01-12,2025-04-28,Male,53.0,North,Desktop,Sports,PayPal,11,48.66,468.83,0,99.1,1265,63,0
2427,2022-02-25,2025-05-14,Male,64.0,Central,Mobile,Clothing,Credit Card,7,35.66,257.76,0,88.9,1221,47,0
1088,2024-09-02,2025-04-19,Male,48.0,East,Desktop,Sports,Credit Card,10,35.6,399.98,0,46.7,301,72,0
4883,2023-05-27,2025-05-10,Female,56.0,North,Mobile,Clothing,Credit Card,6,39.98,229.63,1,79.0,765,51,0
4181,2023-08-04,2025-03-27,Male,28.0,West,Desktop,Books,PayPal,3,33.02,97.73,1,10.9,696,95,1
3140,2022-03-08,2024-03-18,Male,57.0,East,Mobile,Beauty,PayPal,13,58.23,828.39,0,47.9,1210,469,1
3898,2024-10-31,2025-06-20,Female,33.0,East,Mobile,Home & Kitchen,Cash on Delivery,7,46.42,330.55,1,82.4,242,10,0
4020,2022-04-22,2025-05-14,Male,23.0,South,Tablet,Beauty,PayPal,3,80.59,220.53,1,18.3,1165,47,0
1755,2024-11-20,2024-11-30,Other,57.0,South,Mobile,Home & Kitchen,Credit Card,11,42.58,464.45,1,43.3,222,212,1
295,2022-08-08,2025-06-30,Male,48.0,South,Mobile,Home & Kitchen,Debit Card,8,49.05,450.53,0,86.5,1057,0,0
4000,2022-10-17,2024-12-15,Male,31.0,Central,Mobile,Electronics,Credit Card,7,51.72,347.5,1,58.7,987,197,1
966,2022-07-18,2023-10-16,Male,27.0,North,Tablet,Home & Kitchen,Cash on Delivery,5,24.27,118.82,0,92.2,1078,623,1
1823,2024-11-09,2025-04-23,Female,37.0,South,Desktop,Clothing,Credit Card,10,83.4,724.62,0,74.9,233,68,0
1910,2024-12-23,2025-06-06,Male,32.0,West,Desktop,Electronics,Credit Card,6,36.93,193.98,0,90.3,189,24,0
2915,2023-12-11,2025-06-04,Male,32.0,North,Desktop,Books,Debit Card,7,65.19,395.12,0,98.6,567,26,0
2861,2022-08-25,2025-05-21,Female,43.0,South,Mobile,Beauty,PayPal,7,91.77,735.97,1,8.1,1040,40,0
3705,2022-06-03,2025-05-02,Female,,West,Tablet,Home & Kitchen,UPI,7,109.94,843.42,0,89.1,1123,59,0
2364,2023-10-27,2024-01-07,Female,27.0,South,Mobile,Grocery,Credit Card,10,81.13,749.86,0,79.7,612,540,1
529,2024-08-03,2024-09-16,Male,35.0,Central,Desktop,Sports,Debit Card,3,52.62,174.45,0,39.2,331,287,1
3203,2023-11-10,2025-03-30,Male,26.0,South,Mobile,Sports,Credit Card,5,31.92,143.09,0,39.3,598,92,1
3226,2023-02-28,2023-12-28,Female,34.0,South,Mobile,Clothing,Cash on Delivery,11,67.73,640.54,0,41.8,853,550,1
1969,2024-11-21,2025-06-08,Male,31.0,East,Desktop,Sports,PayPal,7,50.24,385.05,0,97.7,221,22,0
2238,2022-05-04,2024-09-04,Male,54.0,Central,Desktop,Electronics,Cash on Delivery,6,79.44,459.75,0,18.8,1153,299,1
28,2023-03-17,2025-04-23,Female,28.0,East,Mobile,Clothing,Credit Card,7,62.11,390.54,1,33.2,836,68,0
4982,2023-12-05,2025-01-17,Male,26.0,North,Mobile,Home & Kitchen,Credit Card,3,101.31,327.54,0,26.4,573,164,1
1674,2024-06-05,2025-05-14,Female,25.0,West,Mobile,Clothing,UPI,7,55.68,409.53,2,4.0,390,47,0
275,2022-05-31,2025-06-29,Female,28.0,East,Mobile,Electronics,Debit Card,5,21.9,107.22,0,54.9,1126,1,0
1073,2022-02-22,2025-03-28,Male,39.0,South,Mobile,Electronics,Credit Card,4,42.59,182.72,0,71.4,1224,94,1
1075,2022-01-31,2025-04-01,Other,38.0,West,Mobile,Books,Debit Card,6,44.83,292.55,0,75.5,1246,90,0
3847,2023-05-02,2024-09-05,Other,55.0,East,Desktop,Electronics,Cash on Delivery,10,61.83,600.92,1,47.3,790,298,1
4058,2024-07-01,2025-05-30,Male,48.0,North,Mobile,Home & Kitchen,Credit Card,5,63.56,294.1,0,34.6,364,31,0
3930,2024-11-07,2025-04-26,Male,36.0,West,Mobile,Sports,Debit Card,8,43.96,309.73,0,99.1,235,65,0
4454,2023-07-27,2025-04-04,Female,61.0,East,Mobile,Clothing,PayPal,10,80.22,805.1,0,4.5,704,87,0
2303,2022-06-07,2025-04-17,Female,21.0,South,Tablet,Clothing,Credit Card,4,51.13,183.64,1,27.7,1119,74,0
3383,2023-12-07,2025-05-27,Male,25.0,North,Mobile,Electronics,UPI,7,53.29,383.38,0,39.8,571,34,0
4347,2023-08-26,2025-05-22,Female,27.0,West,Mobile,Grocery,Credit Card,8,31.07,271.13,0,98.1,674,39,0
1291,2022-12-22,2025-06-25,Male,47.0,West,Desktop,Grocery,Credit Card,9,61.45,506.65,1,49.3,921,5,0
586,2023-11-30,2025-05-11,Male,35.0,South,Desktop,Home & Kitchen,Credit Card,8,57.79,442.68,0,92.8,578,50,0
838,2023-01-26,2024-05-16,Male,53.0,East,Mobile,Sports,UPI,6,17.02,114.76,1,41.2,886,410,1
711,2023-09-18,2025-04-23,Female,37.0,Central,Mobile,Home & Kitchen,UPI,10,35.11,316.42,0,56.6,651,68,0
4788,2023-02-18,2025-04-21,Female,61.0,Central,Desktop,Clothing,UPI,6,30.2,163.54,0,8.5,863,70,0
2616,2022-08-29,2025-06-27,Male,29.0,East,Desktop,Home & Kitchen,Credit Card,10,28.69,257.43,0,34.3,1036,3,0
1251,2023-10-04,2025-05-17,Female,40.0,West,Tablet,Beauty,Credit Card,4,114.56,394.36,1,56.4,635,44,0
4251,2024-04-17,2025-04-15,Male,39.0,West,Tablet,Beauty,UPI,8,30.54,230.82,0,20.7,439,76,0
2966,2024-04-12,2025-05-24,Female,52.0,Central,Mobile,Grocery,Credit Card,8,36.03,283.43,0,80.4,444,37,0
1438,2022-10-29,2024-01-20,Female,54.0,Central,Mobile,Electronics,PayPal,10,48.35,554.69,0,91.2,975,527,1
3819,2024-09-10,2025-06-20,Female,33.0,North,Desktop,Clothing,Credit Card,6,93.29,504.03,0,68.8,293,10,0
1554,2024-03-02,2025-05-03,Female,49.0,East,Desktop,Grocery,Debit Card,10,42.52,396.91,2,83.7,485,58,0
817,2022-11-21,2023-11-24,Female,48.0,Central,Mobile,Electronics,Credit Card,6,25.48,166.94,0,78.0,952,584,1
1244,2022-05-28,2024-09-28,Female,42.0,South,Mobile,Grocery,Credit Card,7,44.47,331.34,2,9.3,1129,275,1
4894,2024-09-26,2024-11-14,Male,34.0,East,Mobile,Clothing,Debit Card,6,39.97,243.84,0,57.4,277,228,1
958,2024-10-14,2025-03-06,Male,44.0,East,Tablet,Books,Credit Card,6,39.22,203.8,0,51.2,259,116,1
303,2024-11-01,2025-03-19,Female,51.0,South,Mobile,Grocery,Cash on Delivery,4,34.56,148.57,0,48.9,241,103,1
2620,2024-05-26,2025-06-15,Male,59.0,West,Mobile,Clothing,Debit Card,2,41.82,73.82,3,37.2,400,15,0
4698,2024-09-12,2025-06-06,Female,41.0,South,Mobile,Home & Kitchen,Debit Card,9,37.75,290.82,2,78.2,291,24,0
4476,2024-09-23,2025-05-29,Female,24.0,North,Mobile,Books,Credit Card,11,72.69,774.24,0,4.4,280,32,0
2679,2023-12-05,2024-09-29,Male,37.0,East,Desktop,Sports,PayPal,7,72.77,453.62,1,72.1,573,274,1
3560,2023-04-05,2024-01-23,Male,62.0,South,Desktop,Sports,Credit Card,6,52.97,362.52,0,30.5,817,524,1
2486,2024-07-21,2025-05-14,Other,54.0,East,Mobile,Clothing,Credit Card,12,45.69,548.96,0,21.9,344,47,0
4927,2024-03-18,2025-04-07,Male,42.0,West,Tablet,Books,UPI,8,46.12,414.61,2,48.1,469,84,0
3726,2024-10-15,2024-10-23,Female,26.0,North,Tablet,Clothing,Credit Card,5,86.48,472.23,0,59.3,258,250,1
1064,2023-11-04,2025-04-08,Male,54.0,Central,Mobile,Electronics,PayPal,8,76.14,633.69,1,50.5,604,83,0
873,2024-10-25,2025-04-29,Female,63.0,Central,Desktop,Books,UPI,6,27.96,172.45,0,46.6,248,62,0
4915,2023-11-01,2025-06-19,Male,26.0,East,Mobile,Grocery,Credit Card,3,89.72,230.42,0,77.9,607,11,0
2820,2022-06-26,2024-10-12,Male,48.0,South,Mobile,Electronics,UPI,6,73.89,404.39,0,9.9,1100,261,1
4034,2023-08-07,2024-02-27,Other,28.0,Central,Desktop,Clothing,Cash on Delivery,3,26.73,87.8,2,21.5,693,489,1
953,2022-02-14,2025-04-08,Male,59.0,West,Desktop,Sports,UPI,9,154.04,1253.07,0,40.3,1232,83,0
160,2022-09-05,2025-06-08,Female,50.0,East,Tablet,Grocery,UPI,10,37.61,366.75,0,14.1,1029,22,0
907,2022-03-01,2025-04-15,Female,55.0,North,Desktop,Books,Debit Card,7,26.2,199.41,0,71.1,1217,76,0
924,2023-05-09,2025-05-02,Female,37.0,East,Mobile,Grocery,PayPal,8,60.1,512.53,0,92.0,783,59,0
2771,2023-05-06,2024-12-13,Male,30.0,North,Mobile,Clothing,UPI,12,91.95,1063.06,1,33.6,786,199,1
60,2023-07-01,2024-08-13,Male,22.0,South,Mobile,Clothing,PayPal,4,54.47,227.13,1,94.5,730,321,1
2923,2024-12-21,2025-06-10,Female,48.0,North,Desktop,Clothing,Debit Card,6,52.5,330.35,0,28.8,191,20,0
4628,2023-01-21,2024-12-19,Female,46.0,East,Mobile,Home & Kitchen,UPI,5,29.12,129.19,1,54.3,891,193,1
4778,2024-04-19,2024-08-01,Male,50.0,South,Mobile,Home & Kitchen,PayPal,5,61.07,350.71,1,59.0,437,333,1
1976,2024-09-04,2025-05-05,Female,52.0,Central,Tablet,Grocery,UPI,8,40.59,294.9,2,84.6,299,56,0
24,2024-05-15,2025-02-09,Male,43.0,North,Mobile,Electronics,PayPal,7,81.43,547.22,0,59.3,411,141,1
4025,2023-05-29,2025-05-09,Female,36.0,East,Mobile,Clothing,UPI,7,144.11,1088.31,0,41.4,763,52,0
2626,2023-12-20,2025-06-11,Female,56.0,West,Desktop,Clothing,Debit Card,13,61.73,850.83,0,5.5,558,19,0
684,2024-09-07,2025-04-20,Female,30.0,East,Mobile,Electronics,Credit Card,6,90.28,600.05,2,55.3,296,71,0
3064,2023-03-25,2024-11-22,Female,27.0,Central,Mobile,Grocery,Debit Card,14,42.28,615.6,0,88.3,828,220,1
2395,2024-07-26,2025-04-09,Female,55.0,Central,Mobile,Clothing,UPI,9,61.93,478.13,0,70.4,339,82,0
4332,2023-12-14,2025-06-24,Male,53.0,West,Mobile,Grocery,Cash on Delivery,6,95.66,523.47,0,86.2,564,6,0
3604,2024-12-07,2025-03-24,Male,44.0,Central,Desktop,Grocery,Debit Card,5,37.37,191.69,0,67.3,205,98,1
2141,2022-10-23,2025-06-28,Female,61.0,North,Desktop,Sports,UPI,8,45.76,387.85,0,55.2,981,2,0
2057,2023-08-11,2025-05-05,Male,59.0,South,Desktop,Electronics,PayPal,10,40.44,366.13,0,28.9,689,56,0
2703,2024-03-22,2024-08-06,Male,59.0,North,Mobile,Electronics,Cash on Delivery,8,54.45,449.59,1,86.6,465,328,1
229,2024-07-20,2025-05-03,Female,38.0,East,Mobile,Beauty,UPI,9,46.43,356.91,0,1.3,345,58,0
490,2023-03-15,2025-05-14,Female,34.0,North,Tablet,Electronics,UPI,4,38.38,169.14,0,10.8,838,47,0
1238,2022-09-22,2024-02-04,Male,25.0,West,Desktop,Electronics,UPI,7,41.2,316.43,1,62.5,1012,512,1
3714,2024-02-15,2025-05-08,Female,26.0,East,Mobile,Books,Debit Card,2,101.37,205.4,0,49.4,501,53,0
830,2023-07-14,2025-05-01,Male,50.0,East,Mobile,Sports,Cash on Delivery,5,46.59,221.5,0,91.2,717,60,0
4319,2022-11-19,2024-08-16,Male,48.0,West,Mobile,Electronics,Credit Card,6,45.91,289.73,0,15.9,954,318,1
386,2023-06-06,2024-06-07,Female,32.0,South,Desktop,Electronics,Credit Card,11,35.01,383.77,1,59.2,755,388,1
3746,2024-07-15,2025-06-06,Male,42.0,East,Desktop,Books,Debit Card,7,68.93,463.51,2,8.7,350,24,0
2498,2022-04-02,2024-08-26,Female,64.0,East,Tablet,Home & Kitchen,PayPal,5,24.27,119.79,0,42.8,1185,308,1
2284,2024-06-07,2024-09-09,Male,18.0,Central,Mobile,Home & Kitchen,Cash on Delivery,11,103.54,1033.21,0,63.9,388,294,1
16,2022-02-24,2024-03-28,Male,40.0,North,Desktop,Clothing,PayPal,8,94.08,763.56,0,55.4,1222,459,1
3920,2023-10-20,2025-05-28,Female,24.0,Central,Desktop,Electronics,Credit Card,5,31.25,166.1,1,54.7,619,33,0
3163,2022-08-10,2024-11-19,Male,26.0,East,Mobile,Electronics,PayPal,6,52.76,344.65,0,68.3,1055,223,1
4862,2022-02-03,2023-10-27,Female,40.0,North,Mobile,Beauty,Debit Card,5,35.48,158.58,0,2.1,1243,612,1
1389,2022-07-27,2025-05-07,Female,48.0,West,Mobile,Clothing,Cash on Delivery,7,55.23,395.63,0,20.2,1069,54,0
4506,2024-07-04,2025-04-08,Male,29.0,Central,Mobile,Grocery,PayPal,7,50.14,334.8,1,6.1,361,83,0
1589,2022-11-24,2025-05-14,Male,41.0,Central,Mobile,Clothing,Cash on Delivery,9,86.66,675.61,0,33.3,949,47,0
4993,2023-06-14,2025-04-09,Male,56.0,West,Mobile,Beauty,UPI,3,55.45,187.98,0,29.2,747,82,0
3349,2022-04-26,2023-09-11,Male,23.0,West,Desktop,Home & Kitchen,PayPal,7,53.22,328.14,0,54.8,1161,658,1
4800,2023-03-29,2025-04-18,Female,46.0,North,Mobile,Beauty,Credit Card,11,26.89,307.88,0,28.0,824,73,0
1752,2023-01-24,2025-04-19,Male,41.0,East,Mobile,Grocery,Debit Card,8,45.5,322.13,0,35.7,888,72,0
3275,2022-12-21,2025-05-05,Female,57.0,South,Desktop,Electronics,UPI,16,71.05,1132.67,0,42.7,922,56,0
1151,2022-09-08,2024-08-05,Female,42.0,East,Mobile,Clothing,Debit Card,11,64.46,691.05,0,80.0,1026,329,1
3427,2022-05-11,2025-03-15,Female,41.0,North,Mobile,Books,Debit Card,12,33.22,423.77,1,17.6,1146,107,1
1305,2023-09-13,2025-05-08,Female,41.0,South,Mobile,Electronics,Credit Card,16,52.08,854.1,2,53.4,656,53,0
1232,2023-11-03,2025-06-04,Male,63.0,East,Mobile,Clothing,Credit Card,4,32.51,138.26,1,56.1,605,26,0
2745,2024-04-23,2024-07-17,Female,47.0,South,Mobile,Grocery,Credit Card,6,30.33,183.11,1,94.7,433,348,1
1793,2022-09-01,2025-04-04,Female,51.0,North,Mobile,Clothing,Debit Card,8,94.46,659.5,1,35.5,1033,87,0
4633,2022-08-15,2025-06-12,Female,59.0,West,Desktop,Clothing,UPI,10,77.55,732.2,0,48.1,1050,18,0
3556,2022-12-04,2025-04-18,Female,34.0,East,Desktop,Home & Kitchen,Debit Card,6,144.09,906.36,0,99.9,939,73,0
1270,2022-06-11,2025-06-24,Male,24.0,East,Mobile,Electronics,PayPal,7,54.14,377.55,0,65.0,1115,6,0
3161,2023-12-19,2024-07-26,Male,60.0,West,Mobile,Sports,UPI,7,99.82,790.36,0,89.3,559,339,1
3489,2024-04-26,2025-06-30,Male,53.0,Central,Mobile,Electronics,PayPal,10,62.14,686.59,0,89.7,430,0,0
964,2023-05-29,2023-08-07,Male,18.0,North,Desktop,Clothing,Credit Card,9,75.61,593.93,0,79.1,763,693,1
3155,2024-07-03,2025-04-29,Male,47.0,South,Mobile,Electronics,PayPal,7,71.68,519.05,1,16.2,362,62,0
498,2023-02-28,2025-04-27,Male,26.0,East,Tablet,Home & Kitchen,UPI,5,103.02,457.23,0,51.1,853,64,0
353,2023-04-01,2025-06-04,Female,57.0,West,Mobile,Clothing,Credit Card,8,25.77,216.96,0,55.2,821,26,0
1839,2024-09-10,2025-06-13,Female,62.0,West,Mobile,Clothing,UPI,7,28.01,177.73,0,39.3,293,17,0
3951,2022-11-11,2025-05-05,Male,50.0,East,Desktop,Clothing,UPI,12,88.46,986.18,1,57.8,962,56,0
2491,2024-09-02,2025-03-10,Male,46.0,South,Mobile,Beauty,Credit Card,8,42.83,317.43,1,85.3,301,112,1
2,2022-02-21,2025-01-29,Female,24.0,East,Mobile,Beauty,Credit Card,7,15.28,96.85,1,31.8,1225,152,1
286,2024-06-16,2025-04-16,Male,32.0,East,Desktop,Beauty,UPI,8,36.07,251.76,1,12.7,379,75,0
4820,2022-07-18,2024-04-01,Male,23.0,North,Desktop,Electronics,Credit Card,9,37.66,370.95,0,39.7,1078,455,1
1647,2022-10-12,2024-09-13,Male,56.0,East,Desktop,Books,Credit Card,10,20.39,207.31,0,80.8,992,290,1
784,2023-11-07,2025-04-02,Male,50.0,Central,Mobile,Beauty,Debit Card,12,28.86,332.62,0,69.0,601,89,0
2909,2023-05-18,2025-04-29,,31.0,East,Desktop,Electronics,Debit Card,8,15.38,127.57,0,45.7,774,62,0
4011,2024-11-15,2025-05-12,Male,26.0,South,Desktop,Beauty,Cash on Delivery,10,29.85,336.44,0,7.9,227,49,0
4717,2022-11-14,2024-11-22,Female,18.0,North,Mobile,Clothing,Debit Card,5,94.17,534.38,1,52.9,959,220,1
2397,2022-10-05,2025-06-30,Male,29.0,North,Mobile,Electronics,Debit Card,8,41.43,350.6,0,68.2,999,0,0
69,2023-03-26,2025-04-05,Male,28.0,West,Desktop,Clothing,Credit Card,10,52.45,524.72,0,44.2,827,86,0
404,2023-08-29,2025-06-29,Female,51.0,Central,Mobile,Clothing,UPI,5,23.49,129.55,0,96.5,671,1,0
3435,2022-11-04,2025-03-22,Female,32.0,West,Desktop,Clothing,Credit Card,5,40.38,177.34,0,4.1,969,100,1
2803,2022-06-18,2025-06-04,Female,20.0,West,Mobile,Grocery,Debit Card,4,36.94,162.36,1,23.3,1108,26,0
798,2022-01-03,2024-01-22,Female,62.0,East,Mobile,Books,Credit Card,5,25.33,113.66,0,97.2,1274,525,1
3099,2023-03-25,2025-06-30,Male,34.0,North,Mobile,Grocery,Credit Card,6,71.88,462.65,0,32.0,828,0,0
4978,2023-05-13,2025-05-29,Male,41.0,East,Mobile,Electronics,UPI,11,63.22,682.26,1,15.6,779,32,0
4493,2023-06-12,2024-08-29,Female,29.0,South,Mobile,Grocery,UPI,5,46.21,218.0,0,30.6,749,305,1
2024,2022-12-03,2025-05-13,Male,25.0,West,Mobile,Beauty,Debit Card,14,80.49,1128.62,0,26.7,940,48,0
178,2023-07-25,2025-04-23,Male,25.0,Central,Tablet,Home & Kitchen,Debit Card,6,18.6,107.18,1,24.1,706,68,0
954,2024-03-21,2024-11-12,Female,24.0,South,Desktop,Home & Kitchen,PayPal,4,80.04,351.21,0,31.2,466,230,1
3429,2023-07-21,2025-04-03,Female,26.0,West,Desktop,Clothing,Debit Card,5,42.17,189.48,2,27.0,710,88,0
2140,2023-09-08,2025-04-16,Female,51.0,South,Mobile,Sports,PayPal,9,54.35,438.62,1,48.7,661,75,0
1201,2022-11-19,2025-06-12,Female,63.0,West,Desktop,Grocery,Cash on Delivery,8,82.13,562.37,0,61.3,954,18,0
4330,2022-07-04,2025-06-22,Female,37.0,Central,Mobile,Electronics,Debit Card,10,37.0,349.28,1,66.0,1092,8,0
2916,2022-01-20,2025-04-20,Female,59.0,Central,Tablet,Grocery,PayPal,9,68.52,568.18,0,26.3,1257,71,0
3914,2022-08-23,2025-04-04,Other,34.0,North,Desktop,Electronics,PayPal,10,36.29,332.26,0,76.2,1042,87,0
2301,2022-10-23,2025-05-21,Female,39.0,North,Mobile,Sports,Debit Card,5,94.33,489.98,1,18.3,981,40,0
1757,2024-10-18,2025-06-15,Female,32.0,North,Mobile,Clothing,PayPal,6,25.23,157.54,0,35.8,255,15,0
3487,2024-12-21,2025-04-14,Male,18.0,South,Desktop,Home & Kitchen,Credit Card,4,37.09,156.75,0,90.3,191,77,0
2607,2022-07-29,2023-10-10,Male,32.0,Central,Mobile,Clothing,Credit Card,3,75.77,245.16,0,6.9,1067,629,1
1578,2023-12-21,2025-04-03,Female,33.0,South,Desktop,Beauty,UPI,2,43.48,75.67,0,97.2,557,88,0
2720,2022-09-04,2025-04-04,Male,37.0,East,Tablet,Clothing,UPI,8,75.29,582.79,0,2.8,1030,87,0
2242,2022-01-14,2024-10-18,Male,36.0,Central,Mobile,Grocery,Debit Card,9,66.6,559.8,0,5.7,1263,255,1
1929,2022-05-02,2024-03-08,Female,45.0,South,Mobile,Electronics,UPI,10,58.85,511.91,0,22.6,1155,479,1
2775,2023-05-09,2025-06-30,Female,51.0,East,Mobile,Clothing,Credit Card,10,116.83,1104.49,0,51.5,783,0,0
1508,2022-03-31,2025-05-11,Female,49.0,North,Desktop,Clothing,UPI,5,72.48,396.39,0,63.0,1187,50,0
1498,2022-06-25,2025-05-04,Male,42.0,Central,Mobile,Clothing,Cash on Delivery,6,19.92,105.15,0,18.9,1101,57,0
4031,2022-09-20,2025-05-08,Female,19.0,South,Tablet,Sports,PayPal,8,70.47,489.19,1,78.9,1014,53,0
2293,2022-04-06,2025-04-17,Male,46.0,East,Mobile,Clothing,Credit Card,5,113.83,634.03,1,82.3,1181,74,0
2494,2024-07-15,2025-06-13,Male,27.0,West,Mobile,Beauty,PayPal,5,135.42,739.38,0,93.4,350,17,0
4949,2023-05-12,2025-06-18,Female,52.0,Central,Mobile,Electronics,Credit Card,12,72.49,849.56,1,8.8,780,12,0
539,2024-02-16,2025-06-05,Male,40.0,Central,Mobile,Home & Kitchen,PayPal,6,84.33,493.22,0,11.4,500,25,0
1331,2024-07-11,2025-05-14,Female,27.0,East,Mobile,Clothing,UPI,7,40.99,303.33,0,65.6,354,47,0
2304,2023-09-05,2025-05-12,Male,53.0,Central,Mobile,Beauty,Credit Card,4,78.86,312.12,1,40.6,664,49,0
2500,2022-02-16,2024-01-23,Male,47.0,Central,Mobile,Beauty,Debit Card,4,37.4,165.86,1,38.1,1230,524,1
1613,2023-05-27,2024-10-23,Female,63.0,North,Desktop,Clothing,Credit Card,6,85.71,468.15,1,13.9,765,250,1
1489,2023-05-11,2023-11-04,Male,25.0,West,Mobile,Grocery,UPI,8,34.27,292.13,0,42.5,781,604,1
2019,2022-08-18,2025-06-22,Male,59.0,West,Mobile,Electronics,Credit Card,7,30.44,224.03,0,21.5,1047,8,0
1745,2023-08-18,2025-05-26,Male,23.0,North,Mobile,Grocery,Cash on Delivery,4,82.32,358.59,0,77.2,682,35,0
4952,2024-05-30,2025-05-31,Male,59.0,South,Mobile,Home & Kitchen,UPI,6,27.86,169.13,0,72.8,396,30,0
3933,2022-03-31,2024-08-10,Female,19.0,South,Desktop,Clothing,Credit Card,10,82.16,848.33,0,16.4,1187,324,1
4723,2022-07-07,2024-12-12,Male,24.0,North,Mobile,Clothing,Debit Card,6,44.83,252.38,0,76.5,1089,200,1
121,2024-11-05,2025-06-07,Female,44.0,East,Mobile,Grocery,UPI,7,33.0,262.88,0,96.3,237,23,0
4400,2022-09-03,2025-06-11,Male,59.0,East,Mobile,Clothing,Debit Card,10,94.49,1034.5,0,98.6,1031,19,0
4900,2022-04-25,2024-09-27,Female,44.0,Central,Mobile,Beauty,UPI,4,57.13,246.79,3,69.0,1162,276,1
949,2024-02-21,2025-04-10,Female,25.0,North,Mobile,Sports,Credit Card,9,66.73,514.66,2,86.9,495,81,0
511,2023-03-26,2024-11-16,Female,56.0,East,Mobile,Books,UPI,3,71.25,202.82,0,1.8,827,226,1
1394,2022-09-26,2025-06-18,Female,31.0,North,Tablet,Beauty,PayPal,9,58.06,549.62,1,74.5,1008,12,0
1509,2024-03-03,2025-06-08,Female,32.0,North,Mobile,Clothing,PayPal,10,33.42,335.22,1,30.5,484,22,0
3915,2023-12-10,2025-05-26,Female,29.0,East,Mobile,Grocery,Debit Card,4,39.42,160.65,0,6.8,568,35,0
4336,2023-02-03,2025-06-14,Male,32.0,Central,Mobile,Beauty,Credit Card,7,57.46,358.91,0,76.9,878,16,0
1332,2022-07-31,2025-06-13,Female,26.0,North,Desktop,Clothing,Debit Card,3,30.73,97.42,0,51.7,1065,17,0
1310,2022-06-01,2024-12-09,Female,45.0,North,Mobile,Sports,UPI,7,79.2,580.39,1,22.6,1125,203,1
4507,2022-06-10,2025-05-25,Female,36.0,East,Mobile,Grocery,UPI,6,39.86,258.24,0,27.2,1116,36,0
4686,2022-07-12,2023-09-03,Male,50.0,Central,Mobile,Clothing,Credit Card,7,43.63,316.16,0,72.8,1084,666,1
2974,2022-09-03,2025-05-19,Female,26.0,East,Mobile,Electronics,UPI,8,37.53,289.24,1,72.2,1031,42,0
3801,2024-07-16,2025-05-30,Male,33.0,South,Desktop,Beauty,UPI,6,32.92,197.63,0,43.3,349,31,0
4268,2023-06-04,2025-05-04,Male,35.0,South,Desktop,Clothing,Credit Card,13,20.53,273.95,0,81.9,757,57,0
3910,2023-03-24,2025-04-05,Male,60.0,North,Desktop,Grocery,Debit Card,8,66.71,490.91,0,40.3,829,86,0
4884,2023-04-23,2025-04-02,Male,64.0,East,Mobile,Grocery,UPI,5,72.33,370.59,0,54.9,799,89,0
1932,2024-12-31,2025-04-26,Female,49.0,North,Desktop,Books,Debit Card,7,65.4,523.49,0,2.7,181,65,0
2813,2024-03-11,2024-10-28,Female,35.0,South,Mobile,Home & Kitchen,Debit Card,5,25.65,141.56,1,93.5,476,245,1
2540,2022-08-22,2024-01-13,Female,22.0,South,Mobile,Clothing,Credit Card,9,46.09,418.74,1,41.3,1043,534,1
2670,2024-05-29,2025-06-11,Male,25.0,North,Desktop,Electronics,UPI,9,82.91,708.39,0,89.4,397,19,0
4135,2024-04-11,2025-05-02,Female,23.0,North,Tablet,Sports,UPI,7,64.09,456.03,0,45.9,445,59,0
3845,2023-04-05,2025-06-04,Male,33.0,East,Mobile,Grocery,Credit Card,8,18.58,154.0,1,42.4,817,26,0
3720,2024-07-06,2025-04-28,Male,41.0,West,Mobile,Beauty,Cash on Delivery,8,23.42,215.14,0,30.3,359,63,0
3749,2023-03-31,2025-05-15,Male,36.0,North,Desktop,Grocery,PayPal,8,46.51,374.99,0,86.0,822,46,0
1118,2023-08-27,2025-05-05,Female,34.0,Central,Mobile,Grocery,Credit Card,9,42.6,417.94,0,50.1,673,56,0
3249,2023-06-24,2025-04-09,Female,21.0,Central,Mobile,Electronics,UPI,11,36.23,416.3,0,71.7,737,82,0
4492,2024-01-08,2024-03-13,Female,44.0,Central,Mobile,Electronics,Debit Card,6,115.03,747.9,1,16.6,539,474,1
664,2022-07-25,2024-08-30,Male,27.0,South,Mobile,Clothing,Debit Card,8,36.98,277.58,1,43.1,1071,304,1
2823,2024-07-17,2024-08-16,Female,61.0,East,Mobile,Electronics,UPI,2,68.69,139.49,0,14.2,348,318,1
574,2022-06-05,2025-05-05,Female,25.0,East,Mobile,Electronics,UPI,6,79.36,481.72,0,5.0,1121,56,0
3653,2023-01-10,2025-05-08,Female,30.0,West,Desktop,Clothing,UPI,6,18.49,127.58,1,64.2,902,53,0
697,2022-11-07,2025-04-28,Male,19.0,South,Mobile,Clothing,UPI,6,27.07,157.0,1,60.4,966,63,0
3867,2022-06-02,2024-08-08,Male,29.0,South,Mobile,Grocery,Credit Card,6,41.6,236.47,0,15.9,1124,326,1
4681,2024-06-26,2025-02-26,Male,60.0,South,Mobile,Beauty,UPI,7,48.93,343.61,0,60.0,369,124,1
4469,2022-12-28,2023-08-09,Female,46.0,West,Mobile,Grocery,UPI,6,49.73,262.64,0,19.6,915,691,1
3170,2024-04-27,2025-06-26,Male,50.0,West,Mobile,Grocery,PayPal,6,52.25,293.52,0,46.3,429,4,0
4073,2022-03-05,2025-05-23,Female,55.0,Central,Desktop,Clothing,Credit Card,5,32.08,159.13,0,14.2,1213,38,0
1072,2022-08-14,2025-04-18,Male,35.0,North,Mobile,Clothing,Cash on Delivery,6,66.9,391.14,0,63.7,1051,73,0
4043,2024-01-17,2024-06-10,Male,43.0,West,Mobile,Clothing,Debit Card,3,78.06,239.32,0,50.4,530,385,1
2188,2024-10-15,2025-05-17,Female,38.0,East,Mobile,Clothing,Credit Card,5,59.74,301.87,0,24.9,258,44,0
4148,2023-07-30,2025-04-14,Male,22.0,West,Mobile,Electronics,UPI,6,23.76,127.17,0,78.3,701,77,0
2046,2022-01-07,2025-05-18,Female,20.0,West,Mobile,Grocery,Credit Card,7,54.08,375.14,0,85.3,1270,43,0
283,2024-01-27,2025-04-28,Male,54.0,West,Mobile,Home & Kitchen,Credit Card,12,55.98,639.66,1,18.1,520,63,0
259,2024-12-06,2025-03-11,Female,50.0,North,Mobile,Books,Credit Card,4,60.71,255.92,1,40.4,206,111,1
2665,2024-01-04,2024-02-26,Female,48.0,North,Desktop,Electronics,Debit Card,8,37.93,301.48,0,44.7,543,490,1
1812,2024-07-24,2025-06-10,Female,61.0,West,Desktop,Clothing,Cash on Delivery,5,23.82,109.88,0,75.5,341,20,0
1798,2023-11-26,2025-04-03,Male,43.0,West,Desktop,Home & Kitchen,Debit Card,6,48.03,304.75,0,53.8,582,88,0
600,2024-08-10,2024-09-30,Male,39.0,East,Mobile,Electronics,Debit Card,6,53.14,332.91,0,84.3,324,273,1
3234,2024-08-22,2024-12-20,Male,48.0,South,Desktop,Clothing,Cash on Delivery,8,40.19,291.96,1,89.3,312,192,1
726,2024-08-20,2025-06-19,Female,22.0,West,Desktop,Clothing,Credit Card,4,43.38,181.57,0,19.2,314,11,0
1637,2022-05-13,2025-06-27,Male,37.0,East,Mobile,Sports,Credit Card,8,43.6,348.97,1,40.8,1144,3,0
2919,2024-02-10,2025-05-16,Male,63.0,North,Mobile,Sports,UPI,4,38.94,156.12,0,4.8,506,45,0
678,2022-09-16,2023-11-19,Male,57.0,South,Desktop,Electronics,Credit Card,7,37.57,225.2,0,88.1,1018,589,1
4525,2024-03-20,2025-03-01,Female,64.0,South,Mobile,Books,PayPal,10,41.99,387.0,3,95.9,467,121,1
1153,2023-12-26,2025-06-26,Female,30.0,North,Mobile,Electronics,PayPal,8,46.31,406.55,0,24.4,552,4,0
1347,2024-03-04,2025-05-02,Male,56.0,South,Desktop,Clothing,UPI,9,50.02,508.76,0,3.0,483,59,0
56,2022-11-30,2025-05-12,Female,38.0,Central,Desktop,Clothing,Credit Card,13,100.28,1400.98,0,71.1,943,49,0
4052,2023-07-21,2025-06-30,Female,25.0,North,Mobile,Grocery,Debit Card,9,97.39,974.24,0,43.6,710,0,0
826,2022-11-12,2025-04-25,Female,50.0,West,Tablet,Home & Kitchen,Debit Card,7,37.06,231.47,0,21.1,961,66,0
1412,2024-08-18,2024-10-11,Male,62.0,East,Mobile,Beauty,Debit Card,6,66.6,404.11,0,69.8,316,262,1
1547,2023-11-11,2025-04-08,Female,63.0,South,Desktop,Books,Debit Card,6,52.06,356.22,2,37.6,597,83,0
3337,2024-06-26,2025-05-21,Female,27.0,North,Mobile,Books,PayPal,6,78.84,478.57,0,34.8,369,40,0
2215,2024-08-01,2025-05-02,Female,33.0,Central,Desktop,Grocery,Debit Card,9,79.55,702.15,2,68.7,333,59,0
86,2022-10-13,2025-04-17,Male,39.0,North,Desktop,Beauty,Cash on Delivery,6,44.27,246.02,0,90.6,991,74,0
2921,2022-08-01,2025-05-16,Male,28.0,North,Tablet,Sports,Credit Card,8,38.77,305.0,1,10.2,1064,45,0
1362,2023-12-18,2025-02-15,Male,30.0,West,Desktop,Sports,Debit Card,8,85.59,661.54,0,31.9,560,135,1
2936,2024-07-27,2025-04-29,Male,40.0,South,Mobile,Clothing,Credit Card,5,40.99,175.24,0,11.0,338,62,0
889,2022-06-14,2023-07-22,Male,64.0,West,Mobile,Grocery,Debit Card,6,34.96,199.43,0,95.4,1112,709,1
2955,2023-04-24,2025-04-13,Female,56.0,South,Mobile,Clothing,Debit Card,9,60.07,499.61,0,17.5,798,78,0
1688,2022-06-11,2025-05-25,Female,56.0,East,Mobile,Beauty,Debit Card,8,30.96,273.34,0,89.9,1115,36,0
1820,2023-09-05,2025-04-03,Male,48.0,North,Desktop,Beauty,PayPal,6,18.64,120.88,0,58.6,664,88,0
3704,2022-12-05,2025-04-03,Female,38.0,South,Mobile,Beauty,Cash on Delivery,4,65.97,245.98,1,45.4,938,88,0
1973,2022-07-15,2025-04-05,Male,21.0,West,Mobile,Clothing,PayPal,9,35.17,341.15,0,66.7,1081,86,0
2547,2022-10-02,2025-04-28,Male,34.0,Central,Desktop,Books,Credit Card,4,25.63,108.79,1,47.8,1002,63,0
715,2023-03-09,2025-04-18,Male,58.0,Central,Mobile,Books,UPI,5,41.23,202.42,0,4.2,844,73,0
4768,2023-05-05,2025-04-29,Male,54.0,West,Mobile,Grocery,PayPal,9,41.16,333.08,0,83.4,787,62,0
1057,2023-05-14,2025-01-18,Female,36.0,Central,Mobile,Clothing,UPI,2,85.41,195.3,0,47.8,778,163,1
2287,2024-12-17,2025-06-16,Other,58.0,West,Mobile,Clothing,Credit Card,8,101.77,768.58,0,82.1,195,14,0
4702,2022-04-17,2024-11-21,Male,41.0,South,Mobile,Electronics,PayPal,8,41.74,288.11,1,71.8,1170,221,1
4995,2022-10-17,2025-04-14,Male,23.0,East,Mobile,Home & Kitchen,Debit Card,7,85.54,598.2,1,62.6,987,77,0
2208,2024-02-17,2025-03-22,Female,30.0,Central,Mobile,Clothing,Credit Card,4,39.53,172.36,1,14.7,499,100,1
4989,2023-03-05,2024-09-15,Female,59.0,East,Mobile,Clothing,Cash on Delivery,5,44.36,210.92,0,45.4,848,288,1
4088,2022-07-05,2025-05-11,Female,34.0,West,Mobile,Sports,Debit Card,5,67.84,353.72,0,17.2,1091,50,0
4779,2023-10-22,2024-04-09,Male,43.0,Central,Desktop,Electronics,UPI,5,70.92,301.69,1,1.2,617,447,1
2849,2022-06-07,2023-11-20,Female,61.0,South,Mobile,Clothing,Credit Card,7,19.08,143.59,0,88.2,1119,588,1
618,2023-12-28,2025-06-02,Male,29.0,East,Desktop,Clothing,Cash on Delivery,13,90.57,1351.56,0,37.4,550,28,0
3654,2022-08-22,2025-04-30,Male,27.0,East,Desktop,Clothing,Debit Card,8,23.97,200.29,0,13.9,1043,61,0
4420,2024-09-06,2025-05-12,Male,39.0,South,Mobile,Clothing,Credit Card,7,56.48,431.15,2,36.3,297,49,0
124,2024-11-05,2024-11-06,Male,59.0,East,Mobile,Beauty,Credit Card,7,75.55,594.31,1,72.0,237,236,1
4814,2022-03-25,2024-10-31,Female,41.0,West,Desktop,Electronics,Debit Card,3,55.87,170.55,1,13.9,1193,242,1
2043,2022-02-14,2023-11-01,Female,24.0,Central,Mobile,Books,UPI,2,47.62,97.62,0,95.0,1232,607,1
335,2023-12-26,2024-03-03,Male,59.0,North,Desktop,Books,Credit Card,7,41.92,298.03,0,53.4,552,484,1
1363,2023-09-28,2025-05-09,Female,58.0,South,Desktop,Sports,Credit Card,4,46.6,192.47,0,44.2,641,52,0
305,2023-05-30,2024-10-31,Female,54.0,South,Mobile,Home & Kitchen,UPI,8,70.55,561.78,0,11.8,762,242,1
2773,2024-03-01,2024-07-01,Female,38.0,Central,Tablet,Home & Kitchen,UPI,7,56.01,434.57,0,89.0,486,364,1
981,2024-12-23,2025-04-04,Male,41.0,East,Mobile,Beauty,Cash on Delivery,6,36.03,233.4,0,43.0,189,87,0
3737,2024-07-23,2025-03-29,Female,49.0,West,Desktop,Clothing,UPI,3,83.37,259.16,0,45.8,342,93,1
1408,2023-04-25,2025-04-09,Female,23.0,East,Mobile,Home & Kitchen,UPI,8,68.4,620.55,1,54.5,797,82,0
3166,2024-03-01,2025-06-15,Female,26.0,West,Mobile,Books,Cash on Delivery,6,56.56,364.49,0,57.1,486,15,0
2967,2022-09-05,2024-01-04,Female,64.0,East,Mobile,Grocery,Debit Card,8,31.64,259.97,0,3.0,1029,543,1
4540,2022-12-08,2024-06-21,Male,19.0,Central,Mobile,Clothing,Debit Card,8,91.63,688.0,1,77.6,935,374,1
176,2024-11-18,2025-04-18,Male,41.0,East,Mobile,Home & Kitchen,UPI,7,28.68,174.76,0,41.7,224,73,0
582,2024-05-27,2025-05-12,Other,26.0,South,Mobile,Clothing,Credit Card,5,78.87,418.77,0,33.5,399,49,0
4812,2023-06-29,2025-04-18,Female,51.0,South,Mobile,Beauty,UPI,3,59.65,181.4,0,15.0,732,73,0
1617,2024-10-19,2025-05-19,Other,46.0,North,Desktop,Clothing,Debit Card,5,82.56,422.02,0,93.0,254,42,0
4426,2024-07-25,2024-09-15,Male,19.0,South,Mobile,Electronics,PayPal,8,26.0,178.33,0,49.5,340,288,1
4472,2022-10-03,2025-06-06,Other,51.0,West,Mobile,Grocery,Credit Card,7,108.34,871.68,2,42.6,1001,24,0
1195,2024-01-28,2024-06-01,Male,61.0,North,Mobile,Home & Kitchen,PayPal,9,74.13,732.47,0,29.7,519,394,1
2877,2023-10-22,2024-06-10,Female,26.0,North,Desktop,Sports,PayPal,10,48.83,427.9,1,22.9,617,385,1
4875,2022-07-13,2025-05-23,Male,47.0,South,Mobile,Clothing,Debit Card,8,31.8,238.83,1,18.7,1083,38,0
4224,2022-03-30,2025-05-10,Female,58.0,North,Mobile,Books,Cash on Delivery,12,66.0,716.53,0,51.4,1188,51,0
3244,2024-07-01,2025-06-09,Female,42.0,North,Mobile,Grocery,Credit Card,5,64.74,302.57,0,61.3,364,21,0
1825,2024-09-30,2024-11-10,Female,28.0,East,Mobile,Home & Kitchen,Debit Card,8,91.45,668.0,1,90.3,273,232,1
1880,2023-08-15,2025-04-06,Female,46.0,East,Desktop,Beauty,Debit Card,6,71.19,370.43,0,88.3,685,85,0
1982,2023-04-28,2025-04-03,Female,21.0,Central,Mobile,Clothing,Credit Card,4,34.79,156.02,2,72.4,794,88,0
1862,2023-10-28,2025-06-21,Female,39.0,South,Mobile,Clothing,Debit Card,4,81.25,296.63,1,10.0,611,9,0
1351,2023-11-17,2025-05-18,Female,20.0,East,Mobile,Clothing,Cash on Delivery,5,70.93,318.58,0,95.3,591,43,0
3576,2022-04-09,2025-04-11,Male,45.0,South,Mobile,Clothing,Credit Card,9,31.44,302.14,1,12.0,1178,80,0
3607,2024-04-19,2024-10-28,Female,20.0,East,Tablet,Grocery,Debit Card,4,51.76,227.11,0,29.0,437,245,1
4745,2023-08-27,2024-05-19,Male,59.0,South,Mobile,Beauty,UPI,8,104.51,837.4,0,16.6,673,407,1
2975,2022-07-05,2025-06-13,Male,58.0,West,Mobile,Grocery,Debit Card,11,68.39,822.94,0,87.5,1091,17,0
410,2023-09-09,2025-06-22,Male,58.0,East,Desktop,Clothing,UPI,4,56.04,195.19,0,25.9,660,8,0
676,2022-04-22,2025-01-11,Other,21.0,South,Mobile,Sports,Cash on Delivery,8,20.95,163.06,1,2.9,1165,170,1
298,2023-08-01,2024-06-20,Male,57.0,West,Mobile,Clothing,Credit Card,6,39.76,234.19,3,34.1,699,375,1
926,2022-10-21,2025-05-01,Male,54.0,South,Mobile,Grocery,UPI,11,87.78,866.67,0,82.8,983,60,0
23,2022-11-23,2025-04-26,Male,34.0,East,Tablet,Home & Kitchen,Debit Card,9,123.66,1122.45,0,28.0,950,65,0
4110,2023-04-25,2025-05-04,Female,23.0,South,Tablet,Clothing,Credit Card,12,63.02,815.55,0,51.3,797,57,0
4035,2022-05-23,2025-06-04,Male,34.0,South,Mobile,Home & Kitchen,UPI,12,71.79,983.66,0,89.4,1134,26,0
729,2023-04-20,2023-07-14,Male,24.0,South,Mobile,Electronics,UPI,7,48.95,350.16,0,36.8,802,717,1
3670,2024-06-16,2025-05-16,Male,50.0,North,Desktop,Home & Kitchen,Debit Card,10,49.7,537.56,0,27.6,379,45,0
4195,2023-12-03,2024-02-05,Female,34.0,South,Mobile,Home & Kitchen,UPI,5,37.91,167.21,0,40.2,575,511,1
1308,2023-12-22,2025-05-20,Female,58.0,North,Tablet,Electronics,Debit Card,7,62.01,386.9,0,7.6,556,41,0
2942,2022-06-03,2025-05-27,Female,32.0,South,Mobile,Electronics,UPI,6,31.18,197.14,1,0.4,1123,34,0
672,2024-12-29,2025-04-03,Female,21.0,South,Mobile,Beauty,PayPal,7,60.45,392.79,0,32.8,183,88,0
1673,2022-09-22,2024-01-19,Female,19.0,East,Mobile,Beauty,Cash on Delivery,9,30.2,278.04,0,35.3,1012,528,1
1200,2022-11-15,2025-05-26,Male,30.0,North,Mobile,Grocery,UPI,6,61.89,374.61,2,73.7,958,35,0
2230,2023-04-19,2024-10-28,Male,56.0,West,Desktop,Sports,Credit Card,7,76.14,495.2,0,86.5,803,245,1
3798,2024-03-25,2025-04-15,Male,31.0,Central,Mobile,Clothing,Cash on Delivery,10,26.24,278.97,0,91.5,462,76,0
4938,2024-10-24,2025-04-18,Female,45.0,East,Desktop,Clothing,Credit Card,4,14.69,60.24,0,44.7,249,73,0
294,2022-08-25,2023-07-26,Male,21.0,South,Desktop,Clothing,Cash on Delivery,8,32.35,276.25,0,66.1,1040,705,1
2250,2022-02-05,2025-06-06,Male,28.0,East,Mobile,Clothing,Credit Card,8,23.95,197.27,0,88.1,1241,24,0
2691,2023-02-19,2025-05-07,Female,29.0,Central,Desktop,Grocery,Credit Card,6,71.37,469.99,0,6.3,862,54,0
127,2024-02-05,2024-05-30,Female,43.0,South,Mobile,Beauty,Credit Card,8,45.32,326.34,0,66.6,511,396,1
2580,2024-10-10,2025-06-16,Female,64.0,Central,Desktop,Grocery,Cash on Delivery,8,23.32,205.65,1,61.7,263,14,0
3480,2022-04-20,2025-04-28,Male,53.0,East,Mobile,Sports,UPI,6,93.15,599.79,1,8.5,1167,63,0
2248,2023-07-17,2025-06-16,Female,19.0,South,Mobile,Electronics,Cash on Delivery,7,61.71,401.87,0,24.0,714,14,0
3546,2024-07-22,2025-01-19,Male,34.0,West,Tablet,Grocery,Credit Card,7,51.21,358.38,1,66.3,343,162,1
4535,2022-09-14,2025-01-09,Female,51.0,West,Mobile,Grocery,Debit Card,6,71.25,437.53,0,24.3,1020,172,1
4016,2023-06-02,2023-10-12,Male,48.0,West,Mobile,Electronics,UPI,13,42.32,527.82,1,25.3,759,627,1
693,2024-03-31,2024-04-15,Female,57.0,West,Desktop,Electronics,UPI,10,98.31,962.89,2,99.3,456,441,1
2983,2023-05-24,2024-04-16,Female,26.0,North,Mobile,Electronics,PayPal,6,31.73,198.76,1,52.9,768,440,1
687,2023-01-13,2025-06-08,Female,31.0,Central,Desktop,Clothing,PayPal,8,59.59,459.27,1,24.2,899,22,0
818,2023-09-29,2025-04-03,Male,36.0,South,Mobile,Beauty,UPI,10,119.54,1349.18,1,64.1,640,88,0
217,2022-12-07,2024-12-06,Male,30.0,East,Mobile,Home & Kitchen,UPI,8,89.64,697.75,0,9.3,936,206,1
3839,2023-08-28,2024-06-30,Female,48.0,North,Desktop,Home & Kitchen,Credit Card,11,32.72,383.43,1,31.0,672,365,1
3326,2024-02-02,2025-03-05,Female,56.0,East,Desktop,Beauty,UPI,8,39.73,312.09,1,74.6,514,117,1
153,2023-02-16,2024-06-28,Male,61.0,Central,Mobile,Grocery,PayPal,7,20.72,132.49,0,78.2,865,367,1
707,2024-07-11,2025-03-31,Male,52.0,East,Mobile,Beauty,Credit Card,8,18.61,149.01,0,26.6,354,91,1
1993,2024-08-11,2025-01-31,Female,56.0,South,Mobile,Clothing,UPI,8,93.79,769.13,1,84.3,323,150,1
3890,2024-01-04,2025-02-21,Male,56.0,North,Desktop,Clothing,PayPal,2,36.77,84.53,0,75.3,543,129,1
4606,2023-04-19,2025-06-06,Female,38.0,Central,Mobile,Electronics,PayPal,7,15.96,107.74,0,70.4,803,24,0
4790,2024-09-21,2025-06-18,Male,27.0,South,Desktop,Grocery,UPI,8,24.0,187.42,0,77.5,282,12,0
2009,2024-05-01,2025-06-17,Male,48.0,North,Mobile,Books,Cash on Delivery,9,93.58,732.74,0,45.7,425,13,0
479,2023-08-09,2025-01-02,Female,62.0,West,Mobile,Home & Kitchen,Credit Card,7,67.25,419.85,0,29.8,691,179,1
1283,2023-12-17,2025-04-09,Female,30.0,South,Mobile,Electronics,UPI,4,80.57,347.43,3,59.2,561,82,0
1605,2024-06-28,2025-06-15,Male,62.0,South,Mobile,Clothing,Credit Card,4,33.25,124.8,1,77.5,367,15,0
4096,2022-10-15,2025-04-06,Male,18.0,South,Desktop,Clothing,Credit Card,10,50.09,512.75,0,49.6,989,85,0
1667,2024-07-10,2024-07-13,Male,39.0,South,Mobile,Beauty,Debit Card,7,64.31,471.21,0,29.5,355,352,1
4457,2022-09-26,2024-07-21,Female,23.0,West,Mobile,Beauty,Credit Card,10,97.55,956.38,1,78.1,1008,344,1
3199,2024-06-08,2024-11-06,Male,55.0,North,Tablet,Home & Kitchen,Credit Card,8,68.11,576.04,1,54.0,387,236,1
813,2024-09-19,2024-10-02,Male,51.0,East,Tablet,Books,Cash on Delivery,9,73.8,595.4,1,7.3,284,271,1
3338,2023-10-20,2023-12-12,Female,34.0,North,Desktop,Clothing,Debit Card,3,60.01,205.04,0,65.7,619,566,1
3603,2023-06-23,2025-06-14,Male,31.0,South,Desktop,Home & Kitchen,Debit Card,3,52.5,146.44,1,21.9,738,16,0
251,2022-05-20,2023-09-15,Male,33.0,Central,Mobile,Books,UPI,8,36.04,289.99,1,0.5,1137,654,1
844,2023-11-28,2025-05-01,Female,52.0,South,Mobile,Clothing,Debit Card,8,100.73,713.58,0,90.4,580,60,0
2126,2022-04-07,2025-06-28,Female,28.0,East,Mobile,Beauty,UPI,7,53.71,396.79,0,17.1,1180,2,0
3313,2022-03-18,2025-06-27,Female,42.0,Central,Mobile,Clothing,Cash on Delivery,11,60.15,627.92,0,78.4,1200,3,0
3057,2024-10-25,2025-02-09,Female,64.0,North,Mobile,Sports,Credit Card,7,48.27,307.84,1,67.0,248,141,1
2376,2022-10-12,2025-06-18,Male,23.0,West,Desktop,Grocery,Credit Card,5,87.35,432.04,0,33.4,992,12,0
2033,2024-07-01,2025-06-21,Male,54.0,West,Mobile,Clothing,Debit Card,5,90.94,474.85,1,13.8,364,9,0
968,2023-09-25,2025-04-05,Male,42.0,West,Desktop,Home & Kitchen,UPI,7,66.06,441.35,1,67.2,644,86,0
4524,2023-07-02,2025-06-05,Female,21.0,East,Mobile,Sports,UPI,7,40.15,271.31,0,91.2,729,25,0
81,2024-10-19,2025-04-22,Female,46.0,North,Mobile,Beauty,UPI,6,32.34,219.07,0,8.0,254,69,0
973,2022-07-04,2025-03-21,Female,35.0,South,Mobile,Electronics,PayPal,5,57.75,307.8,1,79.5,1092,101,1
1897,2023-12-11,2024-10-02,Female,60.0,West,Mobile,Home & Kitchen,Credit Card,5,40.44,177.43,3,12.7,567,271,1
2236,2024-07-22,2025-06-22,Female,56.0,North,Mobile,Electronics,UPI,5,43.32,191.71,2,5.6,343,8,0
247,2024-11-06,2024-11-21,Male,33.0,East,Tablet,Grocery,PayPal,5,79.1,422.33,0,9.5,236,221,1
2705,2023-04-25,2024-10-24,Female,29.0,South,Tablet,Electronics,UPI,9,23.13,222.56,0,50.3,797,249,1
2204,2022-11-09,2023-12-23,Male,52.0,North,Mobile,Sports,Debit Card,6,26.96,142.56,1,49.9,964,555,1
4932,2024-09-01,2025-04-25,Male,38.0,West,Desktop,Electronics,Credit Card,8,41.56,303.14,0,39.7,302,66,0
4155,2023-04-17,2025-06-09,Male,61.0,Central,Mobile,Home & Kitchen,PayPal,10,58.03,593.65,0,93.9,805,21,0
4682,2023-05-22,2024-04-14,Male,36.0,North,Tablet,Home & Kitchen,Credit Card,13,81.14,1158.23,0,57.5,770,442,1
3375,2022-03-04,2025-05-02,Female,42.0,West,Mobile,Books,Credit Card,6,61.93,413.55,0,93.9,1214,59,0
4114,2024-01-10,2025-04-27,Male,61.0,West,Mobile,Clothing,Credit Card,8,26.47,204.3,0,29.9,537,64,0
2332,2022-06-25,2024-03-20,Male,32.0,North,Mobile,Sports,Credit Card,7,52.2,358.7,1,81.0,1101,467,1
4981,2022-01-29,2025-04-03,Other,53.0,North,Desktop,Clothing,Credit Card,10,75.5,798.67,1,96.5,1248,88,0
4153,2024-01-12,2025-04-23,Female,47.0,South,Desktop,Beauty,Credit Card,8,53.61,406.78,0,83.7,535,68,0
4370,2023-12-25,2024-08-27,Male,19.0,West,Mobile,Home & Kitchen,UPI,6,112.62,727.13,0,7.9,553,307,1
1506,2024-03-10,2025-06-19,Male,40.0,East,Mobile,Electronics,UPI,7,46.09,286.45,1,71.6,477,11,0
2952,2023-10-14,2025-06-16,Female,35.0,West,Mobile,Grocery,Debit Card,7,26.31,197.34,0,11.3,625,14,0
1346,2023-08-03,2025-06-16,Male,35.0,South,Mobile,Books,UPI,7,44.66,305.88,0,47.3,697,14,0
3318,2024-04-02,2025-05-21,Male,24.0,North,Mobile,Grocery,Debit Card,4,47.91,166.98,0,1.7,454,40,0
592,2024-01-12,2024-01-28,Female,56.0,Central,Mobile,Clothing,UPI,5,84.15,405.36,0,0.0,535,519,1
976,2024-04-30,2025-03-25,Male,29.0,East,Desktop,Sports,PayPal,9,64.07,559.13,1,24.2,426,97,1
4239,2024-04-16,2025-06-22,Female,24.0,North,Desktop,Clothing,Credit Card,10,34.44,361.96,0,78.7,440,8,0
1646,2023-02-16,2025-04-14,Female,48.0,East,Mobile,Home & Kitchen,Cash on Delivery,6,39.93,275.04,0,14.9,865,77,0
1680,2023-09-15,2025-05-17,Female,27.0,West,Mobile,Beauty,UPI,7,36.75,285.95,0,98.5,654,44,0
510,2024-09-26,2025-04-05,Female,34.0,East,Tablet,Beauty,Credit Card,4,22.81,95.74,0,2.1,277,86,0
123,2023-09-04,2024-07-01,Male,63.0,North,Mobile,Clothing,Cash on Delivery,2,102.08,216.43,1,37.4,665,364,1
3121,2023-11-21,2025-05-20,Male,27.0,West,Tablet,Home & Kitchen,Debit Card,5,86.21,439.85,0,61.8,587,41,0
1535,2022-03-27,2024-06-06,Male,40.0,West,Mobile,Home & Kitchen,Cash on Delivery,10,25.75,228.98,0,52.2,1191,389,1
3353,2023-09-30,2025-05-30,Female,39.0,North,Tablet,Clothing,Debit Card,8,55.28,402.33,0,52.1,639,31,0
4508,2024-02-20,2025-05-06,,42.0,South,Mobile,Books,UPI,8,54.3,409.08,1,12.9,496,55,0
1711,2023-09-11,2025-05-02,Male,52.0,West,Mobile,Clothing,Debit Card,6,38.52,259.46,0,13.6,658,59,0
4462,2024-06-04,2025-06-29,Female,59.0,West,Mobile,Beauty,Credit Card,7,27.04,163.48,0,65.1,391,1,0
2101,2023-05-17,2025-05-15,Female,25.0,South,Mobile,Clothing,PayPal,7,58.87,395.73,0,90.5,775,46,0
870,2024-10-11,2025-04-12,Female,20.0,North,Desktop,Electronics,Credit Card,9,38.68,370.91,0,19.8,262,79,0
4515,2024-04-08,2025-06-05,Female,25.0,Central,Desktop,Clothing,Debit Card,8,55.74,485.71,0,12.0,448,25,0
1031,2024-04-29,2025-03-01,Male,40.0,West,Mobile,Sports,Debit Card,6,22.19,129.28,0,54.6,427,121,1
3464,2023-06-14,2025-05-14,Female,28.0,South,Mobile,Beauty,UPI,8,22.55,199.33,1,73.9,747,47,0
2695,2023-07-16,2024-09-22,Female,27.0,South,Mobile,Grocery,Debit Card,4,80.85,311.62,0,20.7,715,281,1
757,2022-06-14,2024-08-27,Female,63.0,West,Mobile,Home & Kitchen,Credit Card,9,65.61,659.07,1,52.5,1112,307,1
1999,2022-08-29,2024-02-16,Male,51.0,East,Mobile,Grocery,Cash on Delivery,7,29.93,226.07,0,30.0,1036,500,1
3750,2022-01-05,2025-02-15,Female,63.0,South,Desktop,Beauty,Cash on Delivery,5,68.23,352.22,1,91.3,1272,135,1
3591,2023-07-07,2025-05-05,Female,18.0,South,Mobile,Clothing,Credit Card,3,19.15,59.95,0,96.9,724,56,0
1157,2023-10-02,2025-05-01,Male,45.0,South,Mobile,Sports,Credit Card,6,68.75,455.69,0,84.8,637,60,0
3157,2023-06-28,2025-06-10,Female,40.0,South,Tablet,Grocery,PayPal,9,77.04,739.24,0,3.6,733,20,0
2116,2022-10-21,2025-05-30,Male,46.0,South,Mobile,Home & Kitchen,PayPal,10,29.94,315.12,0,94.5,983,31,0
983,2023-07-13,2025-05-17,Male,18.0,Central,Desktop,Home & Kitchen,UPI,7,23.74,167.27,0,78.7,718,44,0
333,2023-05-27,2025-06-26,Male,52.0,South,Mobile,Clothing,Credit Card,6,59.26,309.96,1,2.3,765,4,0
1593,2022-03-13,2025-04-01,Male,19.0,South,Desktop,Electronics,Credit Card,6,30.95,182.88,3,80.9,1205,90,0
2385,2023-07-20,2024-05-01,Male,25.0,North,Desktop,Clothing,UPI,10,33.34,366.05,0,1.9,711,425,1
2961,2022-08-05,2025-06-09,Male,22.0,Central,Mobile,Clothing,PayPal,5,48.69,230.32,0,88.3,1060,21,0
1576,2022-12-08,2025-06-08,Male,33.0,Central,Desktop,Clothing,Debit Card,4,47.03,183.62,0,42.1,935,22,0
4683,2022-03-10,2025-05-13,Female,46.0,South,Mobile,Electronics,Credit Card,7,24.14,145.92,0,42.6,1208,48,0
62,2022-12-17,2024-04-16,Male,19.0,South,Mobile,Beauty,Debit Card,9,65.89,564.63,0,8.0,926,440,1
473,2024-12-03,2025-04-01,Male,58.0,East,Mobile,Clothing,UPI,8,58.16,504.76,0,14.1,209,90,0
902,2022-07-21,2025-04-24,Male,28.0,South,Mobile,Home & Kitchen,UPI,9,53.97,424.14,0,41.6,1075,67,0
3455,2024-01-05,2025-05-16,Female,21.0,Central,Mobile,Sports,Credit Card,2,75.93,145.47,0,54.5,542,45,0
866,2024-08-26,2025-04-18,Female,53.0,West,Mobile,Clothing,Debit Card,6,53.82,281.37,0,30.6,308,73,0
3584,2022-11-10,2025-06-24,Female,59.0,Central,Mobile,Clothing,PayPal,7,71.44,465.68,0,62.8,963,6,0
4744,2024-06-15,2025-05-21,Other,42.0,North,Mobile,Beauty,Debit Card,8,37.0,265.7,0,75.7,380,40,0
2526,2022-05-09,2025-02-17,Male,26.0,South,Mobile,Electronics,UPI,5,36.73,179.48,1,30.6,1148,133,1
1330,2022-05-07,2024-02-29,Female,58.0,South,Desktop,Home & Kitchen,Cash on Delivery,6,61.38,378.77,0,72.1,1150,487,1
3615,2023-04-26,2025-02-06,Male,60.0,Central,Mobile,Home & Kitchen,Debit Card,6,73.58,437.35,0,50.2,796,144,1
1343,2022-11-22,2025-06-23,Female,23.0,North,Mobile,Electronics,Debit Card,4,43.18,173.26,0,48.2,951,7,0
742,2022-10-19,2025-06-16,Male,58.0,East,Desktop,Beauty,UPI,8,58.67,414.29,2,11.5,985,14,0
4824,2024-02-29,2025-06-15,Male,30.0,West,Desktop,Beauty,Debit Card,5,68.12,357.03,0,79.2,487,15,0
3389,2024-03-02,2025-04-11,Male,23.0,East,Mobile,Sports,Credit Card,10,61.68,612.12,0,36.9,485,80,0
1606,2022-06-07,2025-03-06,Female,51.0,East,Desktop,Clothing,Credit Card,7,75.18,540.5,0,30.9,1119,116,1
2181,2024-08-12,2025-06-22,Male,29.0,North,Mobile,Beauty,Debit Card,5,33.2,179.11,0,65.7,322,8,0
4826,2023-01-31,2025-04-08,Male,38.0,West,Mobile,Home & Kitchen,PayPal,6,72.23,458.36,0,94.1,881,83,0
4123,2023-07-15,2025-05-10,Female,30.0,West,Mobile,Grocery,UPI,4,40.77,143.64,0,88.9,716,51,0
3030,2023-03-16,2023-10-16,Female,42.0,Central,Desktop,Clothing,UPI,7,38.61,294.45,0,23.1,837,623,1
3282,2022-06-10,2025-02-13,Male,22.0,South,Desktop,Sports,UPI,4,40.83,156.81,1,14.9,1116,137,1
4131,2023-05-31,2025-05-20,Male,44.0,North,Mobile,Electronics,Debit Card,7,121.34,754.26,1,64.1,761,41,0
1629,2022-10-05,2024-12-06,Male,35.0,South,Mobile,Clothing,Debit Card,7,27.33,187.78,0,78.2,999,206,1
4334,2023-07-21,2024-11-07,Female,40.0,East,Desktop,Grocery,PayPal,5,85.63,453.66,0,94.9,710,235,1
3805,2024-11-15,2025-06-06,Male,60.0,Central,Mobile,Home & Kitchen,PayPal,4,63.72,232.67,0,13.7,227,24,0
2439,2022-11-12,2024-09-09,Female,43.0,Central,Desktop,Clothing,Credit Card,9,48.21,479.05,0,55.0,961,294,1
1150,2023-11-07,2025-04-17,Female,37.0,West,Desktop,Home & Kitchen,PayPal,8,80.47,697.04,0,55.6,601,74,0
1161,2023-03-12,2025-04-02,Female,51.0,West,Mobile,Grocery,Credit Card,9,39.33,385.76,0,88.2,841,89,0
3905,2023-03-13,2025-06-26,Female,53.0,South,Mobile,Beauty,Credit Card,9,21.71,184.96,0,6.9,840,4,0
4662,2024-01-31,2025-05-12,Female,36.0,South,Desktop,Grocery,Credit Card,7,166.17,1131.42,1,40.4,516,49,0
257,2022-06-17,2025-04-07,Female,43.0,East,Desktop,Beauty,PayPal,10,77.25,693.28,1,84.8,1109,84,0
2599,2022-08-20,2023-10-28,Male,54.0,Central,Mobile,Electronics,UPI,8,31.54,286.58,1,85.9,1045,611,1
634,2022-02-05,2024-04-06,Female,55.0,Central,Desktop,Electronics,Cash on Delivery,5,42.37,197.54,0,95.7,1241,450,1
2947,2023-08-21,2024-12-15,Female,31.0,North,Tablet,Electronics,Credit Card,2,26.75,55.71,0,73.7,679,197,1
2338,2022-11-12,2025-02-04,Male,44.0,Central,Desktop,Clothing,Credit Card,6,43.16,257.46,1,88.8,961,146,1
4487,2022-07-17,2025-04-10,Male,35.0,North,Desktop,Clothing,Credit Card,4,46.62,191.66,0,38.9,1079,81,0
778,2023-12-14,2025-05-06,Female,27.0,West,Mobile,Home & Kitchen,Credit Card,5,22.35,127.97,0,92.4,564,55,0
1106,2024-10-01,2025-06-25,Male,29.0,East,Mobile,Grocery,Debit Card,8,84.86,687.21,0,51.1,272,5,0
2102,2022-04-01,2024-04-08,Female,42.0,North,Mobile,Electronics,Debit Card,7,37.15,227.01,1,77.9,1186,448,1
4161,2024-09-08,2025-02-20,Female,50.0,North,Desktop,Beauty,PayPal,6,62.08,413.56,0,25.1,295,130,1
3408,2023-07-18,2025-06-04,Other,37.0,East,Mobile,Electronics,UPI,9,26.94,214.24,1,6.5,713,26,0
558,2024-08-27,2025-06-04,Male,18.0,East,Tablet,Electronics,Credit Card,15,109.08,1569.61,0,85.0,307,26,0
1851,2024-05-07,2025-06-12,Male,27.0,North,Desktop,Beauty,UPI,6,70.31,429.84,1,2.7,419,18,0
1986,2023-09-11,2025-05-15,Male,46.0,North,Tablet,Electronics,Debit Card,7,57.5,370.89,1,2.6,658,46,0
2089,2023-01-22,2024-02-25,Female,35.0,East,Mobile,Electronics,Credit Card,7,42.06,322.32,0,69.9,890,491,1
2900,2024-01-26,2024-11-07,Male,33.0,West,Mobile,Books,Credit Card,13,72.18,884.82,0,4.5,521,235,1
3221,2023-08-27,2023-11-01,Female,35.0,South,Mobile,Sports,Credit Card,3,35.33,101.43,1,4.4,673,607,1
262,2023-02-23,2025-06-24,Other,29.0,Central,Mobile,Clothing,Debit Card,4,35.05,125.36,1,31.3,858,6,0
4206,2024-10-29,2025-03-04,Male,35.0,Central,Desktop,Beauty,Debit Card,7,46.61,329.54,0,2.3,244,118,1
2667,2024-12-30,2025-02-23,Male,64.0,East,Mobile,Electronics,Debit Card,5,13.76,73.7,0,77.4,182,127,1
2132,2024-04-16,2025-05-07,Male,24.0,North,Mobile,Grocery,UPI,5,61.82,269.72,0,37.4,440,54,0
1473,2024-12-16,2025-04-17,Female,52.0,East,Mobile,Home & Kitchen,Credit Card,7,39.93,274.61,0,70.2,196,74,0
628,2024-04-12,2025-05-03,Female,24.0,North,Mobile,Home & Kitchen,Credit Card,5,37.95,178.33,1,2.6,444,58,0
3132,2022-12-26,2025-06-19,Female,21.0,West,Mobile,Home & Kitchen,UPI,6,79.31,492.3,0,47.2,917,11,0
1890,2024-03-19,2024-10-03,Other,61.0,North,Desktop,Sports,Debit Card,5,20.96,101.44,0,20.5,468,270,1
3043,2022-06-29,2024-11-01,Male,31.0,East,Mobile,Home & Kitchen,Credit Card,8,56.97,447.54,0,23.1,1097,241,1
2079,2024-08-06,2025-04-04,Other,29.0,Central,Mobile,Home & Kitchen,Debit Card,4,23.53,92.36,1,67.9,328,87,0
3586,2022-01-20,2025-04-25,Male,35.0,Central,Mobile,Clothing,Debit Card,10,61.26,523.97,0,92.1,1257,66,0
1607,2022-10-09,2025-05-10,Male,64.0,North,Desktop,Sports,UPI,5,38.96,195.19,2,59.7,995,51,0
1021,2024-10-05,2025-04-03,Female,22.0,West,Mobile,Grocery,Credit Card,7,53.47,414.79,0,23.9,268,88,0
609,2024-08-09,2024-12-02,Female,18.0,West,Mobile,Clothing,PayPal,8,32.99,253.81,1,14.2,325,210,1
1404,2023-05-02,2025-06-14,Female,18.0,South,Mobile,Sports,Debit Card,5,61.2,281.92,0,63.5,790,16,0
3255,2022-06-25,2023-09-24,Male,36.0,West,Desktop,Home & Kitchen,UPI,8,119.69,1081.65,0,50.4,1101,645,1
2097,2022-07-26,2025-06-23,Female,55.0,South,Desktop,Home & Kitchen,Debit Card,6,85.62,520.48,0,68.0,1070,7,0
210,2022-06-04,2025-04-25,Male,49.0,North,Mobile,Clothing,Debit Card,6,80.2,459.26,1,20.8,1122,66,0
3799,2023-12-04,2024-08-24,Male,50.0,East,Mobile,Clothing,Credit Card,4,30.53,111.23,0,14.1,574,310,1
3540,2023-09-19,2023-11-10,Male,36.0,East,Mobile,Grocery,Credit Card,7,54.23,404.46,1,17.3,650,598,1
154,2023-10-01,2024-02-03,Female,27.0,West,Desktop,Electronics,Debit Card,7,86.63,625.12,0,83.0,638,513,1
1591,2022-10-20,2025-06-04,Female,37.0,North,Mobile,Electronics,Cash on Delivery,12,91.02,1252.1,1,34.2,984,26,0
2443,2024-07-08,2025-06-24,Female,59.0,South,Desktop,Grocery,Debit Card,8,46.33,353.77,0,53.1,357,6,0
1148,2022-09-24,2025-04-23,Female,59.0,North,Mobile,Grocery,Credit Card,5,24.69,123.81,0,7.8,1010,68,0
3428,2023-11-20,2023-12-20,Female,41.0,East,Mobile,Grocery,Credit Card,8,15.48,137.84,1,26.9,588,558,1
1968,2024-05-25,2025-05-14,Male,43.0,North,Desktop,Grocery,PayPal,5,42.34,218.1,1,2.6,401,47,0
3207,2023-06-28,2025-01-21,Female,45.0,West,Mobile,Clothing,UPI,5,53.59,266.08,0,44.5,733,160,1
2434,2024-10-19,2025-06-28,Male,19.0,Central,Mobile,Clothing,Cash on Delivery,7,69.16,486.19,1,67.8,254,2,0
1634,2022-06-29,2025-04-21,Female,26.0,South,Mobile,Home & Kitchen,UPI,12,109.71,1512.7,0,39.5,1097,70,0
3293,2023-07-20,2025-05-29,Male,39.0,East,Mobile,Books,Credit Card,9,60.33,605.46,1,30.8,711,32,0
598,2023-07-08,2025-05-19,Male,60.0,South,Mobile,Home & Kitchen,UPI,9,29.36,253.68,0,19.8,723,42,0
3138,2022-01-04,2025-05-04,Female,40.0,East,Tablet,Home & Kitchen,,10,37.57,415.05,1,16.4,1273,57,0
1657,2023-09-26,2025-05-04,Female,54.0,West,Desktop,Beauty,Credit Card,5,79.7,419.49,1,11.4,643,57,0
4350,2024-11-17,2025-05-30,Female,34.0,North,Mobile,Electronics,PayPal,12,43.08,498.17,0,62.8,225,31,0
3298,2024-05-09,2025-01-04,Male,59.0,Central,Tablet,Sports,Debit Card,3,47.91,158.12,1,58.1,417,177,1
1566,2023-01-05,2025-06-12,Male,27.0,East,Mobile,Home & Kitchen,PayPal,11,30.79,296.59,1,52.7,907,18,0
1519,2022-10-01,2025-06-11,Male,24.0,Central,Mobile,Clothing,UPI,8,41.87,320.33,1,96.8,1003,19,0
4210,2022-12-30,2025-04-11,Male,58.0,North,Tablet,Grocery,Credit Card,6,28.17,189.33,1,43.9,913,80,0
226,2022-01-05,2023-12-26,Male,52.0,South,Desktop,Clothing,Cash on Delivery,7,43.76,301.21,0,4.6,1272,552,1
2518,2023-02-09,2023-11-01,Male,18.0,West,Mobile,Clothing,Debit Card,4,37.63,130.56,2,94.8,872,607,1
4199,2024-02-14,2025-02-10,Male,30.0,Central,Mobile,Books,UPI,12,104.54,1396.48,1,77.1,502,140,1
2394,2023-02-05,2024-01-02,Male,29.0,North,Mobile,Electronics,UPI,6,76.75,450.43,0,15.2,876,545,1
1761,2022-07-04,2025-06-28,Male,18.0,East,Desktop,Home & Kitchen,Credit Card,5,49.26,212.34,1,25.7,1092,2,0
1361,2022-10-17,2025-06-01,Female,29.0,North,Mobile,Clothing,Cash on Delivery,2,63.83,131.85,0,34.7,987,29,0
3305,2022-07-26,2024-05-21,Male,46.0,South,Tablet,Electronics,Debit Card,10,50.85,553.2,0,4.0,1070,405,1
2325,2024-10-01,2024-11-30,Female,25.0,East,Mobile,Beauty,UPI,11,71.34,689.15,0,47.2,272,212,1
3559,2023-04-13,2025-04-03,Male,21.0,North,Mobile,Home & Kitchen,PayPal,6,63.21,334.58,0,52.1,809,88,0
4283,2022-11-26,2024-07-25,Male,52.0,West,Mobile,Books,PayPal,10,35.46,397.66,1,99.7,947,340,1
1834,2022-02-24,2023-11-26,Female,59.0,East,Mobile,Books,Credit Card,5,111.25,564.59,0,52.2,1222,582,1
3662,2022-12-08,2025-06-23,Female,45.0,East,Mobile,Clothing,PayPal,4,32.78,148.28,1,17.8,935,7,0
2010,2024-08-22,2025-02-28,Female,46.0,South,Mobile,Sports,UPI,5,99.41,469.03,0,51.0,312,122,1
3658,2023-07-11,2025-05-30,Female,48.0,South,Mobile,Home & Kitchen,UPI,4,85.18,355.62,1,61.3,720,31,0
3858,2023-02-20,2025-05-29,Female,33.0,North,Mobile,Grocery,UPI,8,134.6,1149.28,0,8.3,861,32,0
694,2024-10-04,2025-04-15,Male,52.0,South,Mobile,Grocery,Credit Card,6,40.19,269.15,0,57.7,269,76,0
4537,2023-05-31,2025-06-20,Male,51.0,South,Mobile,Sports,Cash on Delivery,8,70.55,635.77,0,0.7,761,10,0
2613,2023-12-15,2025-04-28,Male,21.0,North,Desktop,Home & Kitchen,UPI,5,45.93,214.5,1,16.7,563,63,0
1187,2022-07-07,2025-05-20,Female,61.0,South,Desktop,Beauty,UPI,8,46.59,371.39,0,30.6,1089,41,0
1370,2022-09-19,2025-05-26,Male,39.0,South,Mobile,Clothing,UPI,7,29.86,239.25,1,56.2,1015,35,0
1908,2023-05-12,2023-10-07,Male,52.0,East,Mobile,Home & Kitchen,Credit Card,3,14.76,48.83,0,55.5,780,632,1
4089,2024-03-23,2025-04-02,Female,49.0,East,Desktop,Books,Debit Card,6,36.55,219.47,0,72.2,464,89,0
2478,2023-08-29,2025-05-09,Female,33.0,North,Desktop,Sports,Debit Card,3,63.55,177.18,0,20.4,671,52,0
17,2023-02-12,2025-06-17,Male,54.0,South,Desktop,Clothing,PayPal,5,52.28,290.41,0,15.4,869,13,0
2515,2024-06-04,2025-03-08,Female,39.0,North,Mobile,Clothing,Credit Card,5,22.8,124.05,0,76.9,391,114,1
4618,2023-06-23,2025-04-14,Female,26.0,North,Mobile,Home & Kitchen,Credit Card,7,95.79,674.18,1,63.0,738,77,0
2206,2023-11-07,2025-04-21,Female,53.0,South,Desktop,Clothing,Debit Card,10,66.23,616.57,1,98.5,601,70,0
3596,2022-08-30,2025-01-03,Female,46.0,East,Desktop,Grocery,UPI,3,25.13,71.93,0,82.6,1035,178,1
1487,2022-02-03,2023-12-24,Male,57.0,North,Mobile,Home & Kitchen,Debit Card,10,87.48,772.63,1,72.1,1243,554,1
1677,2022-09-12,2025-03-19,Male,54.0,East,Mobile,Beauty,PayPal,7,55.47,358.32,0,34.1,1022,103,1
2354,2023-01-19,2024-02-28,Female,61.0,West,Mobile,Beauty,Debit Card,9,82.66,782.04,0,83.3,893,488,1
657,2023-01-15,2025-05-30,Male,56.0,East,Desktop,Electronics,UPI,6,23.52,150.97,1,65.2,897,31,0
1572,2023-08-29,2024-10-18,Male,43.0,South,Mobile,Sports,UPI,5,87.3,391.29,1,96.1,671,255,1
1738,2022-09-08,2024-06-10,Male,45.0,West,Desktop,Sports,Credit Card,3,72.48,205.62,1,55.6,1026,385,1
3856,2022-01-27,2025-06-10,Male,33.0,West,Desktop,Home & Kitchen,Debit Card,11,31.41,339.97,0,17.6,1250,20,0
2847,2022-05-11,2025-04-29,Female,64.0,Central,Tablet,Electronics,Debit Card,9,64.92,609.97,0,92.3,1146,62,0
2981,2022-10-31,2025-05-30,Male,38.0,South,Mobile,Clothing,Credit Card,7,58.68,421.58,2,1.1,973,31,0
619,2023-06-14,2024-11-04,Female,56.0,North,Mobile,Grocery,Credit Card,10,69.78,641.22,1,86.3,747,238,1
2848,2023-06-23,2025-05-10,Male,47.0,North,Desktop,Clothing,Cash on Delivery,4,44.6,181.33,0,31.0,738,51,0
4410,2024-10-02,2025-05-14,Female,37.0,South,Desktop,Beauty,UPI,7,52.0,397.76,0,91.0,271,47,0
868,2024-03-01,2025-04-07,Male,64.0,South,Mobile,Sports,Debit Card,13,109.28,1308.61,0,55.7,486,84,0
2508,2023-11-09,2024-10-12,Male,19.0,North,Mobile,Grocery,UPI,4,24.52,92.72,0,79.5,599,261,1
2111,2023-04-25,2025-05-16,Male,23.0,West,Desktop,Beauty,PayPal,5,31.69,147.64,0,59.3,797,45,0
458,2024-07-23,2025-06-11,Male,45.0,South,Desktop,Clothing,Credit Card,5,78.48,341.56,1,37.3,342,19,0
4874,2022-11-13,2024-01-12,Male,54.0,East,Mobile,Books,Debit Card,8,31.59,274.46,0,98.9,960,535,1
791,2022-06-30,2025-05-07,Male,47.0,East,Mobile,Electronics,Cash on Delivery,5,30.37,160.83,1,32.9,1096,54,0
4263,2024-04-26,2025-06-22,Male,30.0,North,Desktop,Home & Kitchen,PayPal,6,55.75,284.57,0,4.4,430,8,0
3608,2023-08-28,2025-04-13,Male,40.0,North,Mobile,Home & Kitchen,UPI,5,40.77,206.97,0,56.1,672,78,0
3823,2024-05-15,2025-06-22,Female,29.0,Central,Desktop,Clothing,Debit Card,9,45.54,381.4,1,12.0,411,8,0
2261,2023-06-01,2025-06-05,Female,56.0,North,Mobile,Clothing,Debit Card,9,134.66,1242.92,0,63.1,760,25,0
4581,2024-09-13,2024-10-26,Female,60.0,North,Mobile,Home & Kitchen,PayPal,7,151.31,1172.47,0,61.0,290,247,1
2809,2024-11-13,2024-12-10,Male,51.0,West,Desktop,Books,,7,59.23,452.33,1,6.3,229,202,1
3519,2024-09-04,2024-10-09,Male,62.0,North,Mobile,Sports,Credit Card,6,29.72,177.2,0,55.3,299,264,1
734,2023-04-24,2025-06-23,Female,25.0,Central,Mobile,Grocery,Debit Card,5,21.02,114.45,0,50.1,798,7,0
4855,2024-01-08,2025-06-29,Female,40.0,West,Tablet,Electronics,Credit Card,6,95.74,530.52,0,26.9,539,1,0
3959,2022-12-31,2024-05-23,Male,20.0,South,Tablet,Electronics,Cash on Delivery,6,47.4,302.51,0,78.4,912,403,1
2134,2023-09-07,2025-04-26,Female,63.0,West,Mobile,Books,UPI,6,98.64,527.82,1,57.1,662,65,0
1945,2022-08-08,2024-06-09,Female,38.0,West,Tablet,Grocery,PayPal,6,79.78,436.68,0,78.6,1057,386,1
2280,2022-01-20,2025-06-22,,18.0,West,Mobile,Home & Kitchen,Credit Card,6,47.91,305.11,0,24.1,1257,8,0
660,2024-09-18,2025-04-30,Female,23.0,North,Desktop,Clothing,Cash on Delivery,8,79.69,715.49,0,56.8,285,61,0
2431,2023-08-20,2025-04-18,Female,35.0,East,Desktop,Grocery,Debit Card,3,19.89,55.43,0,18.4,680,73,0
3752,2023-12-29,2025-06-05,Female,59.0,South,Mobile,Clothing,Debit Card,8,44.93,378.3,1,35.7,549,25,0
2529,2024-01-20,2025-05-28,Male,35.0,North,Mobile,Electronics,UPI,6,43.94,270.89,1,80.1,527,33,0
4368,2023-10-09,2025-05-01,Male,55.0,North,Desktop,Beauty,Credit Card,7,52.99,360.85,0,13.3,630,60,0
643,2024-12-23,2025-02-08,Male,20.0,East,Mobile,Electronics,Debit Card,9,80.81,716.23,0,48.0,189,142,1
169,2022-05-26,2024-02-11,Male,54.0,North,Mobile,Beauty,Debit Card,6,55.12,283.56,0,50.9,1131,505,1
1518,2023-11-12,2025-04-28,Female,35.0,East,Tablet,Books,Debit Card,9,115.45,887.06,0,48.7,596,63,0
1801,2023-02-12,2025-04-23,Female,24.0,East,Mobile,Electronics,UPI,6,48.16,290.08,0,85.9,869,68,0
3395,2023-02-28,2025-06-10,Female,59.0,Central,Desktop,Sports,Debit Card,8,17.75,134.18,0,10.2,853,20,0
1918,2022-07-25,2025-04-27,Female,39.0,South,Desktop,Electronics,Credit Card,9,35.31,290.67,0,66.5,1071,64,0
273,2024-07-27,2025-03-31,Female,62.0,West,Desktop,Home & Kitchen,Cash on Delivery,6,94.78,508.16,0,42.1,338,91,1
2469,2024-02-06,2025-06-14,Male,41.0,East,Mobile,Clothing,Debit Card,5,81.13,439.41,0,19.2,510,16,0
4735,2024-06-17,2025-05-03,Male,59.0,North,Mobile,Sports,Credit Card,8,40.31,308.71,1,84.2,378,58,0
1067,2023-07-22,2024-02-26,Male,21.0,West,Mobile,Electronics,Debit Card,2,79.82,143.05,1,61.5,709,490,1
495,2024-08-12,2025-04-27,Male,59.0,West,Desktop,Beauty,Credit Card,8,30.48,240.67,0,87.4,322,64,0
1913,2022-04-18,2025-04-23,Other,20.0,South,Desktop,Beauty,Credit Card,7,122.92,971.42,0,12.2,1169,68,0
3647,2024-01-03,2024-06-11,Female,48.0,East,Mobile,Clothing,Credit Card,4,67.84,278.86,1,41.9,544,384,1
39,2022-09-13,2025-05-22,Female,61.0,Central,Mobile,Beauty,Debit Card,6,43.53,274.49,0,10.3,1021,39,0
307,2022-07-09,2024-04-08,Female,26.0,Central,Mobile,Home & Kitchen,Cash on Delivery,6,50.22,291.56,0,34.4,1087,448,1
3741,2023-04-02,2025-04-20,Female,25.0,South,Mobile,Beauty,UPI,5,52.19,236.79,0,38.2,820,71,0
4103,2022-03-24,2025-06-15,Female,24.0,Central,Mobile,Clothing,Debit Card,11,32.4,362.96,0,100.0,1194,15,0
3153,2022-07-01,2025-05-05,Female,25.0,South,Desktop,Electronics,Debit Card,6,135.26,783.68,1,16.1,1095,56,0
2830,2022-01-24,2025-06-05,Male,47.0,East,Mobile,Clothing,Credit Card,4,47.25,198.67,0,66.9,1253,25,0
782,2022-08-03,2024-01-31,Female,35.0,Central,Mobile,Home & Kitchen,UPI,12,83.61,947.24,0,51.8,1062,516,1
535,2023-03-10,2025-04-10,Female,47.0,Central,Mobile,Books,Credit Card,9,58.28,457.97,0,71.7,843,81,0
584,2022-05-22,2025-06-19,Male,25.0,South,Mobile,Sports,Credit Card,10,72.02,620.11,1,60.1,1135,11,0
4144,2022-12-06,2025-05-26,Female,59.0,South,Mobile,Home & Kitchen,PayPal,11,117.1,1367.0,0,99.4,937,35,0
3797,2023-07-15,2025-05-21,Female,37.0,North,Mobile,Electronics,UPI,7,77.03,564.57,1,14.7,716,40,0
4796,2024-12-12,2025-05-23,Male,24.0,East,Mobile,Home & Kitchen,Credit Card,7,31.61,251.06,0,4.0,200,38,0
4902,2023-12-14,2025-04-03,Female,43.0,South,Mobile,Electronics,Credit Card,9,91.63,748.47,0,23.9,564,88,0
2862,2023-04-13,2025-04-21,Male,55.0,North,Mobile,Beauty,Credit Card,2,58.73,106.4,0,10.6,809,70,0
317,2024-05-25,2025-03-06,Male,62.0,West,Tablet,Clothing,UPI,7,65.98,427.42,2,1.1,401,116,1
2198,2023-03-30,2025-06-05,Female,50.0,West,Desktop,Electronics,Cash on Delivery,9,49.76,429.65,0,70.6,823,25,0
2565,2022-12-08,2025-04-10,Male,30.0,West,Mobile,Sports,Debit Card,5,74.96,398.02,0,75.3,935,81,0
4519,2023-12-05,2025-06-16,Male,39.0,East,Mobile,Beauty,Debit Card,9,27.64,255.34,0,82.2,573,14,0
4793,2022-03-07,2023-08-15,Male,37.0,East,Desktop,Beauty,UPI,9,26.28,238.55,1,60.9,1211,685,1
1795,2022-07-18,2024-06-27,Male,25.0,South,Mobile,Electronics,Credit Card,7,58.74,439.38,0,61.4,1078,368,1
4666,2022-06-14,2025-04-06,Female,21.0,Central,Mobile,Beauty,PayPal,4,64.53,226.01,0,17.3,1112,85,0
4252,2024-01-12,2025-05-20,Male,21.0,South,Mobile,Books,Debit Card,5,80.07,438.11,0,50.7,535,41,0
272,2022-01-20,2025-06-05,Female,59.0,North,Tablet,Electronics,Cash on Delivery,5,83.82,359.69,1,69.4,1257,25,0
549,2022-05-21,2025-06-11,Female,39.0,Central,Mobile,Home & Kitchen,Credit Card,9,36.6,329.92,0,66.2,1136,19,0
1693,2023-09-13,2025-01-02,Male,42.0,East,Mobile,Electronics,Cash on Delivery,3,27.97,92.22,0,83.6,656,179,1
3526,2022-01-29,2025-06-30,Male,48.0,South,Mobile,Home & Kitchen,Credit Card,9,30.93,261.61,0,35.5,1248,0,0
3013,2024-06-27,2025-06-22,Male,35.0,South,Mobile,Clothing,Credit Card,6,17.73,100.31,2,8.8,368,8,0
4804,2024-10-03,2025-05-24,Male,53.0,North,Mobile,Grocery,Credit Card,9,41.15,326.08,1,75.8,270,37,0
2391,2023-05-31,2025-04-09,Male,18.0,North,Mobile,Grocery,PayPal,9,72.34,682.11,0,47.4,761,82,0
3877,2022-09-24,2024-01-14,Male,46.0,West,Mobile,Home & Kitchen,Cash on Delivery,6,30.76,159.99,0,21.4,1010,533,1
895,2022-03-15,2025-05-14,Female,19.0,East,Mobile,Clothing,Credit Card,5,56.73,323.42,0,9.8,1203,47,0
2000,2023-08-28,2025-05-16,Male,62.0,East,Mobile,Home & Kitchen,Debit Card,9,86.82,860.43,0,20.1,672,45,0
2123,2022-12-25,2024-12-04,Female,56.0,West,Desktop,Grocery,UPI,9,114.51,1164.13,0,57.1,918,208,1
4158,2022-08-21,2025-06-29,Female,43.0,West,Desktop,Electronics,UPI,7,58.78,408.06,0,31.3,1044,1,0
1248,2022-02-08,2025-04-11,Male,32.0,Central,Desktop,Beauty,Cash on Delivery,10,95.01,1062.45,1,83.5,1238,80,0
1260,2022-12-18,2025-04-12,Female,56.0,West,Desktop,Electronics,Debit Card,9,37.59,377.21,1,70.7,925,79,0
810,2022-09-26,2025-06-26,Male,22.0,Central,Mobile,Grocery,PayPal,6,57.99,351.6,0,12.2,1008,4,0
1050,2022-09-08,2024-12-13,Male,30.0,West,Desktop,Clothing,Credit Card,4,50.13,190.43,0,3.5,1026,199,1
1879,2023-09-02,2025-05-23,Male,19.0,North,Desktop,Clothing,PayPal,7,43.45,332.44,1,56.1,667,38,0
2880,2023-10-18,2025-05-17,Male,37.0,East,Mobile,Electronics,Credit Card,7,40.51,296.79,0,7.7,621,44,0
108,2022-01-24,2024-05-10,Female,27.0,Central,Mobile,Home & Kitchen,UPI,4,44.0,160.8,0,0.2,1253,416,1
674,2023-07-16,2024-10-05,Female,52.0,South,Tablet,Clothing,Credit Card,4,46.71,183.17,0,79.8,715,268,1
4481,2022-07-22,2025-05-13,Male,59.0,West,Desktop,Home & Kitchen,Debit Card,7,86.54,591.94,0,47.9,1074,48,0
3923,2024-03-01,2025-05-25,Female,22.0,Central,Desktop,Electronics,UPI,7,92.2,557.29,1,86.0,486,36,0
1533,2022-03-31,2025-04-09,Female,38.0,North,Mobile,Grocery,Credit Card,8,43.79,367.39,0,4.9,1187,82,0
1856,2024-10-24,2025-02-06,Male,64.0,West,Desktop,Electronics,UPI,4,25.76,99.59,0,94.9,249,144,1
212,2022-07-20,2025-05-02,Female,54.0,Central,Mobile,Grocery,PayPal,7,40.52,262.65,0,3.8,1076,59,0
3148,2022-06-09,2025-05-28,Female,39.0,Central,Desktop,Electronics,PayPal,4,57.78,246.92,0,98.8,1117,33,0
2257,2022-11-01,2025-05-06,Female,23.0,North,Desktop,Home & Kitchen,UPI,1,139.81,129.32,0,18.0,972,55,0
2106,2023-03-21,2025-05-18,Male,48.0,West,Mobile,Grocery,Credit Card,7,22.79,180.99,1,92.4,832,43,0
3269,2022-03-13,2025-06-28,Female,48.0,East,Mobile,Beauty,Credit Card,5,54.43,236.53,0,42.4,1205,2,0
4777,2023-10-23,2025-05-07,Male,53.0,Central,Mobile,Grocery,Debit Card,5,147.5,777.35,0,67.2,616,54,0
1974,2023-01-14,2025-06-17,Female,47.0,South,Mobile,Clothing,Debit Card,6,26.46,143.05,0,35.3,898,13,0
1502,2024-12-13,2025-04-03,Male,64.0,South,Mobile,Beauty,UPI,3,13.9,41.11,1,86.0,199,88,0
4183,2023-03-20,2024-03-10,Female,21.0,East,Desktop,Books,Credit Card,11,39.5,443.07,1,32.7,833,477,1
647,2023-12-22,2025-04-08,Female,27.0,Central,Desktop,Books,Cash on Delivery,6,37.44,223.98,3,48.8,556,83,0
3634,2022-12-24,2025-03-05,Male,61.0,Central,Mobile,Home & Kitchen,UPI,7,38.02,301.8,0,64.0,919,117,1
772,2023-07-24,2025-01-17,Female,56.0,South,Mobile,Home & Kitchen,Debit Card,5,36.54,155.55,0,55.9,707,164,1
704,2023-04-08,2025-04-17,Male,64.0,East,Mobile,Beauty,Debit Card,7,59.36,467.8,0,72.7,814,74,0
3588,2024-05-11,2025-06-21,Female,52.0,Central,Mobile,Grocery,Debit Card,7,34.85,214.98,1,32.8,415,9,0
1250,2022-06-09,2025-05-23,Female,36.0,West,Mobile,Sports,Credit Card,3,38.05,103.97,0,74.8,1117,38,0
2473,2022-11-05,2024-08-23,Female,41.0,North,Mobile,Grocery,UPI,4,46.43,184.23,0,72.2,968,311,1
1861,2023-03-01,2025-06-16,Female,47.0,East,Mobile,Clothing,UPI,3,37.15,107.35,0,56.4,852,14,0
710,2024-05-28,2025-05-04,Female,22.0,Central,Tablet,Grocery,Cash on Delivery,10,68.44,649.22,0,11.9,398,57,0
2673,2023-07-04,2025-04-29,Female,22.0,South,Mobile,Home & Kitchen,Credit Card,6,65.63,384.81,0,27.3,727,62,0
1462,2023-08-11,2025-06-22,Female,43.0,South,Mobile,Home & Kitchen,UPI,5,77.79,427.26,1,29.7,689,8,0
1485,2022-08-16,2024-03-15,Male,22.0,West,Desktop,Electronics,UPI,10,31.31,357.46,0,38.6,1049,472,1
2546,2022-06-23,2025-06-14,Female,54.0,Central,Mobile,Beauty,Debit Card,11,22.1,273.47,1,89.6,1103,16,0
231,2024-05-16,2025-06-05,Female,18.0,East,Desktop,Home & Kitchen,,7,50.11,304.96,0,17.9,410,25,0
1357,2023-06-01,2023-07-14,Female,44.0,North,Mobile,Clothing,PayPal,6,57.19,357.69,0,82.1,760,717,1
3012,2023-02-09,2025-04-25,Male,29.0,West,Desktop,Home & Kitchen,Credit Card,5,70.28,316.91,2,91.2,872,66,0
852,2024-07-03,2025-05-24,Female,37.0,East,Mobile,Clothing,UPI,3,131.1,385.15,0,38.5,362,37,0
1005,2024-01-31,2024-04-29,Female,45.0,North,Mobile,Clothing,UPI,6,33.78,192.78,1,45.8,516,427,1
1997,2024-10-26,2025-04-17,Female,26.0,North,Mobile,Beauty,Debit Card,6,31.07,195.63,1,65.3,247,74,0
1835,2024-08-29,2025-05-17,Female,36.0,South,Tablet,Home & Kitchen,Debit Card,9,29.01,236.87,0,8.3,305,44,0
3974,2022-01-13,2025-06-26,Female,18.0,East,Mobile,Electronics,UPI,7,33.86,201.79,0,53.2,1264,4,0
1317,2023-08-11,2025-05-13,Female,23.0,Central,Desktop,Home & Kitchen,Credit Card,7,56.58,426.32,0,89.2,689,48,0
3328,2023-11-23,2025-05-31,Female,43.0,East,Mobile,Clothing,Cash on Delivery,6,46.41,286.46,0,36.7,585,30,0
1624,2023-03-16,2025-04-06,Female,41.0,Central,Mobile,Home & Kitchen,UPI,7,98.23,643.63,2,13.0,837,85,0
1481,2023-05-04,2025-05-07,Female,64.0,South,Tablet,Sports,UPI,6,21.74,149.03,1,64.0,788,54,0
3834,2022-11-26,2024-03-14,Male,42.0,Central,Mobile,Sports,Credit Card,3,72.59,238.64,0,86.4,947,473,1
1279,2022-08-22,2025-06-10,Male,43.0,South,Desktop,Clothing,PayPal,6,54.38,324.64,1,92.9,1043,20,0
3081,2023-12-28,2025-05-28,Female,40.0,East,Mobile,Electronics,UPI,3,36.62,96.07,2,22.0,550,33,0
1824,2024-12-26,2024-12-30,Female,36.0,Central,Tablet,Home & Kitchen,Credit Card,7,42.26,308.21,1,47.5,186,182,1
1054,2022-02-13,2025-06-17,Female,53.0,West,Mobile,Home & Kitchen,Debit Card,5,48.31,218.36,0,67.8,1233,13,0
4146,2022-06-07,2024-10-08,Female,64.0,East,Tablet,Home & Kitchen,UPI,10,51.01,571.47,1,35.3,1119,265,1
476,2023-07-17,2025-06-26,Other,42.0,West,Mobile,Home & Kitchen,Credit Card,6,26.12,159.32,0,62.0,714,4,0
2283,2024-10-20,2025-03-08,Male,37.0,North,Desktop,Books,Debit Card,7,90.58,583.21,1,74.4,253,114,1
3712,2024-11-04,2025-04-13,Female,18.0,South,Mobile,Home & Kitchen,Debit Card,8,23.99,172.34,0,56.5,238,78,0
3147,2023-11-10,2025-05-11,Female,33.0,East,Mobile,Clothing,Debit Card,9,46.47,398.96,0,44.5,598,50,0
336,2024-04-12,2025-05-23,Male,56.0,East,Mobile,Electronics,Credit Card,6,72.73,394.64,0,73.0,444,38,0
2618,2023-03-06,2025-04-04,Male,57.0,North,Desktop,Clothing,Credit Card,3,54.09,154.09,0,85.1,847,87,0
3663,2022-08-20,2025-06-14,Male,36.0,South,Mobile,Sports,Debit Card,3,32.5,106.56,1,78.4,1045,16,0
89,2024-05-27,2024-12-18,Female,47.0,East,Mobile,Electronics,UPI,7,67.11,435.11,3,42.9,399,194,1
875,2022-07-25,2025-06-14,Male,38.0,North,Desktop,Grocery,Credit Card,11,21.12,236.01,1,54.0,1071,16,0
544,2024-08-21,2025-05-21,Female,26.0,North,Tablet,Sports,Debit Card,6,66.62,399.97,1,81.2,313,40,0
3001,2022-05-07,2025-05-07,Female,50.0,South,Tablet,Clothing,UPI,6,43.95,274.66,0,59.6,1150,54,0
2761,2023-08-07,2023-12-27,Male,30.0,North,Desktop,Grocery,Debit Card,7,69.31,524.65,0,91.6,693,551,1
4990,2023-03-10,2025-05-14,Female,62.0,North,Desktop,Beauty,Credit Card,8,58.06,514.93,1,97.6,843,47,0
1881,2023-03-01,2025-06-29,Female,50.0,North,Tablet,Home & Kitchen,Debit Card,7,98.02,754.48,0,13.8,852,1,0
4905,2022-09-04,2023-09-10,Female,64.0,East,Mobile,Electronics,Debit Card,4,78.21,293.46,0,39.9,1030,659,1
927,2023-04-21,2025-05-23,Male,39.0,North,Tablet,Books,UPI,11,92.16,1037.57,0,53.2,801,38,0
320,2022-06-04,2024-09-30,Male,59.0,South,Mobile,Clothing,Debit Card,5,55.59,310.27,0,93.7,1122,273,1
879,2024-07-24,2024-09-12,Male,61.0,West,Desktop,Clothing,UPI,4,47.3,214.54,1,12.0,341,291,1
3995,2023-08-28,2023-12-25,Female,22.0,South,Desktop,Clothing,Credit Card,1,39.14,40.22,0,84.6,672,553,1
3247,2024-06-19,2024-10-24,Female,56.0,East,Mobile,Electronics,Credit Card,4,58.68,203.36,0,68.0,376,249,1
3079,2023-03-26,2023-09-26,Male,34.0,South,Mobile,Electronics,Debit Card,5,36.18,162.49,0,54.8,827,643,1
3762,2022-08-08,2025-06-08,Female,37.0,South,Mobile,Clothing,Debit Card,7,42.51,290.8,0,80.3,1057,22,0
4621,2023-05-06,2025-04-13,Female,55.0,South,Desktop,Electronics,Cash on Delivery,4,45.12,155.97,0,52.8,786,78,0
4235,2024-09-04,2024-10-16,Male,27.0,Central,Mobile,Electronics,Debit Card,5,53.22,262.49,0,71.4,299,257,1
4260,2023-07-19,2024-05-10,Male,45.0,South,Mobile,Electronics,Credit Card,7,42.11,263.1,0,4.2,712,416,1
1619,2024-03-03,2024-04-04,Female,49.0,Central,Desktop,Electronics,Cash on Delivery,2,21.92,42.76,0,35.8,484,452,1
3727,2022-02-06,2024-08-25,Male,30.0,South,Tablet,Clothing,Cash on Delivery,8,53.52,436.3,1,34.4,1240,309,1
4983,2022-08-16,2025-04-23,Female,53.0,South,Tablet,Clothing,Credit Card,8,70.82,588.72,1,12.1,1049,68,0
1046,2022-05-05,2024-01-15,Female,37.0,Central,Mobile,Grocery,UPI,10,36.84,332.84,2,43.4,1152,532,1
1751,2023-10-03,2023-11-25,Female,54.0,West,Mobile,Clothing,UPI,7,28.19,204.25,0,33.9,636,583,1
3879,2023-06-07,2024-03-20,Female,44.0,South,Mobile,Home & Kitchen,UPI,5,56.77,249.45,0,30.4,754,467,1
3918,2023-05-15,2024-11-10,Male,48.0,West,Mobile,Grocery,UPI,7,37.52,298.33,0,65.1,777,232,1
1044,2024-01-23,2025-06-12,Female,49.0,North,Mobile,Beauty,Credit Card,6,49.91,339.13,1,58.4,524,18,0
3011,2022-05-13,2025-03-21,Female,28.0,East,Mobile,Beauty,PayPal,7,26.4,179.45,0,25.3,1144,101,1
3291,2024-03-24,2025-05-21,Male,62.0,North,Mobile,Sports,Debit Card,6,41.63,271.19,1,86.6,463,40,0
2065,2024-02-13,2024-04-04,Male,37.0,North,Mobile,Electronics,Debit Card,8,86.51,728.44,1,49.2,503,452,1
2965,2023-10-06,2025-06-10,Female,32.0,South,Mobile,Electronics,Credit Card,7,76.93,464.84,0,33.3,633,20,0
642,2024-08-27,2025-03-05,Male,49.0,West,Desktop,Electronics,Credit Card,6,68.67,445.47,1,48.2,307,117,1
138,2022-04-29,2023-07-21,Female,50.0,West,Mobile,Beauty,UPI,7,97.87,633.29,0,74.1,1158,710,1
881,2022-10-23,2025-05-29,Male,25.0,South,Mobile,Home & Kitchen,Debit Card,9,101.95,989.08,1,21.2,981,32,0
1977,2023-10-25,2025-01-03,Male,30.0,North,Desktop,Clothing,Debit Card,9,18.87,160.77,1,79.6,614,178,1
1582,2024-06-09,2025-06-16,Male,38.0,East,Tablet,Grocery,UPI,6,52.65,280.96,0,72.0,386,14,0
1098,2023-09-10,2025-06-20,Male,37.0,North,Desktop,Home & Kitchen,Credit Card,10,57.77,589.7,0,23.4,659,10,0
4684,2023-02-12,2025-05-13,Male,27.0,North,Mobile,Beauty,PayPal,5,25.36,128.5,0,77.6,869,48,0
1393,2023-11-21,2025-04-02,Male,20.0,North,Desktop,Electronics,Cash on Delivery,3,177.63,570.68,1,40.2,587,89,0
2084,2023-05-22,2025-04-20,Female,59.0,South,Mobile,Electronics,PayPal,3,29.74,91.73,1,10.9,770,71,0
1267,2024-06-11,2025-04-07,Male,64.0,East,Mobile,Beauty,Debit Card,12,31.26,368.47,1,58.0,384,84,0
4232,2024-05-21,2025-06-22,Female,45.0,South,Mobile,Beauty,Debit Card,6,67.23,453.87,1,25.2,405,8,0
2575,2024-09-19,2025-05-28,Male,27.0,South,Desktop,Home & Kitchen,Cash on Delivery,6,92.08,562.72,1,88.0,284,33,0
2136,2023-01-12,2024-07-01,Female,42.0,Central,Desktop,Grocery,Credit Card,6,56.95,295.23,0,83.7,900,364,1
1504,2024-11-05,2025-06-06,Male,26.0,North,Desktop,Home & Kitchen,Credit Card,8,18.74,148.32,1,7.0,237,24,0
3368,2023-02-12,2024-07-23,Male,38.0,North,Desktop,Books,UPI,4,27.64,121.66,0,65.0,869,342,1
3730,2024-04-24,2025-05-19,Female,38.0,North,Desktop,Grocery,Debit Card,8,41.06,350.37,0,23.1,432,42,0
149,2023-06-27,2024-08-12,Male,63.0,East,Desktop,Grocery,Credit Card,3,29.88,101.37,0,81.3,734,322,1
304,2024-09-27,2025-02-12,Female,53.0,West,Desktop,Books,Debit Card,9,74.27,679.79,1,4.3,276,138,1
1925,2023-02-13,2024-01-06,Female,55.0,West,Desktop,Clothing,Cash on Delivery,6,26.89,162.98,0,14.6,868,541,1
4781,2022-07-17,2025-05-11,Male,34.0,Central,Tablet,Beauty,UPI,7,83.37,507.88,0,13.2,1079,50,0
2638,2022-05-02,2025-04-08,Female,51.0,North,Tablet,Clothing,UPI,5,123.27,648.53,1,29.5,1155,83,0
1905,2022-10-09,2025-06-18,Female,51.0,North,Mobile,Books,Cash on Delivery,4,74.34,283.89,0,73.4,995,12,0
4675,2023-05-28,2025-06-19,Male,50.0,West,Tablet,Clothing,UPI,7,59.62,411.46,0,60.5,764,11,0
4295,2022-06-13,2025-04-09,Male,40.0,West,Desktop,Books,Credit Card,1,38.04,35.85,1,37.6,1113,82,0
3843,2024-07-15,2025-04-17,Male,56.0,West,Mobile,Electronics,UPI,3,63.25,216.31,0,32.2,350,74,0
4448,2024-05-18,2025-04-06,Female,19.0,West,Mobile,Grocery,PayPal,7,55.25,415.65,2,44.2,408,85,0
1769,2022-04-14,2025-04-03,Male,40.0,South,Mobile,Electronics,PayPal,4,50.36,184.24,0,23.7,1173,88,0
2876,2023-04-05,2024-10-17,Male,30.0,Central,Mobile,Clothing,Debit Card,7,97.98,642.78,0,97.2,817,256,1
2241,2022-02-02,2024-06-11,Female,61.0,West,Mobile,Grocery,Debit Card,5,44.33,191.33,2,71.2,1244,384,1
4992,2024-12-07,2025-04-07,Female,,Central,Desktop,Beauty,Debit Card,7,78.05,494.52,0,95.8,205,84,0
484,2022-06-15,2025-05-23,Female,38.0,Central,Mobile,Beauty,UPI,9,55.98,471.19,1,84.2,1111,38,0
1281,2024-11-10,2025-06-25,Female,39.0,West,Mobile,Clothing,PayPal,4,44.52,173.84,1,90.9,232,5,0
3681,2022-04-05,2024-03-19,Female,24.0,East,Tablet,Beauty,Cash on Delivery,8,118.67,964.61,0,50.0,1182,468,1
792,2023-10-07,2025-04-21,Female,30.0,Central,Mobile,Electronics,PayPal,10,44.19,492.29,0,97.1,632,70,0
1202,2022-04-12,2024-01-31,Male,22.0,West,Mobile,Electronics,UPI,3,26.32,88.29,2,62.4,1175,516,1
3913,2022-01-19,2025-05-23,Male,18.0,Central,Mobile,Books,Credit Card,4,153.61,584.76,0,17.1,1258,38,0
2363,2022-07-10,2025-06-10,Male,51.0,West,Mobile,Electronics,PayPal,9,76.67,714.62,0,39.8,1086,20,0
3070,2024-01-03,2025-04-26,Female,21.0,South,Mobile,Electronics,Debit Card,9,94.14,805.17,1,14.5,544,65,0
3430,2023-10-28,2025-06-13,Female,39.0,North,Mobile,Clothing,PayPal,8,26.68,233.52,0,66.7,611,17,0
4958,2024-01-19,2025-06-13,Female,25.0,North,Tablet,Clothing,UPI,5,52.22,238.37,0,66.3,528,17,0
4848,2024-04-24,2024-05-03,Male,61.0,North,Mobile,Clothing,UPI,7,60.03,458.06,0,97.5,432,423,1
2592,2023-07-17,2025-06-15,Female,44.0,East,Mobile,Home & Kitchen,Credit Card,6,62.59,353.5,0,35.4,714,15,0
2711,2024-09-03,2025-06-20,Female,25.0,South,Mobile,Grocery,Debit Card,9,188.61,1740.78,1,74.6,300,10,0
1530,2022-03-17,2025-05-17,Female,32.0,Central,Mobile,Clothing,Credit Card,9,122.74,1200.73,0,70.3,1201,44,0
2810,2023-02-21,2023-09-27,Female,48.0,South,Tablet,Sports,Debit Card,10,24.51,227.68,0,71.1,860,642,1
686,2023-11-29,2025-05-05,Female,63.0,East,Desktop,Grocery,PayPal,9,86.41,746.23,0,90.2,579,56,0
1552,2024-03-30,2024-06-24,Female,26.0,East,Mobile,Beauty,Credit Card,7,46.21,276.75,0,22.6,457,371,1
4256,2023-06-04,2025-04-05,Female,28.0,East,Desktop,Home & Kitchen,,3,89.34,230.81,0,47.7,757,86,0
3872,2024-02-12,2025-04-12,Male,39.0,East,Mobile,Grocery,PayPal,6,61.13,328.29,0,15.6,504,79,0
561,2024-08-10,2025-04-21,Female,49.0,North,Mobile,Beauty,Credit Card,8,41.03,335.28,0,57.7,324,70,0
2251,2024-10-25,2025-03-24,Male,41.0,East,Mobile,Electronics,Credit Card,7,36.03,227.94,0,31.8,248,98,1
4692,2023-10-24,2025-05-24,Male,34.0,North,Mobile,Grocery,Credit Card,6,73.69,455.39,0,95.7,615,37,0
3501,2024-09-25,2024-10-10,Male,33.0,North,Mobile,Home & Kitchen,PayPal,12,66.3,799.77,1,27.0,278,263,1
2690,2024-05-26,2024-05-28,Male,40.0,West,Mobile,Beauty,Debit Card,2,70.07,126.85,0,95.3,400,398,1
4209,2022-07-17,2023-09-03,Male,53.0,North,Mobile,Electronics,Debit Card,4,64.1,244.78,1,13.7,1079,666,1
4881,2023-06-27,2025-04-23,Male,53.0,South,Mobile,Clothing,Debit Card,13,44.77,592.71,0,4.9,734,68,0
3380,2022-12-30,2025-03-31,Female,54.0,South,Desktop,Home & Kitchen,Credit Card,7,43.44,291.73,0,73.6,913,91,1
3194,2023-11-24,2025-06-12,Male,23.0,Central,Desktop,Home & Kitchen,Cash on Delivery,9,26.39,234.14,1,37.9,584,18,0
1447,2024-03-22,2024-10-11,Female,52.0,East,Desktop,Home & Kitchen,Credit Card,6,16.75,95.18,1,55.4,465,262,1
1953,2024-08-16,2025-05-25,Female,64.0,Central,Mobile,Clothing,UPI,7,56.68,372.46,0,3.7,318,36,0
923,2024-02-23,2025-01-05,Female,53.0,West,Mobile,Sports,Credit Card,12,22.22,271.65,2,19.1,493,176,1
1625,2023-08-08,2024-11-01,Male,62.0,Central,Tablet,Clothing,Cash on Delivery,5,71.15,378.47,0,60.0,692,241,1
311,2022-01-08,2025-04-06,Male,51.0,East,Mobile,Sports,Credit Card,7,65.35,512.48,0,27.2,1269,85,0
1320,2024-11-04,2025-05-01,Male,29.0,North,Tablet,Home & Kitchen,Cash on Delivery,9,45.14,411.0,0,23.2,238,60,0
3532,2023-05-25,2024-05-05,Female,24.0,North,Desktop,Electronics,Credit Card,7,72.76,437.8,0,25.1,767,421,1
1664,2022-09-14,2025-04-29,Female,37.0,East,Desktop,Beauty,Cash on Delivery,9,20.64,199.57,0,11.9,1020,62,0
816,2023-05-06,2025-04-17,Female,43.0,Central,Mobile,Clothing,Debit Card,6,91.23,626.57,0,10.2,786,74,0
4549,2024-12-09,2025-06-18,Female,46.0,Central,Tablet,Clothing,Credit Card,6,85.38,475.75,1,36.3,203,12,0
2267,2024-04-11,2025-05-26,Female,45.0,West,Desktop,Electronics,PayPal,5,50.73,284.65,0,60.5,445,35,0
1474,2024-05-16,2024-12-14,Male,29.0,South,Mobile,Home & Kitchen,Credit Card,8,16.64,143.04,2,33.8,410,198,1
1774,2022-01-17,2024-06-25,Female,59.0,South,Desktop,Sports,PayPal,6,26.27,175.14,0,55.6,1260,370,1
4634,2024-07-21,2025-04-25,Female,59.0,Central,Mobile,Home & Kitchen,Debit Card,7,99.91,717.04,2,79.9,344,66,0
1094,2024-10-28,2025-03-08,Female,50.0,East,Mobile,Grocery,UPI,2,49.63,86.69,1,17.1,245,114,1
4177,2023-01-04,2025-04-03,Female,52.0,South,Mobile,Grocery,UPI,6,26.85,151.38,0,9.7,908,88,0
1951,2022-10-02,2025-06-16,Male,18.0,East,Mobile,Clothing,Credit Card,4,32.34,115.2,0,35.1,1002,14,0
3885,2022-11-11,2025-06-08,Female,20.0,East,Desktop,Electronics,UPI,6,36.65,204.45,0,63.0,962,22,0
4533,2023-01-12,2025-06-17,Male,37.0,West,Mobile,Grocery,UPI,9,56.41,468.63,0,44.0,900,13,0
4691,2023-10-02,2025-06-16,Male,23.0,East,Mobile,Beauty,Debit Card,11,36.23,429.0,1,93.6,637,14,0
2801,2024-05-17,2025-06-06,Female,28.0,South,Mobile,Electronics,UPI,7,48.94,345.02,0,30.7,409,24,0
1240,2024-12-26,2025-03-09,Male,64.0,East,Desktop,Grocery,UPI,3,52.92,166.8,1,12.6,186,113,1
330,2022-03-23,2023-12-21,Male,34.0,North,Mobile,Sports,Debit Card,6,47.17,299.68,0,92.5,1195,557,1
3103,2022-01-02,2023-08-14,Female,54.0,East,Mobile,Home & Kitchen,UPI,7,97.01,715.25,0,75.5,1275,686,1
243,2024-10-26,2025-05-15,Female,56.0,South,Mobile,Clothing,Credit Card,4,55.57,229.89,0,89.7,247,46,0
4700,2023-02-11,2025-04-18,Other,46.0,Central,Mobile,Home & Kitchen,Credit Card,12,47.63,617.49,0,2.9,870,73,0
2258,2023-05-09,2025-05-07,Male,60.0,North,Mobile,Sports,Credit Card,6,41.35,241.79,0,71.5,783,54,0
2819,2023-05-16,2024-12-02,Male,25.0,Central,Tablet,Electronics,UPI,5,115.91,617.99,0,71.5,776,210,1
3825,2024-12-06,2025-04-26,Male,58.0,North,Desktop,Sports,Credit Card,10,48.02,432.72,1,54.3,206,65,0
754,2024-10-21,2025-05-13,Male,23.0,West,Desktop,Grocery,PayPal,4,43.16,192.52,0,74.6,252,48,0
1564,2022-06-11,2025-05-25,Male,21.0,Central,Mobile,Beauty,PayPal,5,47.47,213.76,0,72.9,1115,36,0
1935,2024-05-05,2025-06-16,Female,34.0,West,Mobile,Electronics,PayPal,8,76.42,601.68,0,14.9,421,14,0
4809,2024-05-01,2025-04-08,Male,26.0,West,Mobile,Beauty,UPI,8,54.1,479.25,1,6.6,425,83,0
3494,2023-12-03,2025-04-19,Female,57.0,West,Mobile,Sports,Credit Card,6,57.64,355.35,0,45.1,575,72,0
3023,2024-03-19,2025-04-07,Female,26.0,East,Desktop,Sports,Credit Card,10,70.89,645.7,0,82.2,468,84,0
2649,2023-07-05,2025-06-23,Male,33.0,Central,Tablet,Grocery,Debit Card,10,45.88,446.13,0,56.4,726,7,0
1857,2024-08-23,2025-06-14,Female,31.0,North,Mobile,Electronics,Credit Card,5,20.18,93.45,1,58.1,311,16,0
3564,2024-10-30,2025-06-09,Male,36.0,South,Desktop,Books,UPI,4,48.85,170.28,1,18.0,243,21,0
1965,2023-01-31,2025-01-19,Female,28.0,East,Mobile,Beauty,UPI,1,23.47,23.12,2,92.5,881,162,1
1014,2023-09-11,2025-05-24,Male,51.0,East,Desktop,Sports,UPI,9,26.33,241.73,0,3.9,658,37,0
1428,2024-01-31,2025-05-02,Female,22.0,Central,Mobile,Beauty,UPI,3,42.51,109.75,0,50.6,516,59,0
3323,2022-04-11,2025-05-28,Female,55.0,North,Mobile,Books,Debit Card,6,53.64,353.91,0,23.4,1176,33,0
1296,2024-08-08,2025-02-19,Male,50.0,South,Tablet,Books,UPI,6,88.66,539.43,1,85.8,326,131,1
467,2022-11-22,2025-04-14,Male,18.0,North,Mobile,Sports,UPI,5,44.18,202.54,3,14.7,951,77,0
4029,2023-11-09,2025-06-14,Female,39.0,South,Desktop,Books,PayPal,6,122.19,680.74,0,37.3,599,16,0
175,2022-05-26,2023-07-14,Female,29.0,South,Desktop,Home & Kitchen,Debit Card,12,54.59,753.31,0,66.0,1131,717,1
278,2023-06-28,2025-04-28,Female,21.0,South,Mobile,Home & Kitchen,Credit Card,5,18.44,101.11,0,28.2,733,63,0
1070,2023-05-29,2024-04-28,Male,33.0,South,Mobile,Clothing,UPI,4,36.8,164.3,1,54.8,763,428,1
1549,2022-09-12,2025-04-29,Male,56.0,West,Desktop,Sports,Cash on Delivery,7,35.45,267.6,0,48.2,1022,62,0
1025,2022-10-05,2025-06-21,Female,28.0,South,Desktop,Beauty,UPI,4,44.7,175.35,0,76.4,999,9,0
2835,2024-11-25,2025-05-19,Male,28.0,South,Mobile,Clothing,PayPal,5,41.95,224.3,1,24.0,217,42,0
1467,2022-01-11,2025-05-19,Other,18.0,North,Desktop,Electronics,Debit Card,13,37.7,418.38,0,14.6,1266,42,0
1714,2024-04-11,2025-01-20,Male,35.0,Central,Mobile,Books,Cash on Delivery,10,56.23,620.09,0,50.4,445,161,1
3425,2022-08-10,2025-04-15,Female,51.0,Central,Desktop,Books,UPI,9,32.04,310.63,0,14.0,1055,76,0
2612,2023-06-23,2025-05-30,Male,45.0,West,Mobile,Clothing,UPI,5,54.39,310.15,0,58.4,738,31,0
389,2022-01-04,2025-06-15,Female,30.0,East,Mobile,Sports,Debit Card,4,53.48,202.67,0,48.8,1273,15,0
2071,2023-01-01,2025-05-12,Female,55.0,South,Mobile,Clothing,Credit Card,8,63.23,515.87,0,42.1,911,49,0
3971,2024-03-08,2025-04-16,Other,60.0,Central,Mobile,Sports,Debit Card,7,25.45,186.69,0,4.1,479,75,0
3496,2024-07-26,2024-11-25,Male,38.0,West,Desktop,Grocery,Debit Card,6,78.66,522.19,0,39.0,339,217,1
2822,2022-08-26,2025-04-02,Male,20.0,West,Mobile,Beauty,PayPal,5,36.07,199.96,0,46.9,1039,89,0
1425,2023-05-28,2025-06-07,Other,26.0,Central,Mobile,Books,PayPal,8,39.78,338.89,0,83.1,764,23,0
3543,2022-04-04,2025-06-25,Male,23.0,North,Mobile,Sports,UPI,10,34.02,316.63,0,68.8,1183,5,0
4919,2022-04-14,2025-06-20,Female,23.0,South,Mobile,Grocery,Credit Card,10,159.08,1472.06,0,82.9,1173,10,0
3575,2022-02-10,2023-08-03,Female,21.0,North,Desktop,Grocery,UPI,8,46.16,345.61,1,34.3,1236,697,1
51,2022-07-26,2023-11-04,Female,21.0,South,Mobile,Beauty,PayPal,7,50.04,385.42,0,5.6,1070,604,1
1888,2022-09-07,2025-06-07,Male,64.0,Central,Tablet,Home & Kitchen,PayPal,9,21.0,181.0,1,39.9,1027,23,0
3696,2024-02-28,2024-12-19,Male,21.0,South,Mobile,Electronics,UPI,3,53.05,143.35,0,73.9,488,193,1
4230,2023-12-19,2024-08-09,Male,61.0,South,Mobile,Clothing,PayPal,7,159.8,1160.83,0,20.4,559,325,1
483,2023-10-17,2025-05-04,Male,51.0,West,Desktop,Beauty,Debit Card,10,27.68,261.17,0,46.3,622,57,0
3394,2023-04-07,2025-02-13,Male,49.0,South,Desktop,Beauty,Cash on Delivery,7,40.03,258.63,0,71.2,815,137,1
2252,2024-05-31,2025-05-30,Female,23.0,East,Mobile,Home & Kitchen,Debit Card,10,25.86,256.52,0,3.6,395,31,0
4163,2022-11-27,2025-05-16,Female,48.0,West,Tablet,Books,Credit Card,7,75.66,575.58,1,77.0,946,45,0
2314,2022-04-20,2025-05-09,Female,31.0,East,Desktop,Books,Credit Card,7,79.51,528.06,0,45.0,1167,52,0
2850,2024-10-13,2025-04-26,Male,44.0,Central,Mobile,Beauty,UPI,6,27.2,182.52,0,86.4,260,65,0
3104,2023-11-11,2025-04-19,Male,46.0,Central,Desktop,Electronics,Debit Card,6,20.63,113.35,0,42.0,597,72,0
4128,2024-01-19,2024-11-23,Female,21.0,West,Mobile,Clothing,Cash on Delivery,9,51.68,497.84,1,36.5,528,219,1
3868,2023-01-18,2023-08-12,Female,58.0,West,Mobile,Clothing,Debit Card,7,84.99,629.9,1,8.9,894,688,1
2466,2024-11-28,2025-05-25,Male,53.0,Central,Mobile,Electronics,UPI,9,50.52,499.59,0,90.9,214,36,0
2930,2022-07-10,2025-06-16,Male,50.0,Central,Mobile,Electronics,UPI,7,43.88,268.04,0,78.6,1086,14,0
4107,2022-05-09,2025-04-27,Female,30.0,South,Tablet,Sports,Debit Card,8,21.79,161.27,0,46.7,1148,64,0
65,2022-12-01,2025-06-13,Male,27.0,North,Mobile,Beauty,UPI,11,49.39,572.16,1,19.8,942,17,0
4753,2022-11-25,2025-04-11,Female,46.0,East,Desktop,Clothing,PayPal,9,70.87,591.22,1,1.1,948,80,0
777,2024-08-20,2024-10-14,Male,48.0,West,Mobile,Home & Kitchen,Cash on Delivery,8,22.7,205.51,0,30.3,314,259,1
4174,2022-04-25,2025-04-09,Female,56.0,West,Mobile,Electronics,Credit Card,8,24.22,180.23,0,16.8,1162,82,0
2735,2022-09-30,2025-05-09,Female,21.0,West,Tablet,Grocery,PayPal,6,97.51,557.22,0,0.2,1004,52,0
2581,2024-04-17,2024-07-21,Male,32.0,West,Mobile,Beauty,Credit Card,8,88.76,608.24,1,98.8,439,344,1
3484,2024-10-21,2025-04-28,Female,43.0,North,Mobile,Books,Debit Card,6,30.92,188.75,0,98.3,252,63,0
4896,2023-09-08,2025-06-15,Male,43.0,East,Mobile,Grocery,PayPal,5,39.28,197.84,0,14.1,661,15,0
2345,2022-07-07,2024-05-19,Female,31.0,West,Mobile,Home & Kitchen,Credit Card,9,68.13,640.6,1,95.4,1089,407,1
2816,2024-06-14,2024-08-01,Female,36.0,South,Mobile,Clothing,Debit Card,8,30.57,211.34,0,29.9,381,333,1
4947,2024-12-09,2025-06-04,Female,32.0,West,Desktop,Sports,Credit Card,3,48.61,164.42,0,18.8,203,26,0
4027,2023-02-09,2025-06-10,Male,57.0,Central,Mobile,Sports,Debit Card,6,35.06,205.64,0,39.9,872,20,0
725,2024-07-11,2025-05-17,Female,20.0,South,Mobile,Grocery,UPI,11,36.36,384.14,1,63.3,354,44,0
4602,2023-09-06,2025-05-01,Female,33.0,East,Desktop,Books,Debit Card,7,42.06,296.81,1,64.3,663,60,0
4584,2024-06-23,2025-05-19,Female,24.0,North,Mobile,Electronics,Credit Card,2,41.16,79.47,0,60.4,372,42,0
4971,2023-04-24,2025-05-28,Male,30.0,West,Desktop,Electronics,Cash on Delivery,5,64.51,338.61,1,23.4,798,33,0
4889,2023-03-22,2025-04-24,Male,59.0,West,Tablet,Electronics,Debit Card,6,46.49,287.65,0,97.0,831,67,0
1736,2023-05-11,2025-05-01,Female,24.0,East,Desktop,Grocery,Credit Card,9,51.94,408.29,1,73.2,781,60,0
3125,2022-11-19,2025-05-15,Female,54.0,North,Mobile,Sports,PayPal,8,79.12,665.13,0,99.1,954,46,0
274,2022-07-24,2024-07-15,Female,31.0,North,Desktop,Grocery,UPI,8,41.96,336.8,0,84.6,1072,350,1
2945,2022-09-25,2025-04-14,Female,20.0,East,Tablet,Clothing,UPI,10,80.44,735.27,0,87.2,1009,77,0
4787,2022-03-06,2025-04-02,Female,48.0,Central,Mobile,Clothing,Debit Card,8,62.96,510.22,0,83.0,1212,89,0
4962,2023-12-07,2025-04-16,Male,,Central,Desktop,Electronics,Debit Card,5,44.53,246.9,1,60.6,571,75,0
1453,2024-02-07,2024-09-16,Female,62.0,East,Mobile,Books,UPI,4,59.68,254.72,0,46.1,509,287,1
2716,2024-06-30,2025-04-30,Male,64.0,North,Mobile,Home & Kitchen,Credit Card,9,58.74,453.96,0,45.2,365,61,0
4246,2024-11-30,2025-04-23,Female,34.0,South,Mobile,Home & Kitchen,Credit Card,3,32.32,103.9,0,40.6,212,68,0
2693,2023-09-11,2024-01-24,Male,51.0,Central,Mobile,Electronics,PayPal,9,68.78,640.4,2,72.9,658,523,1
2768,2024-03-13,2025-04-14,Male,30.0,East,Mobile,Electronics,UPI,9,79.8,789.37,1,19.8,474,77,0
219,2024-09-21,2024-11-02,Female,63.0,Central,Mobile,Clothing,Cash on Delivery,11,44.48,560.41,2,49.7,282,240,1
240,2022-04-28,2025-04-01,Male,62.0,West,Mobile,Electronics,Debit Card,9,62.05,536.78,0,40.4,1159,90,0
1132,2024-05-01,2025-04-23,Female,23.0,North,Mobile,Sports,Debit Card,6,33.3,214.97,0,14.8,425,68,0
4759,2023-06-24,2025-01-30,Male,35.0,North,Mobile,Sports,Cash on Delivery,12,30.08,315.18,0,12.9,737,151,1
3265,2024-09-02,2025-06-15,Female,22.0,Central,Desktop,Grocery,PayPal,9,69.15,631.04,0,24.4,301,15,0
2240,2024-09-26,2025-05-27,Male,38.0,Central,Mobile,Electronics,PayPal,6,69.61,466.46,1,78.8,277,34,0
1384,2023-04-09,2025-06-25,Male,19.0,North,Desktop,Beauty,UPI,11,50.96,605.68,0,19.1,813,5,0
3075,2023-05-09,2025-04-10,Female,21.0,East,Mobile,Home & Kitchen,Credit Card,8,20.13,138.56,0,36.3,783,81,0
1358,2022-11-04,2025-06-09,Male,45.0,East,Mobile,Clothing,Credit Card,4,42.7,191.43,1,69.5,969,21,0
2631,2023-08-23,2025-05-03,Female,18.0,West,Mobile,Clothing,Debit Card,4,32.07,139.05,0,53.5,677,58,0
2833,2023-12-12,2025-05-11,Male,54.0,Central,Desktop,Clothing,UPI,7,52.82,386.92,0,53.2,566,50,0
625,2023-01-27,2025-04-02,Female,61.0,West,Mobile,Clothing,Debit Card,5,96.88,420.52,0,14.8,885,89,0
840,2022-10-07,2025-02-05,Female,64.0,North,Mobile,Books,Debit Card,10,20.97,231.71,0,73.1,997,145,1
324,2022-10-31,2025-04-07,Male,51.0,South,Tablet,Grocery,Debit Card,8,39.62,270.79,0,86.7,973,84,0
4987,2022-02-16,2024-06-29,Female,41.0,North,Desktop,Clothing,Credit Card,7,36.15,265.09,0,60.7,1230,366,1
1868,2024-07-30,2025-03-04,Male,19.0,East,Mobile,Clothing,Debit Card,9,41.93,367.03,0,7.2,335,118,1
2827,2022-09-02,2025-05-04,Female,34.0,East,Mobile,Clothing,PayPal,3,27.08,87.05,2,94.3,1032,57,0
4575,2024-07-24,2025-01-10,Female,60.0,Central,Mobile,Electronics,Debit Card,9,72.56,639.08,0,54.0,341,171,1
438,2024-08-31,2025-05-03,Female,31.0,Central,Desktop,Home & Kitchen,Debit Card,6,54.08,306.15,0,15.2,303,58,0
120,2023-01-01,2025-06-14,Female,59.0,West,Mobile,Beauty,Debit Card,3,103.06,262.98,0,29.9,911,16,0
4545,2024-08-27,2025-05-31,Male,32.0,South,Mobile,Clothing,Credit Card,9,64.11,522.48,0,61.0,307,30,0
4714,2022-01-19,2024-05-08,Female,43.0,North,Desktop,Electronics,UPI,11,93.84,928.8,1,96.9,1258,418,1
1840,2022-12-16,2025-05-05,Male,59.0,Central,Desktop,Home & Kitchen,Credit Card,5,28.0,134.59,0,83.7,927,56,0
1027,2024-07-18,2025-06-23,Female,51.0,South,Mobile,Home & Kitchen,Credit Card,8,18.83,170.68,0,28.3,347,7,0
3302,2022-10-31,2025-05-29,Other,60.0,Central,Desktop,Home & Kitchen,UPI,7,19.6,156.83,1,37.2,973,32,0
4173,2022-10-28,2025-04-25,Male,51.0,Central,Mobile,Home & Kitchen,PayPal,5,43.37,198.4,1,64.6,976,66,0
3102,2024-09-05,2025-01-30,Female,27.0,North,Desktop,Electronics,Credit Card,7,41.35,292.91,0,68.7,298,151,1
901,2024-06-07,2024-12-29,Male,42.0,South,Mobile,Grocery,Debit Card,7,77.23,549.57,0,17.4,388,183,1
4468,2022-01-20,2025-04-01,Male,27.0,East,Mobile,Electronics,Cash on Delivery,7,34.2,269.16,0,23.0,1257,90,0
1205,2024-06-26,2025-05-14,Female,27.0,North,Desktop,Clothing,UPI,12,64.08,842.51,1,79.6,369,47,0
4623,2023-07-11,2025-05-17,Male,22.0,South,Desktop,Clothing,PayPal,5,51.79,276.84,0,37.4,720,44,0
4984,2023-09-17,2024-09-04,Female,55.0,South,Mobile,Home & Kitchen,PayPal,5,24.62,118.19,0,79.7,652,299,1
4051,2024-06-12,2025-06-05,Female,45.0,South,Mobile,Books,PayPal,9,56.07,462.44,1,97.4,383,25,0
553,2023-02-13,2025-06-29,Female,29.0,East,Mobile,Electronics,Credit Card,11,83.55,882.94,0,69.7,868,1,0
407,2024-05-11,2025-04-03,Male,27.0,West,Mobile,Electronics,Cash on Delivery,11,68.28,762.94,0,81.3,415,88,0
4559,2023-08-05,2025-04-25,Female,23.0,West,Mobile,Grocery,Debit Card,7,57.34,412.81,0,47.2,695,66,0
1614,2022-08-21,2025-06-30,Male,48.0,Central,Mobile,Clothing,UPI,6,82.9,457.28,2,69.9,1044,0,0
2935,2024-02-02,2024-12-07,Female,51.0,Central,Desktop,Grocery,Credit Card,5,121.74,607.15,0,96.6,514,205,1
3299,2022-08-19,2024-06-12,Male,21.0,Central,Tablet,Clothing,Debit Card,8,78.37,670.2,1,25.9,1046,383,1
2834,2024-12-07,2025-06-24,Male,49.0,North,Mobile,Electronics,Credit Card,9,60.75,556.78,0,50.5,205,6,0
2350,2023-07-07,2025-06-15,Male,52.0,South,Mobile,Home & Kitchen,Debit Card,3,42.88,134.6,0,5.5,724,15,0
3110,2022-05-02,2024-04-07,Female,57.0,West,Desktop,Electronics,Cash on Delivery,12,68.89,924.65,0,0.4,1155,449,1
1739,2023-07-02,2025-05-08,Male,31.0,East,Desktop,Clothing,Cash on Delivery,6,48.9,294.15,0,87.1,729,53,0
237,2022-04-30,2024-11-25,Male,40.0,East,Desktop,Beauty,UPI,6,25.99,173.84,0,6.6,1157,217,1
3164,2022-01-03,2023-10-23,Female,48.0,North,Desktop,Grocery,PayPal,5,49.82,248.71,0,17.2,1274,616,1
500,2024-03-08,2025-06-06,Other,44.0,East,Desktop,Beauty,UPI,12,41.84,539.63,0,9.0,479,24,0
3626,2023-06-09,2025-06-29,Male,64.0,Central,Mobile,Books,Credit Card,8,52.54,393.77,1,66.6,752,1,0
3128,2023-10-12,2025-06-12,Male,32.0,Central,Desktop,Beauty,Debit Card,4,102.67,353.71,1,30.2,627,18,0
795,2022-08-26,2025-05-16,Male,22.0,East,Desktop,Electronics,UPI,11,71.03,811.0,0,15.1,1039,45,0
3359,2022-12-22,2025-05-09,Female,22.0,North,Mobile,Home & Kitchen,Debit Card,8,34.61,251.51,0,93.2,921,52,0
3292,2023-10-30,2024-03-05,Female,43.0,North,Desktop,Electronics,Credit Card,10,63.24,610.36,1,95.6,609,482,1
3973,2024-12-31,2025-04-19,Male,57.0,East,Desktop,Beauty,UPI,5,84.75,390.84,0,77.7,181,72,0
991,2022-06-04,2025-06-19,Female,20.0,North,Mobile,Clothing,Cash on Delivery,7,44.36,337.66,0,71.0,1122,11,0
2436,2023-09-13,2024-08-09,Male,37.0,North,Mobile,Books,UPI,8,54.04,472.51,0,56.9,656,325,1
3377,2024-02-02,2024-11-03,Female,30.0,Central,Mobile,Grocery,Credit Card,9,54.93,491.36,0,93.7,514,239,1
391,2023-02-08,2023-12-11,Other,47.0,East,Desktop,Books,UPI,9,26.5,245.32,0,90.1,873,567,1
2401,2023-11-12,2025-05-22,Male,28.0,East,Mobile,Home & Kitchen,PayPal,8,31.83,282.38,1,63.8,596,39,0
1218,2024-09-23,2025-03-27,Female,23.0,East,Mobile,Electronics,Debit Card,11,39.78,435.45,1,25.0,280,95,1
236,2023-03-22,2024-10-15,Female,54.0,East,Desktop,Home & Kitchen,Cash on Delivery,8,58.84,467.24,0,17.1,831,258,1
332,2023-03-07,2024-03-28,Female,41.0,East,Mobile,Beauty,UPI,8,92.23,764.72,0,22.0,846,459,1
3189,2022-12-15,2025-05-23,Female,32.0,North,Desktop,Books,Debit Card,13,18.38,248.52,1,99.9,928,38,0
45,2022-05-23,2025-06-28,Male,34.0,East,Mobile,Electronics,Cash on Delivery,8,51.15,446.56,0,32.3,1134,2,0
4715,2022-03-28,2024-03-23,Female,63.0,East,Desktop,Clothing,Debit Card,5,47.73,218.96,1,26.7,1190,464,1
4217,2024-09-14,2025-06-01,Male,36.0,South,Mobile,Beauty,Debit Card,7,28.32,183.81,1,4.6,289,29,0
3437,2023-05-08,2025-06-08,Male,44.0,North,Desktop,Sports,Credit Card,7,39.45,314.7,0,35.4,784,22,0
3073,2022-07-25,2025-04-25,Male,46.0,South,Desktop,Electronics,UPI,6,45.2,269.22,1,12.2,1071,66,0
3135,2023-08-27,2024-11-18,Male,56.0,East,Mobile,Electronics,Debit Card,6,61.32,336.95,0,5.3,673,224,1
4046,2022-12-12,2025-06-05,Male,48.0,South,Mobile,Home & Kitchen,Credit Card,7,65.23,476.58,1,51.2,931,25,0
1595,2022-05-18,2025-04-06,Female,45.0,East,Mobile,Grocery,Cash on Delivery,4,105.92,453.75,0,57.3,1139,85,0
224,2022-12-04,2025-05-09,Male,45.0,North,Mobile,Home & Kitchen,Debit Card,5,48.98,256.26,0,96.2,939,52,0
2892,2022-05-22,2024-02-26,Female,49.0,South,Mobile,Beauty,Debit Card,5,79.71,352.15,0,98.7,1135,490,1
1246,2022-03-28,2025-04-13,Female,22.0,East,Mobile,Beauty,UPI,12,90.4,1218.23,1,29.5,1190,78,0
1541,2023-06-03,2023-10-16,Female,47.0,East,Mobile,Beauty,Cash on Delivery,1,34.59,39.0,2,81.0,758,623,1
3538,2024-02-25,2025-04-25,Male,60.0,South,Desktop,Books,UPI,5,49.94,239.53,0,5.6,491,66,0
4149,2023-03-10,2024-12-19,Female,54.0,East,Mobile,Grocery,UPI,7,44.96,308.93,0,90.4,843,193,1
2534,2023-06-22,2025-05-02,Male,26.0,South,Mobile,Home & Kitchen,Cash on Delivery,6,52.6,320.31,1,60.5,739,59,0
4955,2022-08-19,2025-06-12,Male,41.0,South,Mobile,Books,Credit Card,8,49.05,439.25,0,55.7,1046,18,0
819,2022-01-29,2025-06-20,Male,26.0,Central,Mobile,Beauty,UPI,6,66.63,345.11,0,38.7,1248,10,0
3459,2023-01-06,2024-02-29,Female,28.0,North,Mobile,Electronics,Credit Card,9,38.42,354.49,1,39.3,906,487,1
156,2024-02-04,2025-04-06,Male,28.0,East,Mobile,Electronics,Debit Card,4,23.08,87.73,1,61.0,512,85,0
4906,2023-04-10,2025-05-04,Male,23.0,East,Tablet,Electronics,UPI,4,47.87,186.89,2,82.4,812,57,0
249,2023-01-16,2025-06-10,Female,21.0,North,Mobile,Home & Kitchen,Debit Card,13,36.94,482.52,1,70.0,896,20,0
3928,2024-02-07,2025-05-01,Female,23.0,North,Mobile,Sports,UPI,6,28.77,194.36,0,34.9,509,60,0
4015,2023-03-29,2024-06-06,Female,27.0,East,Tablet,Electronics,UPI,6,54.28,366.36,0,41.0,824,389,1
2637,2024-04-22,2025-06-25,Female,58.0,West,Desktop,Home & Kitchen,UPI,7,37.43,255.03,1,55.2,434,5,0
794,2023-10-25,2024-03-03,Female,33.0,East,Desktop,Sports,Cash on Delivery,9,46.4,391.92,0,88.6,614,484,1
1726,2022-10-22,2025-04-20,Male,53.0,North,Desktop,Electronics,Credit Card,4,60.54,250.84,0,16.0,982,71,0
3190,2024-02-08,2025-05-24,Female,31.0,North,Desktop,Books,Cash on Delivery,7,41.09,272.94,0,50.9,508,37,0
2650,2024-04-28,2025-06-21,Male,32.0,North,Mobile,Home & Kitchen,Cash on Delivery,7,92.38,659.3,1,39.6,428,9,0
629,2024-09-27,2025-04-29,Male,58.0,Central,Mobile,Grocery,Credit Card,6,65.65,422.12,0,33.5,276,62,0
4767,2024-01-16,2024-01-18,Female,20.0,West,Tablet,Clothing,UPI,5,46.5,226.72,0,54.2,531,529,1
2340,2022-11-12,2025-04-06,Male,50.0,East,Mobile,Clothing,Cash on Delivery,9,47.77,386.57,0,52.6,961,85,0
4887,2022-07-08,2025-04-20,Male,31.0,North,Desktop,Beauty,Credit Card,10,26.78,231.57,0,96.8,1088,71,0
1621,2023-06-21,2025-05-01,Male,31.0,West,Mobile,Electronics,Credit Card,8,31.41,224.22,0,67.8,740,60,0
1452,2022-06-17,2025-06-16,Female,22.0,Central,Mobile,Home & Kitchen,Credit Card,10,26.73,296.3,0,92.8,1109,14,0
2903,2023-09-15,2023-11-23,Male,47.0,East,Tablet,Sports,UPI,7,49.31,295.38,0,52.1,654,585,1
1829,2024-01-25,2024-08-08,Female,24.0,South,Mobile,Sports,UPI,6,68.81,386.41,0,17.1,522,326,1
827,2024-10-17,2025-04-13,Male,55.0,South,Tablet,Beauty,Cash on Delivery,8,51.45,427.56,1,17.2,256,78,0
1640,2022-11-19,2024-08-18,Female,36.0,West,Mobile,Beauty,Debit Card,8,70.97,554.6,2,22.9,954,316,1
3865,2024-07-08,2024-07-09,Male,25.0,West,Mobile,Books,Credit Card,8,17.2,146.15,1,15.0,357,356,1
2914,2023-04-23,2025-05-31,Female,24.0,South,Tablet,Clothing,Debit Card,2,35.84,67.3,0,50.2,799,30,0
3792,2023-10-22,2025-06-06,Male,49.0,South,Mobile,Electronics,Debit Card,4,78.01,303.3,0,87.5,617,24,0
2940,2022-10-01,2025-02-12,Male,33.0,North,Mobile,Home & Kitchen,Cash on Delivery,6,33.39,208.37,2,62.3,1003,138,1
3421,2024-11-13,2025-01-08,Female,55.0,North,Mobile,Clothing,Credit Card,6,28.54,172.53,1,73.3,229,173,1
3997,2023-09-03,2024-05-24,Male,31.0,North,Desktop,Clothing,Cash on Delivery,10,60.44,611.02,1,67.3,666,402,1
3768,2023-03-18,2025-03-10,Male,25.0,North,Mobile,Clothing,Cash on Delivery,8,19.72,165.74,1,3.6,835,112,1
536,2024-07-20,2024-08-15,Female,41.0,South,Mobile,Beauty,Credit Card,6,32.71,204.25,0,76.1,345,319,1
2664,2024-07-27,2025-05-12,Female,52.0,South,Tablet,Electronics,Credit Card,2,59.68,132.46,0,88.1,338,49,0
155,2024-03-28,2025-06-02,Other,40.0,Central,Mobile,Clothing,Cash on Delivery,3,29.95,91.18,0,89.8,459,28,0
3242,2024-01-27,2025-04-09,Male,52.0,South,Mobile,Electronics,UPI,7,50.86,377.84,0,50.2,520,82,0
3150,2023-12-12,2024-07-19,Male,35.0,North,Desktop,Sports,Credit Card,3,45.05,116.4,1,29.3,566,346,1
2953,2024-07-16,2025-06-17,Female,20.0,South,Mobile,Clothing,UPI,5,75.95,408.17,0,19.3,349,13,0
1312,2024-08-03,2025-02-01,Female,34.0,West,Desktop,Beauty,Debit Card,4,56.95,251.97,1,60.4,331,149,1
323,2024-01-27,2025-04-13,Female,22.0,West,Mobile,Sports,Debit Card,4,40.99,174.38,2,97.9,520,78,0
4111,2022-03-29,2025-06-09,Female,25.0,East,Mobile,Home & Kitchen,Debit Card,7,71.22,491.39,0,55.2,1189,21,0
3331,2023-07-29,2025-04-26,Female,46.0,South,Mobile,Electronics,UPI,12,39.48,483.38,1,98.6,702,65,0
3986,2024-02-21,2025-05-11,Female,60.0,West,Mobile,Beauty,Debit Card,5,45.18,209.15,1,56.9,495,50,0
1799,2024-01-19,2025-05-15,Male,54.0,North,Desktop,Grocery,Debit Card,9,28.79,261.7,1,72.4,528,46,0
83,2024-07-28,2025-02-07,Male,29.0,North,Mobile,Electronics,PayPal,5,60.59,335.89,1,72.2,337,143,1
2561,2024-05-16,2025-04-29,Female,54.0,North,Desktop,Beauty,Cash on Delivery,6,53.3,351.32,0,49.7,410,62,0
1944,2023-09-04,2025-04-01,Female,30.0,North,Desktop,Clothing,UPI,7,96.02,586.98,0,23.4,665,90,0
1989,2024-01-07,2024-12-19,Male,46.0,West,Desktop,Clothing,Debit Card,9,43.58,355.28,1,77.4,540,193,1
3537,2022-07-30,2025-04-04,Male,45.0,West,Mobile,Electronics,Credit Card,7,94.03,614.57,0,95.1,1066,87,0
1575,2024-05-22,2025-06-07,Male,24.0,Central,Mobile,Clothing,UPI,5,51.56,267.49,1,95.6,404,23,0
2978,2022-03-24,2024-01-07,Male,19.0,North,Mobile,Home & Kitchen,Debit Card,6,31.53,163.66,0,8.3,1194,540,1
2724,2022-05-26,2025-05-07,Male,27.0,South,Tablet,Beauty,PayPal,7,35.92,238.87,1,99.6,1131,54,0
3406,2023-06-01,2025-05-26,Female,34.0,South,Mobile,Grocery,PayPal,6,39.86,227.34,0,84.9,760,35,0
2059,2023-01-04,2025-06-26,Female,63.0,South,Desktop,Sports,UPI,6,45.14,259.87,0,95.0,908,4,0
1763,2024-11-01,2025-06-10,Male,61.0,North,Mobile,Electronics,Credit Card,8,76.42,683.64,0,7.0,241,20,0
1495,2023-05-08,2025-04-05,Female,62.0,East,Mobile,Electronics,Credit Card,7,48.22,313.05,0,26.2,784,86,0
2081,2024-12-25,2025-04-18,Male,32.0,South,Desktop,Clothing,UPI,5,52.18,242.18,0,9.4,187,73,0
1175,2023-01-05,2025-06-17,Female,20.0,North,Mobile,Beauty,PayPal,3,76.56,254.87,0,71.4,907,13,0
4510,2024-08-07,2025-06-08,Female,29.0,North,Mobile,Beauty,UPI,5,134.0,720.73,0,83.5,327,22,0
2629,2022-12-11,2025-05-03,Female,56.0,South,Desktop,Clothing,Credit Card,4,79.44,286.36,0,24.2,932,58,0
4262,2023-02-22,2023-11-24,Female,48.0,North,Mobile,Books,UPI,6,105.2,558.57,0,79.1,859,584,1
4659,2024-05-10,2025-03-17,Male,47.0,East,Desktop,Electronics,UPI,9,73.36,696.32,0,98.5,416,105,1
615,2023-01-08,2023-12-11,Female,61.0,South,Mobile,Books,UPI,7,48.42,383.49,0,67.0,904,567,1
3094,2024-10-01,2025-04-08,Female,58.0,West,Desktop,Home & Kitchen,Debit Card,9,33.22,283.33,3,72.1,272,83,0
3451,2023-12-04,2025-04-06,Male,38.0,West,Mobile,Electronics,UPI,12,54.7,577.42,0,69.5,574,85,0
1015,2024-04-16,2024-08-04,Female,28.0,South,Mobile,Electronics,PayPal,6,48.51,264.7,0,52.9,440,330,1
3058,2023-10-21,2025-05-23,Male,32.0,North,Mobile,Electronics,Credit Card,9,35.46,307.14,0,18.3,618,38,0
4805,2022-06-13,2025-06-12,Female,27.0,Central,Mobile,Clothing,Debit Card,4,73.07,257.79,0,63.6,1113,18,0
3906,2023-11-11,2025-04-22,Female,26.0,West,Mobile,Books,Credit Card,8,63.7,529.95,0,27.9,597,69,0
2182,2024-12-28,2025-04-19,Male,62.0,West,Desktop,Beauty,Cash on Delivery,9,45.82,447.08,1,44.5,184,72,0
3419,2022-07-29,2024-06-25,Male,28.0,Central,Mobile,Grocery,Credit Card,3,53.75,168.3,1,78.8,1067,370,1
3101,2024-12-14,2025-05-18,Male,61.0,South,Mobile,Clothing,UPI,10,30.36,332.16,0,15.5,198,43,0
1212,2024-11-15,2025-06-13,Male,23.0,East,Desktop,Home & Kitchen,Credit Card,4,60.22,242.5,0,43.6,227,17,0
635,2022-07-10,2023-11-27,Male,62.0,South,Mobile,Beauty,UPI,8,28.45,234.87,1,14.6,1086,581,1
1056,2023-11-15,2025-06-21,Male,33.0,West,Tablet,Sports,Debit Card,6,37.98,245.05,0,62.8,593,9,0
2341,2024-03-08,2024-11-29,Female,22.0,North,Mobile,Beauty,Credit Card,5,39.02,186.34,0,50.2,479,213,1
797,2024-11-19,2025-02-12,Female,56.0,North,Desktop,Home & Kitchen,UPI,7,34.15,215.45,0,10.8,223,138,1
4271,2024-03-26,2025-04-10,Female,58.0,South,Mobile,Home & Kitchen,Debit Card,10,18.9,184.09,1,30.7,461,81,0
2815,2023-09-28,2024-10-31,Female,42.0,Central,Mobile,Grocery,UPI,5,26.93,149.66,0,57.2,641,242,1
4342,2024-04-13,2025-05-31,Male,23.0,North,Desktop,Home & Kitchen,Credit Card,7,59.67,371.35,1,30.7,443,30,0
1081,2023-06-28,2025-04-22,Female,46.0,South,Mobile,Clothing,Cash on Delivery,7,28.52,217.53,1,30.7,733,69,0
1655,2022-06-26,2025-06-20,Male,60.0,South,Mobile,Home & Kitchen,Credit Card,8,104.22,801.41,1,58.3,1100,10,0
1608,2024-12-20,2025-04-28,Female,32.0,North,Mobile,Home & Kitchen,PayPal,8,76.06,615.0,1,5.1,192,63,0
145,2022-09-15,2023-12-02,Male,51.0,South,Mobile,Beauty,Credit Card,5,43.79,243.56,0,59.5,1019,576,1
4242,2022-01-12,2025-05-23,Male,24.0,South,Mobile,Electronics,UPI,8,30.7,273.79,0,49.5,1265,38,0
91,2024-01-12,2025-05-22,Male,37.0,South,Desktop,Electronics,Debit Card,7,23.5,175.41,0,30.7,535,39,0
683,2024-08-19,2025-05-20,Male,57.0,North,Mobile,Home & Kitchen,Debit Card,7,98.29,678.54,0,54.4,315,41,0
4407,2023-10-08,2024-02-11,Female,44.0,North,Mobile,Grocery,UPI,7,35.11,279.77,0,4.7,631,505,1
3432,2023-06-19,2025-06-30,Other,34.0,North,Tablet,Clothing,Credit Card,13,29.55,420.51,0,43.5,742,0,0
94,2024-11-09,2025-04-24,Female,24.0,South,Mobile,Home & Kitchen,UPI,8,36.69,260.78,0,38.6,233,67,0
835,2024-07-24,2025-04-04,Female,63.0,West,Mobile,Grocery,Credit Card,9,38.36,324.89,1,93.8,341,87,0
4802,2022-01-27,2024-01-04,Male,46.0,West,Mobile,Electronics,Debit Card,5,68.46,378.27,0,37.0,1250,543,1
1401,2022-03-31,2025-04-03,Male,55.0,East,Tablet,Beauty,PayPal,10,41.2,376.8,0,71.5,1187,88,0
3980,2022-08-06,2025-04-14,Male,20.0,Central,Desktop,Books,Debit Card,8,32.95,273.29,0,59.0,1059,77,0
2292,2023-07-10,2025-04-06,Male,63.0,North,Mobile,Sports,UPI,9,87.09,714.5,1,77.9,721,85,0
1501,2022-05-19,2025-04-05,Female,41.0,North,Mobile,Home & Kitchen,Credit Card,10,50.24,520.45,0,55.3,1138,86,0
2263,2023-07-02,2025-05-27,Female,36.0,North,Desktop,Clothing,Credit Card,11,60.03,602.34,0,73.1,729,34,0
1469,2022-02-08,2025-04-22,Female,30.0,South,Tablet,Clothing,Credit Card,10,33.28,356.31,0,41.5,1238,69,0
3929,2024-11-19,2025-04-08,Female,42.0,East,Mobile,Electronics,Credit Card,5,49.71,253.12,0,17.7,223,83,0
3246,2023-06-24,2025-03-06,Male,18.0,Central,Desktop,Home & Kitchen,UPI,7,54.63,412.13,0,25.4,737,116,1
999,2023-06-26,2025-04-01,Female,30.0,East,Desktop,Clothing,Cash on Delivery,13,80.27,1043.2,2,77.1,735,90,0
854,2023-12-08,2025-06-09,Female,19.0,West,Mobile,Electronics,Debit Card,7,48.42,352.46,0,91.0,570,21,0
3876,2023-06-26,2025-05-02,Male,35.0,South,Mobile,Home & Kitchen,Credit Card,4,18.59,64.95,1,89.7,735,59,0
1143,2022-06-24,2025-04-08,Female,31.0,Central,Mobile,Electronics,PayPal,9,43.07,408.83,1,29.2,1102,83,0
2275,2024-04-10,2025-06-23,Female,35.0,West,Desktop,Beauty,Debit Card,5,43.74,234.25,0,55.9,446,7,0
4498,2023-12-21,2025-06-09,Male,32.0,East,Mobile,Clothing,Credit Card,3,26.75,86.91,3,4.9,557,21,0
1104,2024-05-23,2024-12-31,Female,33.0,North,Mobile,Books,Debit Card,8,49.51,402.34,0,8.7,403,181,1
85,2023-06-27,2025-06-13,Male,38.0,Central,Mobile,Grocery,Debit Card,7,85.25,575.61,0,77.0,734,17,0
2211,2023-11-23,2025-04-18,Female,59.0,North,Mobile,Beauty,UPI,5,33.56,187.03,0,86.9,585,73,0
4211,2024-09-01,2025-02-11,Male,47.0,East,Mobile,Clothing,Debit Card,5,104.29,469.58,0,51.6,302,139,1
4688,2023-03-03,2024-08-05,Male,34.0,North,Mobile,Beauty,Credit Card,6,28.84,160.74,0,63.5,850,329,1
3441,2022-10-14,2025-04-01,Male,44.0,Central,Mobile,Beauty,Credit Card,7,63.13,474.89,0,51.7,990,90,0
1568,2023-10-20,2025-05-25,Male,38.0,East,Mobile,Electronics,Credit Card,8,39.83,315.34,0,19.7,619,36,0
1661,2024-04-21,2025-04-26,Female,43.0,Central,Tablet,Grocery,UPI,11,84.75,802.06,0,53.0,435,65,0
1557,2024-10-13,2025-06-14,Female,44.0,East,Desktop,Electronics,UPI,9,48.85,458.26,0,38.7,260,16,0
3765,2023-01-20,2025-06-08,Female,35.0,Central,Mobile,Electronics,Cash on Delivery,5,53.35,270.87,0,59.3,892,22,0
3585,2023-02-25,2025-05-19,Male,40.0,North,Mobile,Clothing,UPI,9,35.3,361.41,1,69.7,856,42,0
1886,2023-07-15,2023-08-08,Male,54.0,East,Mobile,Clothing,Credit Card,5,85.12,448.45,1,11.9,716,692,1
3145,2024-10-13,2024-11-08,Male,47.0,West,Tablet,Clothing,Credit Card,4,54.47,224.93,0,16.7,260,234,1
1867,2022-12-21,2025-06-05,Male,28.0,East,Mobile,Clothing,Cash on Delivery,12,52.4,641.22,0,35.3,922,25,0
2875,2024-05-08,2025-06-28,Female,39.0,North,Mobile,Home & Kitchen,Debit Card,5,28.29,134.96,0,21.5,418,2,0
4331,2023-08-06,2025-06-06,Male,31.0,West,Mobile,Sports,Credit Card,10,96.68,900.2,1,97.2,694,24,0
3589,2022-07-26,2023-07-26,Male,48.0,South,Desktop,Home & Kitchen,PayPal,11,83.19,883.48,0,12.0,1070,705,1
3268,2024-03-19,2025-06-07,Female,36.0,South,Desktop,Electronics,UPI,8,33.23,248.79,0,54.6,468,23,0
2885,2024-10-25,2024-11-01,Male,41.0,West,Desktop,Electronics,UPI,6,45.08,304.23,0,55.3,248,241,1
2891,2024-04-01,2024-11-01,Male,34.0,North,Desktop,Clothing,Debit Card,8,79.01,592.97,0,5.5,455,241,1
3008,2023-06-15,2025-03-01,Male,58.0,Central,Tablet,Electronics,Credit Card,10,98.78,902.65,2,7.4,746,121,1
1827,2024-08-30,2025-06-16,Male,20.0,East,Mobile,Electronics,UPI,8,47.28,403.39,1,1.0,304,14,0
3924,2023-06-10,2024-04-11,Male,22.0,Central,Mobile,Clothing,Cash on Delivery,4,21.56,76.63,1,42.4,751,445,1
2641,2022-09-29,2025-05-20,Male,51.0,North,Desktop,Electronics,UPI,6,68.02,350.47,0,60.8,1005,41,0
1526,2023-01-09,2025-04-04,Male,35.0,South,Mobile,Home & Kitchen,Credit Card,4,60.99,213.89,0,36.0,903,87,0
1563,2024-05-19,2025-05-14,Female,42.0,Central,Mobile,Home & Kitchen,Credit Card,11,39.44,460.57,1,34.4,407,47,0
344,2023-11-12,2025-05-24,Male,24.0,South,Mobile,Clothing,Cash on Delivery,7,112.52,703.82,1,94.0,596,37,0
2543,2024-07-26,2025-03-02,Female,54.0,West,Mobile,Books,UPI,11,70.04,863.2,1,45.4,339,120,1
3386,2022-07-05,2025-04-04,Female,29.0,East,Mobile,Sports,Credit Card,10,21.21,185.78,2,36.0,1091,87,0
2413,2022-12-30,2024-02-05,Female,19.0,North,Desktop,Electronics,Debit Card,4,51.84,212.05,0,52.9,913,511,1
2708,2022-07-14,2025-04-11,Male,30.0,Central,Tablet,Beauty,Credit Card,11,46.99,544.69,0,6.7,1082,80,0
1111,2022-10-31,2025-06-17,Female,52.0,South,Mobile,Grocery,Cash on Delivery,7,81.78,569.16,0,43.8,973,13,0
3443,2024-10-15,2024-12-21,Male,63.0,Central,Mobile,Electronics,Debit Card,5,46.92,211.37,0,73.6,258,191,1
2214,2024-10-01,2025-04-07,Female,41.0,East,Desktop,Grocery,Debit Card,10,48.13,523.27,0,33.3,272,84,0
1360,2022-06-16,2025-04-21,Female,35.0,Central,Mobile,Home & Kitchen,Debit Card,11,44.72,557.64,0,91.5,1110,70,0
2108,2022-10-14,2025-06-18,Female,27.0,East,Mobile,Clothing,Cash on Delivery,6,112.0,737.5,0,3.5,990,12,0
1379,2023-01-05,2025-04-16,Male,58.0,North,Mobile,Electronics,PayPal,4,17.78,74.22,1,5.6,907,75,0
2829,2022-10-09,2025-05-30,Male,26.0,Central,Tablet,Electronics,PayPal,5,43.79,227.26,1,13.8,995,31,0
425,2022-06-23,2024-10-03,Male,47.0,East,Tablet,Sports,Credit Card,8,64.92,467.87,2,61.3,1103,270,1
293,2023-06-26,2025-04-15,Female,29.0,West,Desktop,Home & Kitchen,Debit Card,6,49.3,254.68,0,76.1,735,76,0
1066,2022-01-06,2025-06-26,Female,53.0,Central,Mobile,Clothing,Cash on Delivery,6,79.19,421.07,1,21.7,1271,4,0
2378,2023-09-09,2025-04-02,Female,23.0,North,Mobile,Beauty,Credit Card,9,40.96,378.82,0,68.4,660,89,0
2128,2024-02-20,2025-05-20,Male,50.0,South,Mobile,Electronics,UPI,9,81.22,813.26,1,98.7,496,41,0
1718,2022-05-03,2025-05-24,Female,60.0,East,Desktop,Grocery,Cash on Delivery,6,87.45,559.47,0,25.5,1154,37,0
938,2023-12-09,2025-06-29,Female,31.0,West,Mobile,Electronics,Cash on Delivery,9,95.31,889.37,1,10.0,569,1,0
3780,2024-10-18,2025-05-14,Female,41.0,East,Mobile,Sports,Debit Card,5,33.05,171.13,0,97.4,255,47,0
3965,2024-03-05,2025-05-08,Male,20.0,South,Desktop,Sports,Debit Card,7,79.5,585.37,0,71.8,482,53,0
3991,2024-12-28,2025-05-01,Male,50.0,South,Tablet,Grocery,Debit Card,12,24.37,312.49,0,90.1,184,60,0
255,2023-05-20,2024-04-22,Male,61.0,East,Desktop,Beauty,Cash on Delivery,6,45.78,288.96,0,65.0,772,434,1
4834,2024-05-24,2025-06-15,Male,29.0,North,Mobile,Beauty,Debit Card,5,74.41,361.32,1,48.7,402,15,0
1483,2024-07-25,2025-06-24,Female,37.0,North,Mobile,Electronics,UPI,8,68.95,607.29,0,54.5,340,6,0
945,2024-02-27,2025-04-04,Male,46.0,North,Mobile,Clothing,Credit Card,4,35.73,152.05,1,33.6,489,87,0
3184,2023-10-15,2025-06-11,Male,50.0,South,Desktop,Grocery,UPI,4,33.05,147.36,1,33.6,624,19,0
3267,2022-06-11,2023-10-04,Male,24.0,North,Mobile,Sports,Credit Card,5,18.14,100.78,0,79.1,1115,635,1
2908,2023-02-05,2023-07-20,Male,40.0,East,Mobile,Clothing,UPI,8,103.72,785.07,0,36.5,876,711,1
970,2022-03-10,2024-09-28,Male,23.0,Central,Mobile,Clothing,Credit Card,5,54.68,254.38,1,22.5,1208,275,1
497,2022-05-08,2025-04-30,Female,37.0,East,Mobile,Beauty,Credit Card,5,48.04,208.74,1,60.8,1149,61,0
1830,2023-11-10,2025-06-21,Male,40.0,West,Mobile,Home & Kitchen,Credit Card,7,32.04,233.23,0,92.1,598,9,0
2178,2023-10-21,2025-04-16,Female,35.0,North,Mobile,Clothing,Credit Card,6,23.11,152.89,1,64.1,618,75,0
338,2023-04-30,2025-05-14,Female,55.0,North,Tablet,Electronics,Credit Card,7,26.0,192.38,0,38.6,792,47,0
4705,2023-04-29,2025-04-18,Male,49.0,South,Mobile,Sports,Cash on Delivery,7,38.3,242.61,1,69.4,793,73,0
1149,2022-05-03,2025-06-11,Female,35.0,East,Mobile,Electronics,Debit Card,4,56.34,212.82,1,39.8,1154,19,0
2244,2024-04-22,2024-05-28,Other,55.0,Central,Desktop,Clothing,Credit Card,11,46.72,479.59,1,44.9,434,398,1
4986,2024-08-22,2025-04-11,Male,46.0,North,Mobile,Home & Kitchen,Credit Card,8,65.52,540.56,0,59.0,312,80,0
3969,2023-10-10,2024-05-29,Female,35.0,West,Mobile,Clothing,Debit Card,6,36.78,216.74,1,62.0,629,397,1
2152,2023-11-08,2025-05-18,Male,53.0,North,Mobile,Electronics,PayPal,5,23.93,105.76,0,29.4,600,43,0
2011,2023-03-24,2025-05-29,Male,45.0,East,Mobile,Clothing,Cash on Delivery,7,51.91,377.45,0,12.2,829,32,0
2492,2022-07-19,2025-03-21,Male,60.0,East,Mobile,Home & Kitchen,Debit Card,3,19.77,67.87,0,97.9,1077,101,1
4921,2024-07-01,2025-04-27,Female,60.0,Central,Desktop,Clothing,Credit Card,5,59.08,284.38,0,82.6,364,64,0
1811,2024-11-29,2025-05-18,Female,35.0,North,Mobile,Books,Debit Card,9,31.25,309.51,1,68.3,213,43,0
1995,2022-11-24,2025-04-28,Female,43.0,North,Mobile,Home & Kitchen,UPI,4,16.71,60.78,1,60.1,949,63,0
2933,2024-11-30,2025-06-15,Male,63.0,North,Desktop,Grocery,Cash on Delivery,6,41.15,241.22,1,59.8,212,15,0
2825,2023-09-26,2023-12-05,Male,34.0,East,Mobile,Home & Kitchen,Cash on Delivery,3,23.66,77.23,2,17.1,643,573,1
2898,2024-07-24,2025-04-12,Male,33.0,Central,Mobile,Electronics,Credit Card,11,38.25,390.94,0,78.7,341,79,0
2276,2024-02-16,2025-06-20,Female,27.0,South,Desktop,Clothing,Debit Card,7,28.2,172.4,1,56.1,500,10,0
435,2022-02-20,2023-11-24,Male,53.0,Central,Mobile,Grocery,PayPal,13,50.92,590.2,0,42.4,1226,584,1
4502,2023-12-29,2025-06-22,Female,48.0,East,Mobile,Clothing,PayPal,7,30.19,199.39,0,67.4,549,8,0
2824,2022-04-23,2025-04-29,Male,39.0,North,Desktop,Home & Kitchen,PayPal,5,37.84,183.69,0,33.2,1164,62,0
3756,2022-08-06,2025-06-02,Male,23.0,South,Desktop,Clothing,PayPal,8,60.77,477.02,1,65.3,1059,28,0
2505,2024-11-22,2025-04-20,Male,43.0,Central,Mobile,Electronics,UPI,6,134.81,815.39,1,4.6,220,71,0
3212,2022-04-12,2025-05-22,Female,36.0,East,Mobile,Electronics,PayPal,10,80.76,743.94,0,84.6,1175,39,0
4642,2022-04-12,2025-04-05,Male,57.0,Central,Mobile,Home & Kitchen,Credit Card,2,44.47,79.45,0,54.5,1175,86,0
4309,2023-02-03,2025-03-07,Female,46.0,West,Mobile,Clothing,Credit Card,11,36.03,436.39,0,83.0,878,115,1
3541,2022-12-09,2024-03-26,Male,34.0,West,Mobile,Grocery,Credit Card,9,62.12,479.93,0,33.1,934,461,1
3271,2024-11-24,2025-02-07,Male,41.0,North,Mobile,Electronics,Debit Card,7,19.55,154.21,0,25.3,218,143,1
1942,2022-03-18,2025-04-28,Male,50.0,East,Mobile,Clothing,UPI,8,34.62,307.69,1,46.9,1200,63,0
1892,2022-10-27,2024-12-29,Male,62.0,Central,Tablet,Home & Kitchen,UPI,7,38.15,234.48,0,99.3,977,183,1
3600,2024-10-16,2025-05-21,Female,46.0,East,Tablet,Grocery,Cash on Delivery,8,93.71,843.91,0,84.6,257,40,0
1266,2023-05-14,2025-04-11,Male,50.0,South,Mobile,Clothing,Credit Card,7,69.52,445.45,0,72.0,778,80,0
4439,2023-01-19,2025-05-30,Other,34.0,Central,Mobile,Electronics,Credit Card,6,92.01,544.03,0,53.7,893,31,0
2598,2024-11-12,2025-06-09,Female,23.0,West,Mobile,Books,Credit Card,4,40.22,160.38,0,87.1,230,21,0
1411,2023-09-26,2023-11-26,Male,45.0,South,Mobile,Home & Kitchen,Debit Card,6,45.0,274.61,0,83.1,643,582,1
1215,2024-05-30,2025-04-13,Female,20.0,West,Desktop,Home & Kitchen,Cash on Delivery,9,75.36,634.81,0,58.7,396,78,0
967,2022-03-22,2024-04-20,Female,59.0,South,Desktop,Beauty,UPI,7,30.74,204.87,0,68.8,1196,436,1
1231,2023-08-16,2025-06-14,Female,57.0,North,Desktop,Clothing,PayPal,11,51.26,579.53,0,77.8,684,16,0
606,2023-07-26,2025-06-14,Male,32.0,South,Mobile,Electronics,PayPal,7,41.59,259.92,0,81.1,705,16,0
105,2024-08-16,2024-09-28,Female,34.0,West,Desktop,Sports,Credit Card,9,26.95,224.7,0,39.9,318,275,1
646,2023-11-09,2024-06-20,Female,39.0,East,Mobile,Beauty,Credit Card,8,56.09,455.65,1,61.5,599,375,1
4591,2022-01-22,2025-04-14,Female,60.0,North,Desktop,Clothing,Credit Card,5,42.47,226.59,0,63.2,1255,77,0
3089,2022-10-19,2024-07-09,Female,41.0,South,Mobile,Sports,Credit Card,5,18.9,86.29,0,42.1,985,356,1
1020,2023-09-16,2025-05-07,Male,60.0,South,Mobile,Clothing,UPI,4,44.88,193.19,1,61.5,653,54,0
92,2023-03-26,2025-04-03,Female,41.0,South,Mobile,Grocery,PayPal,6,69.9,470.9,0,93.1,827,88,0
2871,2024-02-24,2025-05-17,Female,30.0,West,Desktop,Clothing,Credit Card,8,29.58,219.47,0,66.0,492,44,0
909,2023-10-27,2023-11-10,Male,,South,Mobile,Books,Credit Card,5,55.39,302.17,1,35.8,612,598,1
2151,2023-02-21,2024-09-02,Male,44.0,Central,Tablet,Electronics,UPI,11,57.01,592.9,0,42.7,860,301,1
239,2023-10-05,2025-06-16,Female,38.0,North,Desktop,Beauty,Credit Card,7,31.18,219.87,0,5.3,634,14,0
3141,2023-01-08,2025-04-05,Male,61.0,Central,Mobile,Grocery,Credit Card,5,24.46,137.14,1,14.3,904,86,0
943,2023-09-11,2025-05-21,Female,30.0,South,Mobile,Electronics,Credit Card,9,74.59,708.65,1,79.2,658,40,0
1271,2024-03-21,2025-06-06,Female,43.0,South,Desktop,Books,UPI,9,54.12,515.51,0,48.9,466,24,0
939,2023-09-05,2025-05-25,Male,50.0,Central,Mobile,Grocery,Credit Card,8,39.32,343.58,0,83.4,664,36,0
3230,2024-08-27,2025-04-12,Male,46.0,East,Mobile,Sports,Debit Card,3,75.09,202.87,0,56.2,307,79,0
3552,2023-12-03,2025-05-11,Male,53.0,Central,Desktop,Electronics,Cash on Delivery,4,58.59,263.55,1,96.2,575,50,0
1863,2024-09-06,2025-06-28,Male,20.0,South,Desktop,Home & Kitchen,Debit Card,6,41.13,277.47,0,11.7,297,2,0
1670,2023-12-07,2025-05-15,Female,43.0,North,Mobile,Home & Kitchen,Debit Card,5,20.13,97.82,0,47.0,571,46,0
6,2022-10-13,2025-04-12,Male,37.0,North,Tablet,Sports,UPI,6,53.69,325.61,0,93.6,991,79,0
4344,2022-08-07,2025-06-20,Female,33.0,North,Mobile,Home & Kitchen,PayPal,9,47.57,445.11,0,65.7,1058,10,0
3944,2023-03-08,2025-06-20,Male,25.0,South,Desktop,Sports,UPI,9,48.05,449.51,0,52.0,845,10,0
3014,2022-09-21,2025-06-20,Male,47.0,Central,Mobile,Beauty,Credit Card,6,22.46,123.32,0,63.8,1013,10,0
19,2023-03-28,2025-05-24,Male,32.0,Central,Desktop,Clothing,UPI,7,49.92,331.22,1,40.5,825,37,0
1971,2022-06-27,2025-04-05,Male,57.0,West,Mobile,Home & Kitchen,Credit Card,10,94.54,1033.35,0,1.7,1099,86,0
2710,2023-03-14,2025-04-24,Male,61.0,West,Mobile,Clothing,Credit Card,7,48.75,315.8,0,70.4,839,67,0
2233,2022-01-19,2024-01-11,Female,46.0,Central,Mobile,Clothing,Credit Card,3,133.55,458.3,0,20.3,1258,536,1
812,2024-06-16,2024-07-27,Female,45.0,North,Desktop,Clothing,PayPal,4,35.55,149.78,1,1.5,379,338,1
1301,2024-06-19,2025-02-23,Male,23.0,East,Mobile,Grocery,PayPal,8,54.9,498.24,0,56.8,376,127,1
4922,2024-10-30,2025-05-23,Female,58.0,North,Desktop,Clothing,PayPal,6,24.95,158.21,0,13.3,243,38,0
261,2023-06-19,2024-09-29,Female,26.0,West,Desktop,Books,UPI,8,34.57,237.83,0,15.1,742,274,1
1805,2022-03-24,2024-11-11,Male,56.0,East,Mobile,Clothing,UPI,8,41.54,371.84,0,16.5,1194,231,1
1571,2023-11-03,2025-04-12,Female,33.0,East,Desktop,Beauty,Debit Card,6,56.7,376.5,2,82.3,605,79,0
4281,2023-11-25,2024-11-30,Male,32.0,South,Desktop,Beauty,Debit Card,6,16.97,107.29,1,3.7,583,212,1
2455,2022-12-07,2025-04-24,Female,41.0,East,Mobile,Books,Credit Card,9,14.73,143.77,1,59.1,936,67,0
1744,2022-04-14,2024-11-29,Male,63.0,South,Tablet,Clothing,PayPal,6,46.91,322.84,0,90.9,1173,213,1
1631,2024-07-14,2025-06-25,Female,35.0,North,Mobile,Electronics,PayPal,3,55.18,180.92,0,8.6,351,5,0
1717,2022-05-30,2024-03-06,Male,34.0,West,Mobile,Electronics,PayPal,3,96.47,260.72,2,17.2,1127,481,1
521,2022-09-19,2025-04-04,Female,21.0,Central,Mobile,Grocery,PayPal,13,62.11,745.14,0,71.8,1015,87,0
3938,2022-06-18,2023-10-20,Male,30.0,North,Mobile,Electronics,Debit Card,3,77.94,235.8,0,93.2,1108,619,1
3483,2023-02-03,2024-06-17,Male,62.0,North,Mobile,Electronics,Cash on Delivery,6,39.48,258.14,0,85.2,878,378,1
1659,2024-09-07,2024-10-11,Male,46.0,West,Desktop,Grocery,Cash on Delivery,4,23.15,84.27,1,17.3,296,262,1
3473,2023-11-10,2024-09-29,Female,63.0,North,Desktop,Grocery,Credit Card,9,42.78,370.69,1,4.1,598,274,1
2476,2024-09-15,2024-12-14,Female,43.0,East,Desktop,Sports,Debit Card,8,65.32,465.99,0,79.7,288,198,1
3949,2024-06-10,2025-05-08,Male,27.0,West,Mobile,Electronics,Credit Card,11,75.0,891.54,0,84.4,385,53,0
3935,2023-01-30,2025-06-04,Male,33.0,West,Mobile,Grocery,Cash on Delivery,9,75.61,763.03,1,62.0,882,26,0
3646,2023-11-05,2025-06-06,Male,23.0,West,Mobile,Grocery,UPI,9,48.13,407.07,0,46.3,603,24,0
764,2023-04-14,2025-05-15,Female,32.0,North,Desktop,Clothing,Debit Card,5,37.35,159.99,0,72.2,808,46,0
4704,2022-08-20,2025-05-13,Female,28.0,North,Mobile,Sports,UPI,5,36.22,155.8,0,8.7,1045,48,0
4327,2024-11-26,2025-03-31,Male,64.0,East,Mobile,Electronics,UPI,8,64.0,572.26,0,26.0,216,91,1
4428,2024-11-27,2025-04-26,Male,20.0,Central,Mobile,Electronics,Credit Card,7,39.25,248.75,0,8.1,215,65,0
1092,2022-08-12,2024-02-15,Female,63.0,East,Desktop,Electronics,Credit Card,7,52.65,339.98,1,54.2,1053,501,1
3609,2022-11-25,2024-01-14,Female,38.0,West,Mobile,Beauty,Cash on Delivery,6,31.39,207.44,0,50.5,948,533,1
1102,2024-09-07,2025-04-09,Female,54.0,East,Tablet,Beauty,Debit Card,9,48.21,398.14,0,8.4,296,82,0
4558,2023-05-22,2025-06-03,Female,48.0,South,Desktop,Home & Kitchen,UPI,8,63.67,534.42,0,97.3,770,27,0
959,2023-08-10,2024-07-13,Male,63.0,West,Desktop,Electronics,UPI,9,35.06,348.21,1,53.6,690,352,1
560,2023-03-23,2025-05-17,Female,64.0,East,Desktop,Beauty,UPI,7,32.6,202.35,0,22.3,830,44,0
1520,2022-04-01,2024-09-03,Female,21.0,West,Mobile,Sports,UPI,10,31.27,319.92,0,2.6,1186,300,1
4920,2024-03-15,2025-01-27,Male,36.0,South,Mobile,Grocery,Debit Card,5,55.15,307.12,0,85.9,472,154,1
2485,2023-12-04,2025-05-30,Male,46.0,South,Mobile,Sports,UPI,9,104.23,944.39,0,66.7,574,31,0
367,2023-12-21,2024-01-22,Female,47.0,North,Tablet,Home & Kitchen,Credit Card,7,78.41,530.38,0,35.9,557,525,1
3902,2022-07-08,2025-06-15,Male,39.0,East,Mobile,Beauty,UPI,4,52.16,196.48,0,20.2,1088,15,0
1949,2024-12-09,2025-02-18,Male,23.0,South,Tablet,Home & Kitchen,UPI,6,32.23,205.68,0,48.9,203,132,1
4166,2023-05-15,2025-02-24,Male,50.0,East,Mobile,Clothing,UPI,6,50.87,280.61,0,98.5,777,126,1
1573,2023-09-20,2025-04-23,Female,47.0,East,Mobile,Beauty,Debit Card,7,23.27,146.75,0,52.4,649,68,0
809,2023-07-01,2025-05-15,Male,55.0,Central,Mobile,Clothing,Credit Card,7,28.0,207.42,0,89.9,730,46,0
3233,2024-03-25,2025-06-01,Male,42.0,West,Mobile,Grocery,UPI,4,29.8,103.94,0,79.6,462,29,0
3947,2022-08-01,2025-05-07,Female,53.0,North,Mobile,Electronics,PayPal,14,69.89,1061.42,0,42.0,1064,54,0
12,2022-07-11,2025-05-12,Female,28.0,East,Tablet,Grocery,Debit Card,7,63.21,398.04,0,27.7,1085,49,0
2026,2024-12-01,2025-04-05,Male,31.0,Central,Mobile,Grocery,PayPal,7,24.87,184.2,1,41.0,211,86,0
177,2023-05-03,2025-04-15,Female,51.0,East,Mobile,Electronics,Credit Card,12,43.76,561.67,0,20.9,789,76,0
2489,2024-09-16,2024-10-17,Female,59.0,North,Desktop,Electronics,PayPal,9,27.4,234.34,0,18.4,287,256,1
3887,2022-04-15,2025-06-01,Female,31.0,Central,Desktop,Electronics,UPI,8,71.27,492.83,0,62.8,1172,29,0
2570,2023-10-07,2025-06-24,Female,36.0,East,Mobile,Clothing,PayPal,9,64.95,549.7,1,88.5,632,6,0
3521,2022-01-10,2025-04-13,Male,39.0,South,Desktop,Clothing,UPI,2,23.52,41.58,1,14.1,1267,78,0
3761,2024-04-18,2025-05-30,Male,47.0,South,Mobile,Beauty,UPI,7,41.26,314.99,1,5.6,438,31,0
3283,2024-06-10,2025-04-29,Female,34.0,East,Mobile,Home & Kitchen,Credit Card,6,69.17,432.36,3,47.6,385,62,0
1665,2023-10-12,2025-05-21,Other,32.0,South,Mobile,Grocery,Credit Card,3,35.42,93.09,0,10.5,627,40,0
2192,2023-10-18,2025-04-27,Female,24.0,North,Mobile,Sports,Credit Card,7,56.7,390.1,0,49.4,621,64,0
3500,2022-06-15,2025-04-19,Female,33.0,South,Desktop,Clothing,PayPal,5,36.66,157.37,0,0.9,1111,72,0
3371,2024-08-08,2025-04-20,Male,18.0,West,Mobile,Electronics,Debit Card,7,73.12,438.29,0,51.7,326,71,0
2661,2023-11-02,2025-06-28,Male,45.0,East,Mobile,Grocery,PayPal,8,74.54,628.69,1,5.1,606,2,0
4253,2022-08-07,2025-04-11,Male,23.0,East,Mobile,Beauty,UPI,4,16.42,56.26,0,71.2,1058,80,0
3579,2024-06-28,2025-05-30,Female,34.0,North,Mobile,Clothing,Credit Card,11,66.19,759.0,0,2.4,367,31,0
2047,2023-03-23,2025-04-22,Male,62.0,East,Mobile,Grocery,Credit Card,11,89.62,1100.77,0,34.9,830,69,0
2625,2022-05-02,2024-05-04,Male,59.0,West,Mobile,Electronics,Credit Card,8,56.23,459.04,1,55.4,1155,422,1
3411,2023-12-16,2025-05-21,Male,21.0,South,Desktop,Books,UPI,6,27.67,179.72,0,18.6,562,40,0
1186,2022-03-04,2025-05-10,Female,56.0,South,Mobile,Clothing,Credit Card,10,84.32,794.96,0,67.5,1214,51,0
1007,2023-04-24,2023-08-30,Female,33.0,North,Desktop,Beauty,Credit Card,5,78.83,385.28,0,41.8,798,670,1
3570,2023-06-08,2024-12-22,Female,49.0,East,Mobile,Books,Debit Card,5,90.71,430.62,0,47.5,753,190,1
3738,2023-11-30,2025-06-21,Female,38.0,North,Desktop,Clothing,Cash on Delivery,13,63.89,952.02,1,66.9,578,9,0
4657,2023-03-21,2024-12-13,Female,34.0,East,Desktop,Electronics,Credit Card,6,84.02,493.31,0,72.6,832,199,1
2050,2024-05-17,2025-06-26,Male,39.0,North,Desktop,Clothing,Credit Card,8,63.2,573.89,1,93.4,409,4,0
4012,2022-10-19,2025-05-25,Male,30.0,Central,Tablet,Electronics,Credit Card,8,38.15,323.22,0,73.7,985,36,0
270,2023-10-10,2025-06-15,Male,30.0,East,Mobile,Grocery,PayPal,7,37.49,270.4,0,36.8,629,15,0
1994,2023-09-21,2024-01-22,Male,59.0,North,Desktop,Books,Credit Card,7,30.93,197.55,0,59.9,648,525,1
266,2024-03-21,2025-05-04,Female,22.0,North,Tablet,Clothing,UPI,7,35.03,257.33,1,40.7,466,57,0
915,2022-10-26,2024-10-11,Female,46.0,South,Mobile,Electronics,Debit Card,10,49.17,551.81,1,31.9,978,262,1
2279,2022-04-25,2025-05-23,Female,50.0,North,Mobile,Clothing,Credit Card,4,48.9,209.35,0,16.8,1162,38,0
2232,2022-11-06,2024-05-28,Male,28.0,East,Mobile,Clothing,Credit Card,6,108.49,687.21,1,89.8,967,398,1
291,2022-08-01,2025-05-05,Male,36.0,East,Mobile,Home & Kitchen,Credit Card,9,114.14,901.9,0,8.7,1064,56,0
2913,2022-02-18,2024-05-25,Female,32.0,East,Tablet,Clothing,Debit Card,8,54.71,454.7,0,56.2,1228,401,1
2094,2023-05-08,2024-04-04,Female,60.0,West,Mobile,Electronics,Cash on Delivery,7,23.96,164.33,1,18.4,784,452,1
4572,2024-06-30,2025-05-14,Female,20.0,North,Mobile,Home & Kitchen,UPI,10,39.88,370.37,0,91.4,365,47,0
1653,2024-08-15,2025-06-05,Male,32.0,North,Mobile,Grocery,Debit Card,9,38.56,342.45,0,87.9,319,25,0
4142,2022-10-12,2025-06-13,Male,22.0,East,Mobile,Clothing,UPI,3,77.85,264.0,0,30.0,992,17,0
4258,2024-05-17,2025-05-19,Male,34.0,West,Mobile,Home & Kitchen,Credit Card,8,70.36,525.66,0,72.6,409,42,0
3040,2024-04-23,2024-11-08,Female,33.0,North,Tablet,Sports,Credit Card,2,78.44,170.56,1,23.2,433,234,1
2678,2024-09-20,2025-02-26,Male,28.0,Central,Mobile,Books,Credit Card,9,60.18,533.3,0,29.2,283,124,1
289,2022-01-17,2025-05-03,Male,22.0,East,Mobile,Clothing,UPI,6,27.95,165.79,0,85.1,1260,58,0
3108,2022-12-30,2025-04-15,Male,56.0,South,Mobile,Electronics,UPI,5,50.25,246.37,1,54.3,913,76,0
4974,2022-11-16,2025-06-10,Female,63.0,West,Tablet,Sports,Debit Card,8,38.26,290.1,0,95.9,957,20,0
576,2022-07-28,2024-11-18,Female,51.0,North,Tablet,Grocery,Credit Card,4,88.54,309.95,0,78.1,1068,224,1
851,2022-11-01,2024-04-04,Male,55.0,North,Mobile,Electronics,Credit Card,6,76.72,393.85,2,0.6,972,452,1
3884,2022-03-23,2025-03-06,Male,63.0,Central,Mobile,Beauty,Cash on Delivery,3,25.74,85.47,0,82.3,1195,116,1
1723,2024-08-09,2025-04-17,Male,31.0,South,Tablet,Electronics,Cash on Delivery,14,29.95,417.06,0,17.5,325,74,0
3950,2022-05-28,2025-06-04,Male,48.0,North,Desktop,Books,Credit Card,11,65.47,780.2,0,30.9,1129,26,0
1101,2022-05-05,2025-05-24,Male,36.0,North,Desktop,Home & Kitchen,UPI,5,102.68,557.17,0,11.7,1152,37,0
1208,2024-06-24,2025-05-05,Male,51.0,West,Mobile,Grocery,Credit Card,4,14.45,63.03,0,76.9,371,56,0
1844,2023-05-12,2024-10-06,Female,42.0,North,Mobile,Home & Kitchen,Debit Card,4,24.57,92.38,0,48.3,780,267,1
1849,2024-06-22,2025-06-14,Female,44.0,East,Mobile,Books,PayPal,8,69.55,517.4,0,76.4,373,16,0
2525,2023-07-25,2025-04-20,Female,21.0,West,Mobile,Home & Kitchen,UPI,4,62.36,238.88,1,25.6,706,71,0
3948,2023-02-26,2025-04-02,Female,43.0,West,Mobile,Beauty,UPI,7,48.48,330.05,0,63.6,855,89,0
1695,2022-07-11,2025-06-04,Male,27.0,South,Mobile,Clothing,Credit Card,10,50.94,496.53,0,29.2,1085,26,0
4182,2022-06-25,2025-02-10,Female,61.0,Central,Mobile,Beauty,Cash on Delivery,10,68.42,725.74,1,68.5,1101,140,1
4566,2022-03-13,2023-12-03,Female,46.0,Central,Mobile,Home & Kitchen,Credit Card,10,54.44,616.16,1,78.1,1205,575,1
3961,2022-05-25,2025-04-28,Female,53.0,Central,Mobile,Beauty,UPI,8,47.04,359.59,0,52.6,1132,63,0
234,2023-01-24,2025-05-29,Female,61.0,South,Desktop,Beauty,Credit Card,3,102.18,351.04,1,93.7,888,32,0
3333,2022-07-21,2024-03-02,Male,60.0,South,Tablet,Clothing,Credit Card,10,43.28,393.83,1,66.9,1075,485,1
2648,2022-10-19,2025-05-20,Female,22.0,East,Mobile,Books,Credit Card,9,81.27,664.45,1,80.3,985,41,0
4042,2022-11-09,2023-07-22,Male,26.0,Central,Tablet,Clothing,Credit Card,6,86.7,445.33,1,64.3,964,709,1
1712,2024-09-16,2025-04-01,Male,54.0,North,Mobile,Grocery,Debit Card,10,60.52,651.3,1,18.3,287,90,0
183,2023-05-13,2025-04-25,Female,30.0,North,Mobile,Clothing,UPI,8,62.16,464.07,1,88.6,779,66,0
1463,2024-08-25,2025-04-20,Male,23.0,East,Mobile,Electronics,PayPal,6,78.31,404.73,1,10.2,309,71,0
50,2023-04-22,2025-05-31,Male,56.0,Central,Tablet,Beauty,Credit Card,8,66.23,596.26,1,51.5,800,30,0
4929,2022-09-28,2025-05-30,Female,33.0,South,Mobile,Home & Kitchen,UPI,3,72.58,241.5,1,40.6,1006,31,0
4583,2022-07-03,2025-05-16,Female,45.0,East,Desktop,Grocery,UPI,8,58.33,435.76,1,71.4,1093,45,0
107,2023-05-30,2025-06-07,Male,41.0,South,Mobile,Clothing,UPI,6,73.85,479.68,0,30.4,762,23,0
444,2024-10-09,2025-06-23,Male,27.0,North,Tablet,Electronics,Debit Card,9,22.02,217.15,0,96.6,264,7,0
1955,2023-01-30,2025-04-15,Other,25.0,Central,Mobile,Books,PayPal,14,62.77,898.81,1,31.9,882,76,0
4743,2024-09-20,2024-10-29,Male,52.0,North,Desktop,Beauty,Debit Card,7,63.33,427.75,1,64.3,283,244,1
727,2023-08-20,2025-04-17,Male,43.0,East,Mobile,Grocery,Credit Card,5,100.8,447.84,1,51.3,680,74,0
2239,2024-09-16,2025-05-09,Male,34.0,Central,Desktop,Clothing,Credit Card,6,75.91,513.39,0,14.1,287,52,0
2331,2024-02-18,2025-05-01,Male,19.0,North,Mobile,Clothing,PayPal,17,49.57,727.39,0,57.4,498,60,0
4126,2024-02-11,2025-06-26,Female,36.0,North,Tablet,Grocery,PayPal,10,56.73,583.42,0,3.3,505,4,0
170,2022-05-01,2025-06-25,Female,47.0,South,Tablet,Electronics,UPI,8,52.25,476.71,0,90.1,1156,5,0
1002,2024-01-25,2025-04-14,Female,27.0,North,Mobile,Grocery,PayPal,6,30.43,166.88,0,73.6,522,77,0
3253,2022-11-06,2025-06-20,Female,25.0,Central,Mobile,Clothing,Credit Card,7,44.99,353.53,0,49.4,967,10,0
2149,2023-05-13,2025-04-29,Female,62.0,Central,Desktop,Grocery,Debit Card,4,48.29,191.92,0,95.6,779,62,0
198,2023-11-26,2024-11-02,Female,29.0,West,Mobile,Home & Kitchen,Cash on Delivery,5,44.69,195.37,0,48.1,582,240,1
4592,2022-01-01,2025-06-15,Male,59.0,Central,Desktop,Beauty,UPI,9,56.98,566.14,1,26.6,1276,15,0
3794,2024-02-27,2024-09-19,Female,39.0,North,Mobile,Electronics,UPI,7,36.18,245.78,0,77.5,489,284,1
648,2024-07-18,2025-06-21,Female,20.0,Central,Mobile,Grocery,UPI,6,68.24,448.59,1,72.1,347,9,0
3036,2022-03-12,2025-05-23,Male,36.0,East,Mobile,Beauty,Cash on Delivery,5,75.69,373.54,0,92.8,1206,38,0
4141,2024-10-24,2025-05-05,Male,41.0,Central,Mobile,Clothing,UPI,4,58.58,202.54,1,13.5,249,56,0
3734,2023-09-16,2025-06-07,Female,39.0,West,Mobile,Electronics,Debit Card,6,68.12,365.69,0,24.6,653,23,0
2759,2022-06-22,2025-04-16,Female,40.0,North,Tablet,Clothing,Debit Card,4,62.29,212.63,0,81.3,1104,75,0
374,2023-01-01,2024-11-19,Female,21.0,South,Mobile,Electronics,PayPal,10,57.72,650.22,1,22.5,911,223,1
4775,2022-11-12,2024-02-24,Male,47.0,North,Mobile,Electronics,Credit Card,6,13.4,91.35,0,48.6,961,492,1
567,2023-09-30,2024-07-24,Male,44.0,East,Mobile,Sports,PayPal,8,37.52,270.09,0,65.1,639,341,1
3721,2022-06-30,2025-06-02,Male,31.0,East,Desktop,Clothing,UPI,2,29.23,49.77,0,58.5,1096,28,0
2896,2023-11-02,2025-05-01,Female,29.0,North,Desktop,Electronics,Credit Card,7,32.21,225.36,0,92.3,606,60,0
4557,2023-04-15,2025-06-18,Female,50.0,South,Desktop,Electronics,Credit Card,6,33.58,178.18,0,88.7,807,12,0
3486,2024-02-21,2025-04-01,Female,45.0,South,Desktop,Grocery,Credit Card,7,44.18,328.54,0,0.6,495,90,0
1156,2023-08-13,2025-03-12,Female,50.0,South,Mobile,Clothing,PayPal,8,27.58,211.56,1,42.8,687,110,1
4136,2023-12-24,2025-06-22,Male,23.0,South,Mobile,Home & Kitchen,Credit Card,8,30.81,257.17,0,60.3,554,8,0
974,2023-08-28,2025-03-23,Male,40.0,East,Mobile,Sports,Debit Card,8,67.75,545.09,1,59.7,672,99,1
3288,2022-05-18,2025-05-08,Female,63.0,East,Desktop,Beauty,Credit Card,6,27.2,180.84,0,0.2,1139,53,0
3628,2024-07-24,2024-12-23,Female,18.0,South,Mobile,Beauty,Debit Card,8,31.66,251.39,1,80.4,341,189,1
3639,2024-05-22,2024-12-23,Male,29.0,Central,Tablet,Electronics,Debit Card,5,50.72,251.65,1,51.6,404,189,1
1836,2023-06-28,2025-05-22,Female,26.0,South,Mobile,Grocery,Credit Card,6,37.85,213.83,0,45.9,733,39,0
2309,2024-02-26,2025-06-17,Male,42.0,North,Desktop,Clothing,Debit Card,5,71.0,383.74,0,52.7,490,13,0
1841,2024-12-09,2025-04-15,Male,42.0,North,Mobile,Clothing,Credit Card,10,39.16,414.39,1,53.7,203,76,0
4924,2023-03-31,2025-04-22,Female,23.0,East,Mobile,Home & Kitchen,UPI,9,88.36,788.55,0,19.2,822,69,0
2045,2023-06-06,2023-09-23,Female,49.0,Central,Mobile,Grocery,UPI,7,47.45,325.77,0,91.0,755,646,1
4406,2024-01-31,2025-04-29,Female,44.0,North,Desktop,Beauty,Debit Card,7,30.1,187.95,1,62.1,516,62,0
4373,2023-06-24,2025-05-06,Male,24.0,Central,Mobile,Electronics,Debit Card,9,66.63,573.48,0,47.2,737,55,0
4733,2023-10-11,2025-04-28,Female,29.0,South,Mobile,Clothing,Debit Card,6,65.87,382.7,0,0.2,628,63,0
4751,2024-08-17,2025-04-18,Male,38.0,North,Desktop,Electronics,Credit Card,7,125.16,909.61,2,57.8,317,73,0
4719,2022-07-03,2025-04-07,Male,51.0,East,Tablet,Clothing,PayPal,6,41.9,219.14,0,92.7,1093,84,0
845,2024-11-05,2025-05-03,Male,48.0,South,Desktop,Beauty,Cash on Delivery,6,56.08,359.56,0,71.8,237,58,0
4490,2023-06-17,2025-06-12,Female,55.0,Central,Mobile,Electronics,UPI,4,48.8,201.48,0,79.8,744,18,0
2156,2022-07-09,2025-05-18,Male,28.0,North,Mobile,Grocery,Debit Card,6,72.01,386.94,0,1.7,1087,43,0
350,2024-02-23,2025-04-24,Female,64.0,North,Mobile,Grocery,Debit Card,6,23.8,156.65,1,70.0,493,67,0
785,2024-04-23,2025-04-14,Male,33.0,West,Desktop,Clothing,Credit Card,9,75.68,647.32,0,60.9,433,77,0
48,2023-08-16,2025-05-16,Female,18.0,West,Mobile,Clothing,UPI,7,60.64,448.79,0,56.8,684,45,0
3652,2023-12-03,2025-05-16,Male,50.0,Central,Mobile,Beauty,Debit Card,7,42.31,314.82,0,48.4,575,45,0
4499,2023-02-12,2025-04-29,Male,50.0,West,Mobile,Sports,Debit Card,7,78.92,594.49,0,40.3,869,62,0
4019,2023-01-07,2025-06-23,Male,44.0,East,Mobile,Grocery,UPI,9,38.47,303.57,0,30.5,905,7,0
1440,2022-07-07,2025-04-02,Female,48.0,East,Mobile,Electronics,Credit Card,8,65.04,493.79,0,56.8,1089,89,0
1866,2023-10-05,2025-06-25,Female,35.0,Central,Mobile,Home & Kitchen,Debit Card,8,41.57,303.04,0,15.1,634,5,0
3196,2022-03-05,2025-05-08,Female,54.0,South,Mobile,Electronics,PayPal,8,35.64,315.98,0,82.2,1213,53,0
34,2024-01-06,2024-06-17,Female,31.0,West,Tablet,Books,Cash on Delivery,9,37.47,385.23,2,90.9,541,378,1
788,2024-03-31,2025-06-07,Male,51.0,West,Mobile,Electronics,UPI,7,37.21,288.51,0,9.8,456,23,0
4578,2024-12-29,2025-01-05,Male,31.0,Central,Mobile,Clothing,UPI,5,35.0,158.33,1,41.2,183,176,1
2628,2023-07-30,2025-06-20,Female,18.0,East,Mobile,Beauty,Credit Card,8,28.34,202.81,0,70.3,701,10,0
932,2022-01-20,2024-02-26,Female,46.0,West,Mobile,Home & Kitchen,PayPal,6,47.38,288.56,0,60.0,1257,490,1
2405,2023-11-17,2025-06-16,Female,30.0,West,Desktop,Clothing,Credit Card,6,75.12,412.34,0,8.5,591,14,0
1686,2024-11-28,2025-05-08,Female,29.0,West,Mobile,Grocery,Debit Card,4,40.47,139.93,1,60.9,214,53,0
1249,2024-07-30,2024-09-01,Female,25.0,North,Desktop,Sports,Debit Card,11,89.17,1058.74,0,7.8,335,302,1
4856,2024-07-15,2025-01-29,Male,59.0,East,Mobile,Home & Kitchen,PayPal,5,127.72,683.53,0,74.8,350,152,1
93,2022-10-11,2025-04-01,Female,40.0,South,Desktop,Clothing,Cash on Delivery,10,43.47,426.55,0,98.7,993,90,0
2852,2024-11-12,2025-04-13,Male,37.0,South,Mobile,Electronics,PayPal,8,25.91,183.05,1,63.0,230,78,0
2794,2022-03-23,2025-06-14,Male,55.0,East,Mobile,Sports,PayPal,5,25.96,145.66,0,90.2,1195,16,0
765,2022-02-12,2024-01-29,Male,46.0,North,Desktop,Beauty,Debit Card,5,96.15,524.45,0,0.3,1234,518,1
2989,2023-06-17,2024-03-15,Female,53.0,West,Tablet,Electronics,UPI,8,78.44,619.3,0,34.8,744,472,1
2449,2022-03-17,2025-06-19,Male,36.0,North,Mobile,Beauty,Debit Card,6,21.38,135.03,0,80.7,1201,11,0
1729,2023-12-09,2025-03-18,Female,19.0,West,Mobile,Electronics,Cash on Delivery,9,127.1,1220.22,0,89.7,569,104,1
258,2024-05-08,2025-01-14,Female,54.0,West,Mobile,Grocery,UPI,9,28.95,268.98,0,20.1,418,167,1
1220,2023-09-24,2025-06-20,Male,59.0,North,Desktop,Grocery,Cash on Delivery,5,41.96,235.37,2,6.4,645,10,0
1162,2022-11-13,2025-04-08,Male,61.0,South,Mobile,Beauty,Credit Card,7,60.33,428.95,1,31.7,960,83,0
773,2023-01-07,2025-04-09,Male,35.0,South,Mobile,Clothing,UPI,6,79.05,487.68,0,7.4,905,82,0
313,2022-09-25,2023-07-23,Male,31.0,West,Desktop,Home & Kitchen,Credit Card,8,100.57,824.01,0,85.4,1009,708,1
4387,2023-01-25,2025-05-02,Female,46.0,Central,Mobile,Sports,PayPal,8,43.49,304.47,0,94.9,887,59,0
4033,2022-07-24,2025-06-22,Male,55.0,East,Desktop,Beauty,UPI,6,41.34,249.07,1,4.7,1072,8,0
4860,2022-03-12,2023-11-17,Female,35.0,Central,Mobile,Grocery,UPI,9,44.95,353.97,1,67.2,1206,591,1
2998,2022-10-14,2025-05-08,Male,61.0,North,Mobile,Sports,UPI,7,23.07,153.04,1,0.9,990,53,0
4280,2024-03-31,2025-05-22,Male,29.0,West,Desktop,Electronics,Credit Card,11,53.88,609.23,0,70.7,456,39,0
1177,2023-09-25,2025-04-28,Female,47.0,West,Mobile,Home & Kitchen,UPI,7,87.76,570.16,0,48.1,644,63,0
3897,2022-05-20,2025-04-09,Male,30.0,South,Mobile,Clothing,Cash on Delivery,4,61.62,253.54,1,16.0,1137,82,0
1350,2022-04-18,2025-06-09,Male,22.0,North,Desktop,Grocery,Credit Card,5,40.56,201.92,1,79.0,1169,21,0
3776,2024-07-11,2025-06-04,Female,21.0,North,Mobile,Sports,Credit Card,9,57.11,475.56,0,45.4,354,26,0
3117,2022-05-29,2025-05-13,Female,48.0,West,Desktop,Electronics,UPI,9,78.94,756.17,1,56.4,1128,48,0
3517,2024-04-06,2025-03-20,Male,26.0,Central,Tablet,Clothing,Credit Card,3,49.95,163.18,1,84.2,450,102,1
2299,2022-02-02,2025-04-15,Male,42.0,East,Mobile,Beauty,Credit Card,10,39.09,361.7,0,78.5,1244,76,0
2872,2022-11-04,2023-12-28,Female,45.0,South,Mobile,Clothing,Cash on Delivery,15,19.56,301.3,1,27.2,969,550,1
392,2024-01-16,2025-04-11,Male,62.0,West,Desktop,Beauty,Debit Card,8,31.59,251.33,3,26.0,531,80,0
1457,2022-07-22,2024-03-22,Female,55.0,North,Mobile,Home & Kitchen,Debit Card,3,92.03,244.26,1,18.4,1074,465,1
1093,2024-07-14,2025-06-23,Female,31.0,West,Tablet,Beauty,PayPal,7,34.73,245.34,0,31.2,351,7,0
3240,2024-01-30,2024-03-20,Female,43.0,North,Mobile,Books,Credit Card,9,48.02,387.02,1,78.8,517,467,1
2779,2022-01-25,2025-06-09,Male,55.0,West,Tablet,Electronics,Credit Card,6,67.5,361.95,1,3.1,1252,21,0
4463,2024-02-20,2025-06-16,Other,27.0,Central,Tablet,Grocery,UPI,5,32.1,136.82,0,19.5,496,14,0
4442,2023-07-06,2025-05-15,Female,37.0,South,Desktop,Home & Kitchen,UPI,4,28.16,128.11,2,27.0,725,46,0
3657,2024-07-23,2025-06-07,Male,58.0,South,Mobile,Clothing,Debit Card,9,75.71,695.97,1,30.2,342,23,0
2584,2024-06-28,2024-09-30,Male,58.0,Central,Tablet,Home & Kitchen,Debit Card,9,65.95,515.66,0,99.1,367,273,1
3258,2023-04-11,2023-08-26,Male,56.0,East,Desktop,Books,PayPal,11,88.44,1011.29,1,71.4,811,674,1
1373,2024-05-17,2025-05-30,Female,,South,Tablet,Grocery,UPI,5,20.86,117.53,0,95.8,409,31,0
920,2022-12-15,2024-07-04,Male,27.0,South,Mobile,Electronics,UPI,6,50.73,278.3,0,45.4,928,361,1
4308,2023-08-09,2025-05-25,Female,26.0,North,Mobile,Clothing,PayPal,4,73.42,275.47,1,51.1,691,36,0
2551,2023-09-18,2025-05-25,Male,50.0,Central,Mobile,Clothing,UPI,10,51.38,539.2,1,22.9,651,36,0
538,2023-11-23,2025-05-20,Male,52.0,West,Mobile,Electronics,UPI,9,50.41,447.76,0,2.4,585,41,0
1221,2022-04-04,2025-03-25,Female,29.0,South,Mobile,Grocery,Credit Card,8,44.77,388.28,0,46.0,1183,97,1
4272,2022-10-10,2025-06-01,Female,44.0,West,Mobile,Sports,Credit Card,6,71.76,406.22,0,14.6,994,29,0
